<?xml version="1.0" encoding="UTF-8"?>
<feed xmlns="http://www.w3.org/2005/Atom" xmlns:openSearch="http://a9.com/-/spec/opensearch/1.1/" xmlns:batch="http://schemas.google.com/gdata/batch" xmlns:gd="http://schemas.google.com/g/2005" xmlns:gs="http://schemas.google.com/spreadsheets/2006" xmlns:thr="http://purl.org/syndication/thread/1.0" xmlns:sites="http://schemas.google.com/sites/2008" xmlns:dc="http://purl.org/dc/terms" xmlns:gAcl="http://schemas.google.com/acl/2007"><id>https://sites.google.com/feeds/content/site/asherhaimhalevi</id><updated>2021-02-17T08:05:22.758Z</updated><title>Posts of Actualités</title><link rel="alternate" type="text/html" href="https://sites.google.com/feeds/content/site/asherhaimhalevi" /><link rel="http://schemas.google.com/g/2005#feed" type="application/atom+xml" href="https://sites.google.com/feeds/content/site/asherhaimhalevi" /><link rel="http://schemas.google.com/g/2005#post" type="application/atom+xml" href="https://sites.google.com/feeds/content/site/asherhaimhalevi" /><link rel="http://schemas.google.com/g/2005#batch" type="application/atom+xml" href="https://sites.google.com/feeds/content/site/asherhaimhalevi/batch" /><link rel="self" type="application/atom+xml" href="https://sites.google.com/feeds/content/site/asherhaimhalevi?parent=5324802906486248865&amp;kind=announcement" /><generator version="1" uri="http://sites.google.com">Google Sites</generator><openSearch:startIndex>1</openSearch:startIndex><entry gd:etag="&quot;YDopeyY.&quot;"><id>https://sites.google.com/feeds/content/site/asherhaimhalevi/2683633850987098986</id><published>2020-12-15T12:05:39.481Z</published><updated>2020-12-15T12:08:11.028Z</updated><app:edited xmlns:app="http://www.w3.org/2007/app">2020-12-15T12:08:11.028Z</app:edited><category scheme="http://schemas.google.com/g/2005#kind" term="http://schemas.google.com/sites/2008#announcement" label="announcement" /><title>Dates des célébrations ou fêtes 2020-2060 selon la Torah</title><content type="xhtml"><div xmlns="http://www.w3.org/1999/xhtml"><table cellspacing="0" class="sites-layout-name-one-column sites-layout-hbox"><tbody><tr><td class="sites-layout-tile sites-tile-name-content-1"><div dir="ltr"><div><span>Dates des célébrations ou fêtes de 2020 à 2060
selon la </span><span><a dir="ltr" href="https://twitter.com/hashtag/Torah?src=hashtag_click" rel="nofollow">Torah.</a><br /></span></div><div><span><br /></span></div><div><span>Valable </span><span>pour le </span><span><a dir="ltr" href="https://twitter.com/hashtag/Tanakh?src=hashtag_click" rel="nofollow">Tanakh</a></span><span>, la </span><span><a dir="ltr" href="https://twitter.com/hashtag/Bible?src=hashtag_click" rel="nofollow">Bible</a></span><span>, le </span><span><a dir="ltr" href="https://twitter.com/hashtag/Euaggelion?src=hashtag_click" rel="nofollow">Euaggelion</a></span><span><span> </span> et le </span><span><a dir="ltr" href="https://twitter.com/hashtag/Quran?src=hashtag_click" rel="nofollow">Quran</a>.<br /></span></div><div><span><br /></span></div><div>Valable pour le <span><a dir="ltr" href="https://twitter.com/hashtag/Judaisme?src=hashtag_click" rel="nofollow">Judaisme</a></span><span>, le</span><a dir="ltr" href="https://twitter.com/hashtag/Judaisme?src=hashtag_click" rel="nofollow"> </a><span><a dir="ltr" href="https://twitter.com/hashtag/Christianisme?src=hashtag_click" rel="nofollow">Christianisme</a></span><span> et le </span><span> </span><span><a dir="ltr" href="https://twitter.com/hashtag/Islam?src=hashtag_click" rel="nofollow">Islam</a>.<br /></span></div><div><span><br /></span></div><div><span> </span><span><span>Pour les convocations de </span><a dir="ltr" href="https://twitter.com/hashtag/Pessah?src=hashtag_click" rel="nofollow">Pessah</a>,de </span><span><a dir="ltr" href="https://twitter.com/hashtag/Chavouot?src=hashtag_click" rel="nofollow">Chavouot</a></span><span>, de </span><span><a dir="ltr" href="https://twitter.com/hashtag/RochHachana?src=hashtag_click" rel="nofollow">RochHachana</a></span><span>, de </span><span> </span><span><a dir="ltr" href="https://twitter.com/hashtag/Kippour?src=hashtag_click" rel="nofollow">Kippour</a> et </span><span>de </span><span><a dir="ltr" href="https://twitter.com/hashtag/Souccot?src=hashtag_click" rel="nofollow">Souccot.</a><br /></span></div><div><span><br /></span></div><div><span><span>Réalisé avec <a href="https://www.ordisoftware.com/projects/hebrew-calendar/" target="_blank" rel="nofollow">Hebrew Calendar</a> 6.0 </span></span><span><span><span>en </span><span> considérant le </span><span><a dir="ltr" href="https://twitter.com/hashtag/Shabbat?src=hashtag_click" rel="nofollow">Shabbat</a></span><span> </span><span><a dir="ltr" href="https://twitter.com/hashtag/Chabbat?src=hashtag_click" rel="nofollow">Chabbat</a></span><span> de groupe comme étant le samed. </span></span></span></div><div><span><span><br /></span></span></div><div><span>

Version selon les jours-unités du soleil</span></div><div><span><br /></span></div><div><span><div style="display:block;text-align:left"><a href="https://sites.google.com/site/asherhaimhalevi/news/fetes-torah-2020-2060/fr-sun-omer.png?attredirects=0" imageanchor="1"><img border="0" height="224" src="https://sites.google.com/site/asherhaimhalevi/_/rsrc/1608034091021/news/fetes-torah-2020-2060/fr-sun-omer.png" width="400" /></a></div><br /></span></div><div /><div><span><span>Version selon les jours-unités de la lune<br /></span></span></div><div /><div><span><span><br /></span></span></div><div><span><span><div style="display:block;text-align:left"><a href="https://sites.google.com/site/asherhaimhalevi/news/fetes-torah-2020-2060/fr-moon-omer.png?attredirects=0" imageanchor="1"><img border="0" height="224" src="https://sites.google.com/site/asherhaimhalevi/_/rsrc/1608034091021/news/fetes-torah-2020-2060/fr-moon-omer.png" width="400" /></a></div><img alt="" src="javascript:void(0);" /></span></span></div></div></td></tr></tbody></table></div></content><link rel="http://schemas.google.com/sites/2008#parent" type="application/atom+xml" href="https://sites.google.com/feeds/content/site/asherhaimhalevi/5324802906486248865" /><link rel="alternate" type="text/html" href="https://sites.google.com/site/asherhaimhalevi/news/fetes-torah-2020-2060" /><link rel="http://schemas.google.com/sites/2008#revision" type="application/atom+xml" href="https://sites.google.com/feeds/revision/site/asherhaimhalevi/2683633850987098986" /><link rel="self" type="application/atom+xml" href="https://sites.google.com/feeds/content/site/asherhaimhalevi/2683633850987098986" /><link rel="edit" type="application/atom+xml" href="https://sites.google.com/feeds/content/site/asherhaimhalevi/2683633850987098986" /><author><name>Olivier Rogier</name><email>googlewebmaster@ordisoftware.org</email></author><sites:pageName>fetes-torah-2020-2060</sites:pageName><sites:revision>6</sites:revision></entry><entry gd:etag="&quot;XCl7JmA9&quot;"><id>https://sites.google.com/feeds/content/site/asherhaimhalevi/6501377835743863182</id><published>2020-01-09T20:19:10.335Z</published><updated>2020-06-18T08:03:13.333Z</updated><app:edited xmlns:app="http://www.w3.org/2007/app">2020-06-18T08:03:11.699Z</app:edited><category scheme="http://schemas.google.com/g/2005#kind" term="http://schemas.google.com/sites/2008#announcement" label="announcement" /><title>Alignement planétaire du système solaire de la voie lactée au cours de l'hiver 2019-2020 EC</title><content type="xhtml"><div xmlns="http://www.w3.org/1999/xhtml"><table cellspacing="0" class="sites-layout-name-one-column sites-layout-hbox"><tbody><tr><td class="sites-layout-tile sites-tile-name-content-1"><div dir="ltr">Apogée alignement planétaire système solaire hiver 2019-2020 
après mises en place sera entre 10 et 11 janvier lorsque lune entamera 
sa phase pleine descendante et sera derrière la terre à opposé de pluton
 dans axe soleil-mercure-saturne-bord centre voie lactée 120°.<br /><br />Il n'y aurait pas eu un tel alignement des planètes depuis 
plus de 2000 ans et cela ne sera pas réitéré avant des milliers d'années à moins que cela ne soit aussi unique qu'un flocon de neige.<br /><br /><a href="https://twitter.com/ordisoftware/status/1215175182379298817" target="_blank" rel="nofollow">https://twitter.com/ordisoftware/status/1215175182379298817</a><br /><br /><div style="display:block;text-align:left"><img border="0" src="https://sites.google.com/site/asherhaimhalevi/_/rsrc/1578601328821/news/alignementplanetairedusystemesolairedelavoielacteehiver20192020/planetes.png" /></div><div style="display:block;text-align:left"><img border="0" src="https://sites.google.com/site/asherhaimhalevi/_/rsrc/1578601328821/news/alignementplanetairedusystemesolairedelavoielacteehiver20192020/galaxie.png" /></div><div style="display:block;text-align:left"><br /></div><div style="display:block;text-align:left"><a href="https://twitter.com/ordisoftware/status/1215891633578835969" target="_blank" rel="nofollow">https://twitter.com/ordisoftware/status/1215891633578835969</a><br /></div><div style="display:block;text-align:left"><br /></div><div style="display:block;text-align:left"><div style="display:block;text-align:left"><img border="0" src="https://sites.google.com/site/asherhaimhalevi/_/rsrc/1578887122638/news/alignementplanetairedusystemesolairedelavoielacteehiver20192020/Presse-papiers-3.png" /></div></div><div style="display:block;text-align:left"><br /></div><div style="display:block;text-align:left"><i>Galaxie
 Voie Lactée Bras Spiraux Bras Galactiques Système Solaire Soleil Mars 
Venus Lune Terre Mercure Jupiter Saturne Pluton Neptune Uranus Hexagone 
Hexagramme Étoile de David Sceau de Salomon PI Israël Torah Bible 
Messianisme Évolution Conscience Humains ADN</i></div><div style="display:block;text-align:left"><i><br /></i></div><div style="display:block;text-align:left" /><div style="display:block;text-align:left">120° = 360° / 3 = 4 x 30° = 2<sup>3</sup> x 3 x 5 = 2 tiers de PI en radians<br /></div></div></td></tr></tbody></table></div></content><link rel="http://schemas.google.com/sites/2008#parent" type="application/atom+xml" href="https://sites.google.com/feeds/content/site/asherhaimhalevi/5324802906486248865" /><link rel="alternate" type="text/html" href="https://sites.google.com/site/asherhaimhalevi/news/alignementplanetairedusystemesolairedelavoielacteehiver20192020" /><link rel="http://schemas.google.com/sites/2008#revision" type="application/atom+xml" href="https://sites.google.com/feeds/revision/site/asherhaimhalevi/6501377835743863182" /><link rel="self" type="application/atom+xml" href="https://sites.google.com/feeds/content/site/asherhaimhalevi/6501377835743863182" /><link rel="edit" type="application/atom+xml" href="https://sites.google.com/feeds/content/site/asherhaimhalevi/6501377835743863182" /><author><name>Olivier Rogier</name><email>googlewebmaster@ordisoftware.org</email></author><sites:pageName>alignementplanetairedusystemesolairedelavoielacteehiver20192020</sites:pageName><sites:revision>15</sites:revision></entry><entry gd:etag="&quot;YD0peyY.&quot;"><id>https://sites.google.com/feeds/content/site/asherhaimhalevi/6978582969737501055</id><published>2020-02-14T14:53:15.582Z</published><updated>2020-02-14T14:53:15.585Z</updated><app:edited xmlns:app="http://www.w3.org/2007/app">2020-02-14T14:53:15.578Z</app:edited><category scheme="http://schemas.google.com/g/2005#kind" term="http://schemas.google.com/sites/2008#announcement" label="announcement" /><title>Forum questions-réponses</title><content type="xhtml"><div xmlns="http://www.w3.org/1999/xhtml"><table cellspacing="0" class="sites-layout-name-one-column sites-layout-hbox"><tbody><tr><td class="sites-layout-tile sites-tile-name-content-1"><div dir="ltr">Création d'un forum questions-réponses sur les données exposées dans les livres "Le problème religieux", "L'alphabet hébreu" et suivants :<br /><br /><a dir="ltr" href="http://asherhaimhalevi.free-bb.fr" rel="nofollow" target="_blank" title="http://asherhaimhalevi.free-bb.fr"><span>http://</span><span>asherhaimhalevi.free-bb.fr</span></a></div></td></tr></tbody></table></div></content><link rel="http://schemas.google.com/sites/2008#parent" type="application/atom+xml" href="https://sites.google.com/feeds/content/site/asherhaimhalevi/5324802906486248865" /><link rel="alternate" type="text/html" href="https://sites.google.com/site/asherhaimhalevi/news/forumquestions-reponses" /><link rel="http://schemas.google.com/sites/2008#revision" type="application/atom+xml" href="https://sites.google.com/feeds/revision/site/asherhaimhalevi/6978582969737501055" /><link rel="self" type="application/atom+xml" href="https://sites.google.com/feeds/content/site/asherhaimhalevi/6978582969737501055" /><link rel="edit" type="application/atom+xml" href="https://sites.google.com/feeds/content/site/asherhaimhalevi/6978582969737501055" /><author><name>Olivier Rogier</name><email>googlewebmaster@ordisoftware.org</email></author><sites:pageName>forumquestions-reponses</sites:pageName><sites:revision>1</sites:revision></entry><entry gd:etag="&quot;YD0peyY.&quot;"><id>https://sites.google.com/feeds/content/site/asherhaimhalevi/7409597190121066042</id><published>2019-08-21T09:04:00.522Z</published><updated>2019-08-21T09:04:00.526Z</updated><app:edited xmlns:app="http://www.w3.org/2007/app">2019-08-21T09:04:00.518Z</app:edited><category scheme="http://schemas.google.com/g/2005#kind" term="http://schemas.google.com/sites/2008#announcement" label="announcement" /><title>Publication du livret "L'alphabet hébreu"</title><content type="xhtml"><div xmlns="http://www.w3.org/1999/xhtml"><table cellspacing="0" class="sites-layout-name-one-column sites-layout-hbox"><tbody><tr><td class="sites-layout-tile sites-tile-name-content-1"><div dir="ltr"><div dir="ltr"><div><p>La version imprimée de 72 pages au format Royal est disponible chez <a href="http://bit.ly/30lw8SA" rel="nofollow" target="_blank">Lulu.com</a> au prix de 4,70€ HT (vendu sans bénéfice d'auteur).</p><p>Disponible sur <a href="https://books.google.fr/books?id=dSaqDwAAQBAJ&amp;printsec=frontcover" target="_blank">Google Books</a>.</p></div><div><p>La <a href="https://sites.google.com/site/asherhaimhalevi/hebrew-alphabet">version texte</a> est disponible sur ce site.</p></div><div /><div><p>Une version vidéo-audio est disponible sur <a href="https://www.youtube.com/playlist?list=PLSn7yTHwEx-DL6u9qWpRtF1vEAEVxe1Hk">YouTube</a> et <a href="https://vimeo.com/showcase/6207493" rel="nofollow">Vimeo</a>.</p></div><p>Également une <a href="https://sites.google.com/site/asherhaimhalevi/the-religious-problem/audio">version MP3</a> téléchargeable.</p></div></div></td></tr></tbody></table></div></content><link rel="http://schemas.google.com/sites/2008#parent" type="application/atom+xml" href="https://sites.google.com/feeds/content/site/asherhaimhalevi/5324802906486248865" /><link rel="alternate" type="text/html" href="https://sites.google.com/site/asherhaimhalevi/news/publicationdulivretlalphabethebreu" /><link rel="http://schemas.google.com/sites/2008#revision" type="application/atom+xml" href="https://sites.google.com/feeds/revision/site/asherhaimhalevi/7409597190121066042" /><link rel="self" type="application/atom+xml" href="https://sites.google.com/feeds/content/site/asherhaimhalevi/7409597190121066042" /><link rel="edit" type="application/atom+xml" href="https://sites.google.com/feeds/content/site/asherhaimhalevi/7409597190121066042" /><author><name>Olivier Rogier</name><email>googlewebmaster@ordisoftware.org</email></author><sites:pageName>publicationdulivretlalphabethebreu</sites:pageName><sites:revision>1</sites:revision></entry><entry gd:etag="&quot;YD0peyY.&quot;"><id>https://sites.google.com/feeds/content/site/asherhaimhalevi/198490505531747323</id><published>2019-08-17T08:26:01.191Z</published><updated>2019-08-17T08:26:01.194Z</updated><app:edited xmlns:app="http://www.w3.org/2007/app">2019-08-17T08:26:01.187Z</app:edited><category scheme="http://schemas.google.com/g/2005#kind" term="http://schemas.google.com/sites/2008#announcement" label="announcement" /><title>Publication de la version vidéo-audio et MP3 du livre "Le problème religieux"</title><content type="xhtml"><div xmlns="http://www.w3.org/1999/xhtml"><table cellspacing="0" class="sites-layout-name-one-column sites-layout-hbox"><tbody><tr><td class="sites-layout-tile sites-tile-name-content-1"><div dir="ltr"><p>Une version vidéo-audio est disponible sur <a href="https://www.youtube.com/playlist?list=PLSn7yTHwEx-DL6u9qWpRtF1vEAEVxe1Hk">YouTube</a> et <a href="https://vimeo.com/showcase/6207493" rel="nofollow">Vimeo</a>.</p><p>Également une <a href="https://sites.google.com/site/asherhaimhalevi/the-religious-problem/audio">version MP3</a> téléchargeable de 1.27 Go.</p><p> La durée totale des exposés est de 19h17.</p><p> La <a href="https://sites.google.com/site/asherhaimhalevi/the-religious-problem/chapters">version texte</a> contiendra plus de détails avec des <a href="https://sites.google.com/site/asherhaimhalevi/the-religious-problem/chapters/diagrams">tableaux et diagrammes</a>.</p></div></td></tr></tbody></table></div></content><link rel="http://schemas.google.com/sites/2008#parent" type="application/atom+xml" href="https://sites.google.com/feeds/content/site/asherhaimhalevi/5324802906486248865" /><link rel="alternate" type="text/html" href="https://sites.google.com/site/asherhaimhalevi/news/publicationdelaversionvideo-audioetmp3dulivreleproblemereligieux" /><link rel="http://schemas.google.com/sites/2008#revision" type="application/atom+xml" href="https://sites.google.com/feeds/revision/site/asherhaimhalevi/198490505531747323" /><link rel="self" type="application/atom+xml" href="https://sites.google.com/feeds/content/site/asherhaimhalevi/198490505531747323" /><link rel="edit" type="application/atom+xml" href="https://sites.google.com/feeds/content/site/asherhaimhalevi/198490505531747323" /><author><name>Olivier Rogier</name><email>googlewebmaster@ordisoftware.org</email></author><sites:pageName>publicationdelaversionvideo-audioetmp3dulivreleproblemereligieux</sites:pageName><sites:revision>1</sites:revision></entry><entry gd:etag="&quot;YD0peyY.&quot;"><id>https://sites.google.com/feeds/content/site/asherhaimhalevi/5879894547161791308</id><published>2019-08-17T08:22:22.168Z</published><updated>2019-08-17T08:22:22.172Z</updated><app:edited xmlns:app="http://www.w3.org/2007/app">2019-08-17T08:22:22.164Z</app:edited><category scheme="http://schemas.google.com/g/2005#kind" term="http://schemas.google.com/sites/2008#announcement" label="announcement" /><title>Publication de trois logiciels pour l'étude de la Torah</title><content type="xhtml"><div xmlns="http://www.w3.org/1999/xhtml"><table cellspacing="0" class="sites-layout-name-one-column sites-layout-hbox"><tbody><tr><td class="sites-layout-tile sites-tile-name-content-1"><div dir="ltr"><ul><li><a href="http://www.ordisoftware.com/projects/hebrew-calendar/" target="_blank" rel="nofollow">Hebrew Calendar</a> : un outil pour générer un calendrier luni-solaire hébraïque.</li></ul>
<ul><li><a href="http://www.ordisoftware.com/projects/hebrew-letters/" target="_blank" rel="nofollow">Hebrew Letters</a> : un outil pour l'étude lettrique des mots hébreux.</li></ul>
<ul><li><a href="http://www.ordisoftware.com/projects/hebrew-words/" target="_blank" rel="nofollow">Hebrew Words</a> : un outil pour la traduction littérale de la Bible hébraïque.</li></ul></div></td></tr></tbody></table></div></content><link rel="http://schemas.google.com/sites/2008#parent" type="application/atom+xml" href="https://sites.google.com/feeds/content/site/asherhaimhalevi/5324802906486248865" /><link rel="alternate" type="text/html" href="https://sites.google.com/site/asherhaimhalevi/news/publicationdetroislogicielspourletudedelatorah" /><link rel="http://schemas.google.com/sites/2008#revision" type="application/atom+xml" href="https://sites.google.com/feeds/revision/site/asherhaimhalevi/5879894547161791308" /><link rel="self" type="application/atom+xml" href="https://sites.google.com/feeds/content/site/asherhaimhalevi/5879894547161791308" /><link rel="edit" type="application/atom+xml" href="https://sites.google.com/feeds/content/site/asherhaimhalevi/5879894547161791308" /><author><name>Olivier Rogier</name><email>googlewebmaster@ordisoftware.org</email></author><sites:pageName>publicationdetroislogicielspourletudedelatorah</sites:pageName><sites:revision>1</sites:revision></entry><entry gd:etag="&quot;YD0peyY.&quot;"><id>https://sites.google.com/feeds/content/site/asherhaimhalevi/7163514088609101082</id><published>2017-04-27T09:32:30.663Z</published><updated>2017-04-27T09:32:30.667Z</updated><app:edited xmlns:app="http://www.w3.org/2007/app">2017-04-27T09:32:30.658Z</app:edited><category scheme="http://schemas.google.com/g/2005#kind" term="http://schemas.google.com/sites/2008#announcement" label="announcement" /><title>Pourquoi je soutiens le programme politique de Jean-Luc Mélenchon ?</title><content type="xhtml"><div xmlns="http://www.w3.org/1999/xhtml"><table cellspacing="0" class="sites-layout-name-one-column sites-layout-hbox"><tbody><tr><td class="sites-layout-tile sites-tile-name-content-1"><div dir="ltr"><div>Pourquoi je soutiens le programme politique "L'avenir en commun" de Jean-Luc Mélenchon candidat de la France Insoumise ?<br /><br />Pourquoi je signe la pétition pour une mise à jour en version 6 de la Constitution de la République ?<br /><br />Le <a href="http://www.conseil-constitutionnel.fr/conseil-constitutionnel/francais/la-constitution/la-constitution-du-4-octobre-1958/preambule-de-la-constitution-du-27-octobre-1946.5077.html" target="_blank" rel="nofollow">Préambule de la Constitution Française</a> du 27 octobre 1946 qui base la légitimité de son existence sur la Déclaration des droits de 1789 est comme le code source de la constitution elle-même et de toute législation procédurale établie sur le territoire.<br /><br />Son texte stipule notamment comme principes primordiaux applicables à chaque être humain, citoyen comme étranger, au-delà de la liberté des choix de vie et de l'égalité des opportunités d'activité et de la fraternité des interventions d'assistance, que l'administration de l'éducation et de la santé et de l'aide et de la justice au sein d'une Nation "civilisée" désirant intrinsèquement, et selon le sens de ce terme, la paix et la prospérité, doit se faire par des services-publics grâce à des travailleurs ayant le statut de fonctionnaire et dont le salaire sécurisant est pourvu grâce à l'impôt des revenus du commerce ainsi protégé :<br /><br />Article 5. Chacun a le devoir de travailler et le droit d'obtenir un emploi. Nul ne peut être lésé, dans son travail ou son emploi, en raison de ses origines, de ses opinions ou de ses croyances.<br /><br />Article 9. Tout bien, toute entreprise, dont l'exploitation a ou acquiert les caractères d'un service public national ou d'un monopole de fait, doit devenir la propriété de la collectivité.<br /><br />Article 10. La Nation assure à l'individu et à la famille les conditions nécessaires à leur développement.<br /><br />Article 11. Elle garantit à tous, notamment à l'enfant, à la mère et aux vieux travailleurs, la protection de la santé, la sécurité matérielle, le repos et les loisirs. Tout être humain qui, en raison de son âge, de son état physique ou mental, de la situation économique, se trouve dans l'incapacité de travailler a le droit d'obtenir de la collectivité des moyens convenables d'existence.<br /><br />En éducation, en santé, en aide et en justice, le <a href="https://fr.wiktionary.org/wiki/lib%C3%A9ralisme" target="_blank" rel="nofollow">libéralisme </a>est anti-constitutionnel parce qu'il empêche la <a href="https://fr.wiktionary.org/wiki/civilisation" target="_blank" rel="nofollow">civilisation</a>.<br /><br />Tel est en résumé et en vertu du principe démocratique le seul et unique but universel et éternel de toute loi humaine : éduquer des travailleurs heureux de vivre tout en protégeant la santé et les biens légitimes de tout le monde et de chaque individu.<br /><br />Insoumis à la tyrannie, soumis à la correcte loi qui instruit et protège avec bienveillance républicaine et équité.<br /><br /><a href="https://jlm2017.fr" rel="nofollow">Site de campagne de Jean-Luc Mélenchon</a><br /></div><br /><a href="https://www.change.org/p/mesdames-et-messieurs-les-d%C3%A9put%C3%A9s-et-s%C3%A9nateurs-pour-la-6e-r%C3%A9publique-il-suffit-d-une-loi" rel="nofollow">Pétition pour une 6e république</a><br /></div></td></tr></tbody></table></div></content><link rel="http://schemas.google.com/sites/2008#parent" type="application/atom+xml" href="https://sites.google.com/feeds/content/site/asherhaimhalevi/5324802906486248865" /><link rel="alternate" type="text/html" href="https://sites.google.com/site/asherhaimhalevi/news/pourquoijesoutiensleprogrammepolitiquedejean-lucmelenchon" /><link rel="http://schemas.google.com/sites/2008#revision" type="application/atom+xml" href="https://sites.google.com/feeds/revision/site/asherhaimhalevi/7163514088609101082" /><link rel="self" type="application/atom+xml" href="https://sites.google.com/feeds/content/site/asherhaimhalevi/7163514088609101082" /><link rel="edit" type="application/atom+xml" href="https://sites.google.com/feeds/content/site/asherhaimhalevi/7163514088609101082" /><author><name>Olivier Rogier</name><email>googlewebmaster@ordisoftware.org</email></author><sites:pageName>pourquoijesoutiensleprogrammepolitiquedejean-lucmelenchon</sites:pageName><sites:revision>1</sites:revision></entry><entry gd:etag="&quot;YD0peyY.&quot;"><id>https://sites.google.com/feeds/content/site/asherhaimhalevi/882272971568306363</id><published>2015-04-30T15:46:37.673Z</published><updated>2015-04-30T15:46:37.677Z</updated><app:edited xmlns:app="http://www.w3.org/2007/app">2015-04-30T15:46:37.668Z</app:edited><category scheme="http://schemas.google.com/g/2005#kind" term="http://schemas.google.com/sites/2008#announcement" label="announcement" /><title>Mise en ligne</title><content type="xhtml"><div xmlns="http://www.w3.org/1999/xhtml"><table cellspacing="0" class="sites-layout-name-one-column sites-layout-hbox"><tbody><tr><td class="sites-layout-tile sites-tile-name-content-1"><div dir="ltr">Le site <a href="https://sites.google.com/site/asherhaimhalevi/home">sites.google.com/site/asherhaimhalevi</a>
 expose une proposition logique pour un monde meilleur et présente des 
ouvrages sur la doctrine abrahamique selon un point de vue original.</div></td></tr></tbody></table></div></content><link rel="http://schemas.google.com/sites/2008#parent" type="application/atom+xml" href="https://sites.google.com/feeds/content/site/asherhaimhalevi/5324802906486248865" /><link rel="alternate" type="text/html" href="https://sites.google.com/site/asherhaimhalevi/news/miseenligne" /><link rel="http://schemas.google.com/sites/2008#revision" type="application/atom+xml" href="https://sites.google.com/feeds/revision/site/asherhaimhalevi/882272971568306363" /><link rel="self" type="application/atom+xml" href="https://sites.google.com/feeds/content/site/asherhaimhalevi/882272971568306363" /><link rel="edit" type="application/atom+xml" href="https://sites.google.com/feeds/content/site/asherhaimhalevi/882272971568306363" /><author><name>Olivier Rogier</name><email>googlewebmaster@ordisoftware.org</email></author><sites:pageName>miseenligne</sites:pageName><sites:revision>1</sites:revision></entry></feed>
