{"id":1,"date":"2021-03-29T09:53:29","date_gmt":"2021-03-29T07:53:29","guid":{"rendered":"https:\/\/asherhaimhalevi.ordisoftware.com\/?p=1"},"modified":"2022-11-10T11:38:54","modified_gmt":"2022-11-10T10:38:54","slug":"migration-in-progress","status":"publish","type":"post","link":"https:\/\/asherhaimhalevi.ordisoftware.com\/blog\/2021\/03\/migration-in-progress\/","title":{"rendered":"Migration en cours"},"content":{"rendered":"<p style=\"margin-bottom:25px;\">\r\n<p>Le site <span style=\"color: #595959;\"><em>sites.google.com\/site\/asherhaimhalevi<\/em><\/span> est en cours de migration vers cet espace.<\/p>\r\n<\/p>","protected":false},"excerpt":{"rendered":"<p style=\"margin-bottom:25px;\">\n<p>Le site sites.google.com\/site\/asherhaimhalevi est en cours de migration vers cet espace.<\/p><\/p>\n","protected":false},"author":1,"featured_media":0,"comment_status":"closed","ping_status":"closed","sticky":false,"template":"","format":"standard","meta":[],"categories":[1],"tags":[],"jetpack_featured_media_url":"","_links":{"self":[{"href":"https:\/\/asherhaimhalevi.ordisoftware.com\/wp-json\/wp\/v2\/posts\/1"}],"collection":[{"href":"https:\/\/asherhaimhalevi.ordisoftware.com\/wp-json\/wp\/v2\/posts"}],"about":[{"href":"https:\/\/asherhaimhalevi.ordisoftware.com\/wp-json\/wp\/v2\/types\/post"}],"author":[{"embeddable":true,"href":"https:\/\/asherhaimhalevi.ordisoftware.com\/wp-json\/wp\/v2\/users\/1"}],"replies":[{"embeddable":true,"href":"https:\/\/asherhaimhalevi.ordisoftware.com\/wp-json\/wp\/v2\/comments?post=1"}],"version-history":[{"count":0,"href":"https:\/\/asherhaimhalevi.ordisoftware.com\/wp-json\/wp\/v2\/posts\/1\/revisions"}],"wp:attachment":[{"href":"https:\/\/asherhaimhalevi.ordisoftware.com\/wp-json\/wp\/v2\/media?parent=1"}],"wp:term":[{"taxonomy":"category","embeddable":true,"href":"https:\/\/asherhaimhalevi.ordisoftware.com\/wp-json\/wp\/v2\/categories?post=1"},{"taxonomy":"post_tag","embeddable":true,"href":"https:\/\/asherhaimhalevi.ordisoftware.com\/wp-json\/wp\/v2\/tags?post=1"}],"curies":[{"name":"wp","href":"https:\/\/api.w.org\/{rel}","templated":true}]}}