{"id":1038,"date":"2021-04-04T18:25:46","date_gmt":"2021-04-04T16:25:46","guid":{"rendered":"https:\/\/asherhaimhalevi.ordisoftware.com\/?page_id=1038"},"modified":"2021-04-08T16:20:23","modified_gmt":"2021-04-08T14:20:23","slug":"governing-life","status":"publish","type":"page","link":"https:\/\/asherhaimhalevi.ordisoftware.com\/works\/the-religious-problem\/foreword\/governing-life\/","title":{"rendered":"Gouverner la vie"},"content":{"rendered":"<p style=\"margin-bottom:25px;\"><div style=\"margin-top: 15px;\" id=\"toc_container\" class=\"no_bullets\"><ul class=\"toc_list\"><li><a href=\"#Une_breve_histoire_de_Dieu\">Une br\u00e8ve histoire de Dieu<\/a><\/li><li><a href=\"#Lechec_de_ladministration\">L'\u00e9chec de l'administration<\/a><\/li><li><a href=\"#Ni_un_ni_plusieurs_ni_aucun_Createur\">Ni un, ni plusieurs, ni aucun Cr\u00e9ateur<\/a><\/li><li><a href=\"#Le_peuple_du_Shabat\">Le peuple du Shabat<\/a><\/li><li><a href=\"#Les_Cain_et_les_Abel\">Les Ca\u00efn et les Abel<\/a><\/li><\/ul><\/div>\n<h3><span id=\"Une_breve_histoire_de_Dieu\">Une br\u00e8ve histoire de Dieu<\/span><\/h3>\n<p>Dans un premier temps, le monoth\u00e9isme fut instaur\u00e9 sur la base du texte du Tanak (Bible) qui n'a pas \u00e9t\u00e9 compris et qui a \u00e9t\u00e9 falsifi\u00e9 au niveau du sens, de l'interpr\u00e9tation et de la traduction, car l'enseignement discutable, et les indications souvent paradoxales et extravagantes des sages, ont \u00e9t\u00e9 rejet\u00e9s en raison du fait que l'administration consid\u00e8re g\u00e9n\u00e9ralement comme une faiblesse de se soumettre aux r\u00e8gles de sa connaissance et de son pouvoir, alors qu'en r\u00e9alit\u00e9, c'est sa force et sa puissance. Plusieurs mots h\u00e9breux nommant des choses diff\u00e9rentes ont \u00e9t\u00e9 mis dans un panier qui fut intitul\u00e9 \"Dieu\". Il fut invent\u00e9 des histoires imaginaires au sujet de la volont\u00e9 du Cr\u00e9ateur et au sujet des comptes rendus des messagers que sont les proph\u00e8tes et les rois. Puis des \u00e9gr\u00e9gores furent cr\u00e9\u00e9es par les enseignants gr\u00e2ce \u00e0 la mise au point d'un panth\u00e9on d'\u00eatres surnaturels bons et mauvais afin de satisfaire l'insatiable imaginaire des enfants, comme des adultes, et de les dominer par le fantastique, par la s\u00e9duction, par l'envie, par le mensonge, par la peur et par la souffrance. Certains se sont dit qu'ils allaient \u00eatre ce Tout-Puissant, puisqu'ils avaient le pouvoir, et ils se sont mis \u00e0 tricher et \u00e0 tromper le monde\u00a0: l'administration s'est identifi\u00e9 \u00e0 ses anges, \u00e0 ses d\u00e9mons et \u00e0 son dieu qui ne con\u00e7oit plus l'homme et la femme mais qui est con\u00e7u par ceux qui d\u00e9cident de ce qui est appel\u00e9 \"volont\u00e9 divine\". Alors le joker de l'impunit\u00e9 fut distribu\u00e9 \u00e0 ceux qui parfois posent vaniteusement la question \u00e0 ceux qui agonisent\u00a0: \"O\u00f9 est votre Dieu ?\", quand ce n'est pas \"Qui est votre Dieu ?\", pour apr\u00e8s utiliser la sentence finale afin de prouver l'inexistence d'une duplicit\u00e9 \u00e9difi\u00e9e d\u00e8s le d\u00e9but du jeu. La question \"Quoi est votre Dieu\u00a0?\" est alors prohib\u00e9e car elle am\u00e8ne au chemin de la v\u00e9rit\u00e9.<\/p>\n<p>Dans un deuxi\u00e8me temps, le monoth\u00e9isme fut \u00e9tendu \u00e0 l'aide des \u00e9crits kabalistiques que sont les \u00e9vangiles et la r\u00e9v\u00e9lation de Jean. Mais le \"personnage arch\u00e9typal\" du roi<sup><a title=\"\" href=\"#_ftn1\" name=\"_ftnref1\">[1]<\/a><\/sup> J\u00e9sus qui a re\u00e7u le Christ<sup><a title=\"\" href=\"#_ftn2\" name=\"_ftnref2\">[2]<\/a><\/sup> fut port\u00e9 au rang d'idole, transformant ainsi le sens des \u00e9critures en d\u00e9passant de loin la simple v\u00e9n\u00e9ration envers les patriarches. On enseigna aux individus \u00e0 idol\u00e2trer Le Fils Unique de Dieu, au lieu de c\u00e9l\u00e9brer l'unicit\u00e9 des fils de l'onction, ainsi qu'\u00e0 prier l'aide de statues inertes et sans pouvoir, et \u00e0 demander aux morts d'intervenir dans les affaires des vivants. Les anges et les d\u00e9mons furent r\u00e9duits au P\u00e8re et au Satan, avant de renaitre au sein du jardin merveilleux de l'imagination, de la peur et de l'esp\u00e9rance o\u00f9 cohabitent l'enfer de la sorcellerie menant \u00e0 la mort et le paradis immacul\u00e9 produisant l'absence de cr\u00e9ation.<\/p>\n<p>Dans un troisi\u00e8me temps, il fut cr\u00e9\u00e9 un mouvement afin de recentrer le Un chim\u00e9rique, mais certaines ramifications port\u00e8rent son proph\u00e8te au rang de divinit\u00e9 \u00e0 l'aide d'une guerre sainte* qui n'est ni de Dieu ni de la plume du verbe christique ou messianique dont le v\u00e9ritable sens n'est pas celui d'un sauveur mondial ponctuel mais d'un r\u00e9v\u00e9lateur personnel gr\u00e2ce au pouvoir de l'onction qui est le pouvoir de Dieu, et \u00e0 l'aide d'une loi du talion vengeur mise au point et magnifi\u00e9e par des administrateurs puissant jouant \u00e0 \u00eatre le Dieu qui pourtant interdit le meurtre qu'ils maintiennent l\u00e9galis\u00e9 en toute subjectivit\u00e9.<\/p>\n<p><sup><i>* Le v\u00e9ritable Djihad (effort) est la lutte contre l'ignorance et le mal en soi et autour de soi sans jamais nuire \u00e0 qui que ce soit, ce qui serait contraire \u00e0 la volont\u00e9 de Dieu.<\/i><\/sup><\/p>\n<p>\u00c0 l'aube du quatri\u00e8me temps, il fut constat\u00e9 que depuis le dernier d\u00e9luge aucune tentative \u00e0 travers les si\u00e8cles pour solutionner le probl\u00e8me, jusqu'aux r\u00e9volutions f\u00e9roces du 18<sup>\u00e8me<\/sup> et aux guerres sauvages du d\u00e9but du 20<sup>\u00e8me <\/sup>si\u00e8cle qui furent meurtri\u00e8res par millions en l'espace de quelques mois, ne fut efficace, tandis que des groupes disparaissent \u00e9radiqu\u00e9s ou convaincus, et que d'autres naissent et grandissent, pour souvent \u00eatre oubli\u00e9s et parfois renaitre. Alors pour r\u00e9soudre ce probl\u00e8me et r\u00e9pondre aux exigences requises par l'organisation de la technologie, la la\u00efcit\u00e9 (gouvernance par un comit\u00e9 \u0153cum\u00e9nique interreligieux de la\u00efcs) fut brutalement \u00e9tablie afin d'amener de nouveaux espoirs de justice, d'\u00e9galit\u00e9 et de libert\u00e9. Et avec elle fut cr\u00e9\u00e9e une liste invraisemblable de sectes, de religions et de syndicats, car de nombreuses divergences cr\u00e9ent de nombreux partis, et l'affrontement g\u00e9n\u00e9ral, pour savoir qui commande les rues, les individus, les banques, les tribunaux et les forces arm\u00e9es civiles, p\u00e9nales et militaires, est in\u00e9vitable.<\/p>\n<h3><span id=\"Lechec_de_ladministration\"><a name=\"TOC-L-chec-de-l-administration\"><\/a>L'\u00e9chec de l'administration<\/span><\/h3>\n<p>Les protestations et les rivalit\u00e9s entre les diff\u00e9rents groupes et religions n'ont apport\u00e9 aucune v\u00e9ritable r\u00e9ponse concr\u00e8te \u00e0 la question de la civilisation sinon parfois la radicalisation d'une justice sans proc\u00e8s et plus de conflits sanglants.<\/p>\n<p>Au fil des si\u00e8cles, il est racont\u00e9 beaucoup d'\u00e9lucubrations noy\u00e9es de v\u00e9rit\u00e9s et de mensonges au sujet des divers ordres religieux et militaires, tels que les Templiers, les Rose-Croix et les Francs-Ma\u00e7ons, ainsi qu'au sujet de quantit\u00e9 de groupes exot\u00e9riques comme \u00e9sot\u00e9riques, d'inspiration occidentale et orientale ou encore nordiste et sudiste.<\/p>\n<p>Esclavage est le mot d'ordre.<\/p>\n<p>Esclaves ou esclavagistes, qui lutte pour la libert\u00e9\u00a0?<\/p>\n<p>Des esclaves qui ne savent pas qu'ils le sont, le sont-ils\u00a0?<\/p>\n<p>Commandants et ex\u00e9cutants, tous sont enchain\u00e9s, souvent par l'ignorance.<\/p>\n<p>Les peuples humains sont encore et toujours prisonniers. Les dirigeants ne le sont pas moins tandis que la souffrance et la mis\u00e8re sont fi\u00e8rement port\u00e9s comme un \u00e9tendard de victoire \u00e0 travers les estrades et les \u00e9crans du monde, ce qui pi\u00e8ge l'administration qui habituellement et par d\u00e9faillance fait acte de d\u00e9nie\u00a0: les associations r\u00e9clament des dons mais ne r\u00e9pondent pas aux demandes d'aide<sup><a title=\"\" href=\"#_ftn3\" name=\"_ftnref3\">[3]<\/a><\/sup> que refuse de fournir l'administration qui pr\u00e9l\u00e8ve l'imp\u00f4t.<\/p>\n<p>Le but de la vie est de vivre et de savourer la vie sans nuire. Et s'il arrive un accident ou un malheur, la logique est d'arranger les choses, et non de les d\u00e9truire, \u00e0 l'image de la lumi\u00e8re qui parcours l'infini distance de l'univers sans s'arr\u00eater, toujours en se transformant, malgr\u00e9 les collisions.<\/p>\n<p>La mati\u00e8re est un pi\u00e8ge dont seule la mort lib\u00e8re\u00a0; alors c'est par d\u00e9faut fatalement conditionn\u00e9 que les humains croient, de mani\u00e8re aberr\u00e9e, en rien ou en quelques choses avant et apr\u00e8s la mort, ou aux ovnis, et qu'ils se battent pour et contre des opinions. G\u00e9n\u00e9ralement, ceux qui refusent de se battre ne peuvent que s'\u00e9teindre, et ceux qui s'affrontent p\u00e9rissent. Beaucoup souffrent, parfois sans le savoir.<\/p>\n<p>De nos jours, comme depuis toujours, la musique, le th\u00e9\u00e2tre, le cin\u00e9ma, la presse, la t\u00e9l\u00e9vision et internet, qui sont de fabuleux outils de communication, d'enseignement, de travail, de loisirs et de d\u00e9mocratie, peuvent \u00eatre utilis\u00e9s pour le meilleur, mais ils sont \u00e9galement utilis\u00e9s pour le pire\u00a0: la d\u00e9sinformation, l'hypnose<sup><a title=\"\" href=\"#_ftn4\" name=\"_ftnref4\">[4]<\/a><\/sup>, l'influence et le crime.<\/p>\n<p>La cohabitation dissonante donne peu de bons r\u00e9sultats et on ne peut que constater encore et encore le m\u00eame \u00e9chec qui provient d'un point de vue incorrect, car nous avons maintenant une dictature m\u00e9dico-polici\u00e8re capitaliste plus cruelle et plus criminelle que jamais auparavant. Malgr\u00e9 l'union des nations, le probl\u00e8me de la guerre civile n'est pas r\u00e9solu, et il ne fait que s'aggraver avec la mondialisation, car les croyances religieuses et philosophiques, comme morales ou \u00e9thiques et scientifiques, sont les racines des erreurs, des accidents non naturels, des fautes, des crimes et des mobiles. Le nombre des victimes ne fait qu'augmenter g\u00e9n\u00e9rations apr\u00e8s g\u00e9n\u00e9rations, et les forfaits dont la cause est le bug administratif au sujet de la sant\u00e9 et de la justice s'amplifient, car la compr\u00e9hension de la vie, ainsi que le sens du Temps Z\u00e9ro des Pharaons et du Livre pour Sortir au Jour, fut perdu dans les for\u00eats des d\u00e9serts ensabl\u00e9s par le traficotage et dans les montagnes des oc\u00e9ans noy\u00e9es par la pr\u00e9m\u00e9ditation.<\/p>\n<p>Ce probl\u00e8me aussi ancestral que moderne et r\u00e9current de politique administrative perdure et cause d'innombrables guerres absurdes, visibles comme invisibles, entre les diverses factions de plus ou moins grande importance. \u00c0 chaque \u00e2ge humain, une multitude de groupes humains bons et mauvais \u00e9mergent. Peu persistent. Leur but initial, au-del\u00e0 de la convoitise personnelle inh\u00e9rente \u00e0 la nature humaine, est pourtant g\u00e9n\u00e9ralement noble\u00a0: r\u00e9pondre \u00e0 un probl\u00e8me intemporel \u00e0 l'aide d'une solution temporelle.<\/p>\n<p>Mais \u00e7a ne peut pas fonctionner.<\/p>\n<p>C'est la m\u00eame chose avec certains pesticides de synth\u00e8se et avec certains OGM qui sont cens\u00e9s r\u00e9soudre les probl\u00e8mes agricoles et alimentaires, mais qui en cr\u00e9ent de plus graves, notamment des \"allergies\" et des \"perturbations\", ou pire, parce qu'ils ne suivent pas les r\u00e8gles de la nature. C'est la m\u00eame chose avec les emballages et avec leurs encres lorsqu'ils sont toxiques et non biod\u00e9gradables, ainsi qu'avec certaines classes de m\u00e9dicaments de synth\u00e8se qui sont des armes chimiques anti-citoyens, qui au lieu de soigner, d\u00e9truisent la vie jusqu'\u00e0 parfois tuer. C'est la m\u00eame chose avec le monstre invisible de la radioactivit\u00e9, contr\u00f4l\u00e9e comme incontr\u00f4l\u00e9e, qui irradie et ronge la chair pour la tuer, depuis les accidents industriels jusqu'aux examens m\u00e9dicaux.<\/p>\n<p>Administrer les affaires humaines, c'est garantir la stabilit\u00e9 des ph\u00e9nom\u00e8nes al\u00e9atoires souhaitables tout en r\u00e9duisant les mauvaises choses et la souffrance : une administration remplit son contrat lorsque les statistiques d'accident\u00e9s, de malades, de plaignants, d'infractions, de corruptions et d'injustices baissent\u00a0; sinon c'est la d\u00e9faite. Une administration, comme toute organisation, ne survit et ne perdure que si elle respecte les r\u00e8gles et que celles-ci sont correctes. Mais il ne suffit pas d'affirmer que quelque chose est correct, ni de le vouloir, ni de le savoir : il est n\u00e9cessaire que cela soit juste et appliqu\u00e9 pour \u00eatre bon, sinon c'est mauvais\u00a0; ce qui n'emp\u00eache \u00e9videmment pas de faire de mauvaises choses avec des choses correctes, l'assertion inverse \u00e9tant fausse.<\/p>\n<p>Si l'univers perdure, c'est parce que les atomes, les mol\u00e9cules, les \u00e9toiles et les astres respectent les lois et que celles-ci sont correctes et inalt\u00e9rables malgr\u00e9 les accidents intrins\u00e8ques aux r\u00e8gles et malgr\u00e9 la variabilit\u00e9 de certains param\u00e8tres.<\/p>\n<p>Un \u00c9tat la\u00efque sans ligne directrice religieuse<sup><a title=\"\" href=\"#_ftn5\" name=\"_ftnref5\">[5]<\/a><\/sup> commune stable et clairement d\u00e9finie, c'est une administration o\u00f9 tout change tout le temps en fonction des partis en pr\u00e9sence qui jouent aux chaises musicales et o\u00f9 chacun fait et fait croire ce qu'il veut n'importe comment.<\/p>\n<p>Un \u00c9tat religieux juste et bon, m\u00eame la\u00efque, n'impose aucun culte particulier autre que la v\u00e9rit\u00e9 de l'\u00e9ducation, de la m\u00e9decine, de la justice et de l'aide aux citoyens libres de vivre, de penser et d'agir comme ils le veulent tant qu'ils ne nuisent pas volontairement \u00e0 autrui, sachant que faire sans se soucier est du volontariat.<\/p>\n<h3><span id=\"Ni_un_ni_plusieurs_ni_aucun_Createur\"><a name=\"TOC-Ni-un-ni-plusieurs-ni-aucun-Cr-ateur\"><\/a>Ni un, ni plusieurs, ni aucun Cr\u00e9ateur<\/span><\/h3>\n<p>Le bug, l'erreur, car tel est le probl\u00e8me, a son origine dans l'ignorance ou dans l'incompr\u00e9hension d'un concept aussi fondamental et aussi d\u00e9sagr\u00e9able pour la pens\u00e9e humaine que l'id\u00e9e de non localisation et d'incr\u00e9\u00e9\u00a0:<\/p>\n<p style=\"padding-left: 40px;\"><i>La notion de ni un, ni plusieurs, ni aucun<br \/>\nQui \u00e0 la fois existe et \u00e0 la fois se trouve en dehors de la r\u00e9alit\u00e9.<\/i><\/p>\n<p>Les math\u00e9maticiens ont r\u00e9solu une partie du probl\u00e8me \u00e0 partir du 16\u00e8me si\u00e8cle \u00e0 l'aide des nombres complexes qui sont remarquablement li\u00e9es au nombre p<br \/>\net aux vecteurs et qui se d\u00e9finissent comme \u00e9tant une somme entre une chose r\u00e9elle qui existe et une chose imaginaire qui n'existe pas\u00a0: le r\u00e9sultat de cette somme peut \u00eatre un nombre r\u00e9el pur, un nombre imaginaire ou un complexe<sup><a title=\"\" href=\"#_ftn6\" name=\"_ftnref6\">[6]<\/a><\/sup>.<\/p>\n<p>Le polyth\u00e9isme, c'est \u00e9videmment de l'idol\u00e2trie ; car des dieux, c'est des idoles. Le monoth\u00e9isme, c'est \u00e9galement de l'idol\u00e2trie ; car un dieu, c'est une idole. L'ath\u00e9isme, c'est le d\u00e9ni de la r\u00e9alit\u00e9\u00a0; car pas de cr\u00e9ateur, c'est pas de cr\u00e9ation.<\/p>\n<p>Qu'est-ce que Dieu ? Qu'est-ce que le divin\u00a0?<\/p>\n<p>C'est ni un, ni plusieurs, ni aucun\u00a0: c'est ni le tout, ni le d\u00e9nombrable, ni le rien.<\/p>\n<p>Telle est la source du probl\u00e8me au sujet duquel l'auteur n'a pas trouv\u00e9 de mot.<\/p>\n<p>Il n'y a pas <i>une<\/i> force de gravitation, ni <i>plusieurs<\/i>, ni <i>aucune - <\/i>au sens de quantit\u00e9.<\/p>\n<p>Il y a <i>la<\/i> force de gravitation, et les suppos\u00e9s gravitons qui seraient le support particulaire \u00e9v\u00e8nementiel de cette force ph\u00e9nom\u00e9nale. Cette chose, comme le vent et les \u00e9toiles, n'est pas \"une divinit\u00e9\" au sens d\u00e9tourn\u00e9 du terme \"divin\" qui veut dire\"hors du pouvoir humain\". Il n'y a donc pas un dieu, des dieux ou aucun dieu.<\/p>\n<p>Il y a donc <i>le<\/i> Cr\u00e9ateur, et <i>ce<\/i> Cr\u00e9ateur n'est pas d\u00e9nombrable en termes d'instance, m\u00eame consid\u00e9r\u00e9es \u00e0 l'infini, et Il n'est pas r\u00e9ductible au n\u00e9ant, car immanent et ayant toujours \u00e9t\u00e9 pour toujours, ce qui est la d\u00e9finition intrins\u00e8que du grand ensemble des lois de l'univers et de la vie qu'on nomme Dieu ou Allah pour d\u00e9signer Elohim.<\/p>\n<p>Si on parle de \"un Dieu\", de \"des Dieux\" ou de \"aucun Dieu\", alors on parle d'erreurs conceptuelles, d'illusions, de mensonges, ainsi que de formes et d'idoles animales, humaines, mentales, magn\u00e9tiques-ectoplasmiques, ou autres, qui sont fabriqu\u00e9es par le vivant et exclusivement par son activit\u00e9 biochimique corporelle, pens\u00e9e incluse.<\/p>\n<p>Pourtant encore aujourd'hui on vend des telles histoires aux enfants comme aux adultes<sup><a title=\"\" href=\"#_ftn7\" name=\"_ftnref7\">[7]<\/a><\/sup>.<\/p>\n<p>Les forces de l'univers sont immat\u00e9rielles et non localisables\u00a0: elles ne sont pas quelque chose ou quelqu'un quelque part. Et elles n'ont pas \u00e9t\u00e9 cr\u00e9\u00e9es car ce sont ces lois-vecteur qui cr\u00e9ent et ordonnent la mati\u00e8re de mani\u00e8re m\u00e9canique.<\/p>\n<p>La Doctrine de la Torah d\u00e9crit les lois organisatrices de l'univers et de la vie qui existent et qui agissent gr\u00e2ce au \"pouvoir\" de Dieu qui est ces lois m\u00eame. Le Cr\u00e9ateur est l'\u00e9quation de toutes les \u00e9quations de la r\u00e9alit\u00e9 et des imaginaires. C'est l'ensemble des r\u00e9alisations et des potentiels. Voil\u00e0, en quelque sorte, Elohim, ou disons Dieu puisque tel est l'usage commun\u00a0:<\/p>\n<p style=\"padding-left: 40px;\"><i>L'ensemble et la somme de toutes les lois.<\/i><\/p>\n<p>Il est \u00e9crit nulle part qu'un Dieu cr\u00e9a quelque chose. Il est \u00e9crit au premier verset de la Torah, lettre \u00e0 lettre, ce qui peut se lire d\u00e8s le d\u00e9but\u00a0:<\/p>\n<p><i>Be-R\u00e9shit<\/i><\/p>\n<p><i>S<\/i>oit \"Pour D\u00e9but de\" ou \"\u00c0 l'aide du Trac\u00e9 [\u00e0 l'image] (m\u00e9iose)<sup><a title=\"\" href=\"#_ftn8\" name=\"_ftnref8\">[8]<\/a><\/sup>\"<\/p>\n<p>Ou encore plus simplement \"Pour premier [n\u00e9] (don de la Torah [\u00e0 l'\u0153uf qui a \u00e9t\u00e9 f\u00e9cond\u00e9])\".<br \/>\n<img decoding=\"async\" class=\"aligncenter size-full wp-image-1068\" src=\"https:\/\/asherhaimhalevi.ordisoftware.com\/wp-content\/uploads\/2021\/04\/Avant-propos-Bereshit.png\" alt=\"\" width=\"500\" height=\"170\" srcset=\"https:\/\/asherhaimhalevi.ordisoftware.com\/wp-content\/uploads\/2021\/04\/Avant-propos-Bereshit.png 500w, https:\/\/asherhaimhalevi.ordisoftware.com\/wp-content\/uploads\/2021\/04\/Avant-propos-Bereshit-300x102.png 300w, https:\/\/asherhaimhalevi.ordisoftware.com\/wp-content\/uploads\/2021\/04\/Avant-propos-Bereshit-200x68.png 200w, https:\/\/asherhaimhalevi.ordisoftware.com\/wp-content\/uploads\/2021\/04\/Avant-propos-Bereshit-150x51.png 150w, https:\/\/asherhaimhalevi.ordisoftware.com\/wp-content\/uploads\/2021\/04\/Avant-propos-Bereshit-400x136.png 400w\" sizes=\"(max-width: 500px) 100vw, 500px\" \/>Les premi\u00e8res lettres du mot significatif de chaque ligne forment\u00a0:<\/p>\n<p>Resh-Bet Alef-Shin Alef<\/p>\n<p>Soit \"<i>D\u00e9veloppement\/Multiplication [du] Feu\/Flamme<\/i><sup><a title=\"\" href=\"#_ftn9\" name=\"_ftnref9\"><i>[9]<\/i><\/a><\/sup><i> Originel\"<\/i><\/p>\n<p>C'est gr\u00e2ce \u00e0 un ensemble de forces motrices cellulaires que la fusion des gam\u00e8tes cr\u00e9\u00e9 le commencement d'une unit\u00e9 de conscience unique et distincte, ou entit\u00e9 cellulaire anim\u00e9e capable d'exprimer diff\u00e9rentes harmonies mentales\u00a0: c'est un effet devenant cause au sein de sa propre ligne temporelle.<\/p>\n<p>Si on parle \"de\" Dieu, on fait r\u00e9f\u00e9rence \u00e0 l'organisateur du tout au sein du rien. \"L'\u00c9ternel est <i>le<\/i> Dieu de l'\u00eatre humain\" est le sens indiqu\u00e9 par la Torah car Hashem est <i>le<\/i> formateur originel de l'\u00eatre, <i>le<\/i> Elohim de l'\u00eatre. Cette expression exclue toute notion de un seul, de plusieurs et de aucun, tout en sp\u00e9cifiant que la chose d\u00e9sign\u00e9e n'est pas d\u00e9signable. En simplifi\u00e9, l'ADN, le trac\u00e9, est un cristal vibratoire organique<sup><a title=\"\" href=\"#_ftn10\" name=\"_ftnref10\">[10]<\/a><\/sup> qui n'est pas seulement capable de r\u00e9plication mol\u00e9culaire car il fabrique et anime le corps (terre ou structure) et l'esprit (cieux ou fonctions). Au risque de choquer le lecteur, \u00e9noncer en <i>Exode 20.2<\/i> \"Je suis YHVH (\u00c9ternel ou Hashem) ton Elohim (Dieu)<sup><a title=\"\" href=\"#_ftn11\" name=\"_ftnref11\">[11]<\/a><\/sup>\" \u00e9quivaut de mani\u00e8re aussi vrai que myst\u00e9rieuse \u00e0\u00a0: \"Je suis [le principe qui cr\u00e9\u00e9 et anime] ADN ton Ma\u00eetre\".<\/p>\n<p>Il n'y a rien d'autre que toutes ces choses extraordinaires, merveilleuses et remarquables que sont les photons et toutes les particules agenc\u00e9es en atomes, en min\u00e9raux, en astres, en mol\u00e9cules, en g\u00e8nes, en chromosomes, en cellules vivantes, en champs \u00e9lectromagn\u00e9tiques, en codes de programmation, en donn\u00e9es encod\u00e9es, etc. et les lois de ces choses dont la grande cause est quelque a-chose inimaginable que la Torah d\u00e9nomme au pluriel f\u00e9minin (source - g\u00e9n\u00e9rateur) Elohim, et que l'on nomme en fran\u00e7ais, par d\u00e9faut linguistique, au singulier masculin, Dieu ou Cr\u00e9ateur, sans particule de d\u00e9signation, car il est impossible de montrer Dieu et de le d\u00e9nombrer, m\u00eame si le langage humain oblige parfois \u00e0 utiliser des articles selon le contexte.<\/p>\n<h3><span id=\"Le_peuple_du_Shabat\"><a name=\"TOC-Le-peuple-du-Shabat\"><\/a>Le peuple du Shabat<\/span><\/h3>\n<p>Historiquement, dans son acception universelle incorrecte, le Juif - le terme appropri\u00e9 est Isra\u00e9lite ou H\u00e9breu si on veut \u00eatre m\u00e9ticuleux - d\u00e9signe un \u00eatre qui est l'alli\u00e9 de la Doctrine Dieu, la Torah, et qui fait partit d'un peuple spirituel donn\u00e9 et compos\u00e9 de divers groupes, ayant choisi de s'attach\u00e9 \u00e0 la vie, \u00e0 la bont\u00e9 et \u00e0 la justice conquises gr\u00e2ce \u00e0 des lois pr\u00e9cises. Dans ce sens, et selon certaines conditions, est Juif\u00a0: le juif, le chr\u00e9tien ou le musulman.<\/p>\n<p>Ce mot provient du vieux fran\u00e7ais Jehoud, lui-m\u00eame issu du mot h\u00e9breu Yehoudah ou Juda\u00a0: Youd-He-Vav-Dalet-He.<\/p>\n<p>Ce mot est construit depuis YHVH en intercalant devant le dernier H\u00e9 un Dalet, d\u00e9signant ainsi la l'\u00e9tudiant de l'\u00c9ternel.<\/p>\n<p>Le Dalet est la lettre de la royaut\u00e9 et de la pauvret\u00e9 qui sont d\u00e9termin\u00e9es par la lettre du souffle H\u00e9. Cette position indique que ce qui caract\u00e9rise fondamentalement l'esprit du juif, c'est l'action r\u00e9sultant du souffle en phase d'expiration qui est l'effet du dernier H\u00e9 ayant \u00e9t\u00e9 pr\u00e9par\u00e9e lors de l'inspiration qui est la cause du premier H\u00e9.<\/p>\n<p>Il est parfois dit que ce mot proviendrait du verbe Yada' qui signifie connaitre, reconnaitre, savoir, apprendre, percevoir, discerner, consid\u00e9rer, r\u00e9v\u00e9ler\u00a0: Vav-Dalet-'Ayin.<\/p>\n<p>Au sens racial du terme, le mot Juif ne d\u00e9signe ni une race ni des g\u00e8nes sp\u00e9cifiques que nous avons tous plus ou moins et qui peuvent \u00eatre ou ne pas \u00eatre exprim\u00e9s voire int\u00e9gr\u00e9s par brassage g\u00e9n\u00e9tique ou exclus suite \u00e0 l'obsolescence de non utilisation ou alors assembl\u00e9s par l'\u00e9tude et l'entrainement - car les lettres cr\u00e9ent les codes.<\/p>\n<p>Le mot Juif dans son sens Isra\u00e9lite d\u00e9signe un \u00e9tat de conscience, car ce sont le mouvement du souffle et divers m\u00e9canismes nutritionnels de l'\u00e9nergie, \u00e9motionnels de la sensation et intellectuels du savoir, qui activent et d\u00e9sactivent les g\u00e8nes,<br \/>\nau m\u00eame titre, par exemple, que la joie et la tristesse, que le bien-\u00eatre et le stress,<br \/>\net que l'abondance et la restriction.<\/p>\n<p>Cependant donc, au regard de la loi stricte, les juifs sont les descendants g\u00e9n\u00e9tiques, via la procr\u00e9ation, et spirituels, via l'enseignement, de Yehoudah, l'une des douze tribus Isra\u00e9lites qui correspondent aux diff\u00e9rents grands syst\u00e8mes religieux du Livre et qui forment les douze secteurs principaux de l'organisation de l'\u00c9tat id\u00e9al, juste et prosp\u00e8re\u00a0; et cela, de la m\u00eame mani\u00e8re que le lecteur est \u00e0 la fois le descendant de sa lign\u00e9e familiale et de ses \u00e9ducateurs, mais \u00e9galement de ses cong\u00e9n\u00e8res, amis comme ennemis, et donc \u00e0 un certain niveau, de son pays et de ses dirigeants.<\/p>\n<p>Au sens tribal, Yehoudah est associ\u00e9e \u00e0 la couleur azur du pectoral du grand pr\u00eatre, ce qui correspond au c\u0153ur-thymus ; les autres tribus \u00e9tant li\u00e9es aux onze autres grands centres \u00e9nerg\u00e9tiques ou couples (glandes\u00a0; plexus nerveux)<sup><a title=\"\" href=\"#_ftn12\" name=\"_ftnref12\">[12]<\/a><\/sup>.<\/p>\n<p>Selon l'acceptation \u00e9tendue, les Juifs, i.e. les Isra\u00e9lites du peuple H\u00e9breu, sont les Fils, au sens spirituels du terme, de Saturne<sup><a title=\"\" href=\"#_ftn13\" name=\"_ftnref13\">[13]<\/a><\/sup>, c'est-\u00e0-dire les Enfants du Shabat, les Enfants d'Abraham, puisque Saturne, peu importe le nom qu'on lui donne, correspond \u00e0 Abraham qui est le Fils du Shabat. Saturne est la sixi\u00e8me plan\u00e8te et c'est la seule du syst\u00e8me \u00e0 \u00eatre plus l\u00e9g\u00e8re que l'eau<sup><a title=\"\" href=\"#_ftn14\" name=\"_ftnref14\">[14]<\/a><\/sup>\u00a0: c'est une g\u00e9ante gazeuse fluidique qui poss\u00e8de un syst\u00e8me d'anneaux remarquables<sup><a title=\"\" href=\"#_ftn15\" name=\"_ftnref15\">[15]<\/a><\/sup> et sa p\u00e9riode de r\u00e9volution autour du soleil est de 29 ann\u00e9es solaires<sup><a title=\"\" href=\"#_ftn16\" name=\"_ftnref16\">[16]<\/a><\/sup>, soit Kaf-Tet, la force du foyer, c'est-\u00e0-dire le shabat. Le S\u00e9fer Yetsirah associe Saturne avec la bouche et avec le shabat car la force de la parole est dans la force du repos.<\/p>\n<p>Aller de Ramses (Enfant du Soleil) \u00e0 Soukot (<i>Sh\u00e9mot 12.37<\/i>), c'est le trajet de la F\u00eate de P\u00e2que (Pessa'h) \u00e0 la F\u00eate des Tentes (Soukot), ce qui correspond aux r\u00e9volutions de la Lune autour de la Terre au cours de son trajet autour du Soleil de l'\u00e9quinoxe du printemps \u00e0 celui de l'automne, soit exactement six lunes. La pleine lune est le signe qui marque le d\u00e9but et la fin des cycles, c'est le m\u00e9tronome mensuel. Pessa'h est le moment de la pleine lune qui suit l'\u00e9quinoxe de printemps. Ce trajet correspond \u00e0 l'inspiration\u00a0; l'expiration correspond \u00e0 la p\u00e9riode entre les \u00e9quinoxes d'automne et de printemps.<\/p>\n<p>Tout comme la nature ne s'arr\u00eate jamais de respirer, m\u00eame en hiver et en \u00e9t\u00e9, la Torah nous demande de respirer de la m\u00eame mani\u00e8re.<\/p>\n<p style=\"padding-left: 40px;\"><i>Inspirer active les nerfs et les muscles.<br \/>\nExpirer fait tourner l'\u00e9nergie de l'influx nerveux et des fluides corporels.<br \/>\nInterrompre \u00e0 la fois la respiration et le mouvement, c'est suspendre ou \u00f4ter la vie.<\/i><\/p>\n<h3><span id=\"Les_Cain_et_les_Abel\"><a name=\"TOC-Les-Ca-n-et-les-Abel\"><\/a>Les Ca\u00efn et les Abel<\/span><\/h3>\n<p><i>Ber\u00e9shit 4.8<\/i> \"Cependant, Ca\u00efn adressa la parole \u00e0 son fr\u00e8re Abel\u00a0; mais, comme ils \u00e9taient dans les champs, Ca\u00efn se jeta sur son fr\u00e8re Abel, et le tua.\"<br \/>\n<img decoding=\"async\" class=\"aligncenter size-full wp-image-1069\" src=\"https:\/\/asherhaimhalevi.ordisoftware.com\/wp-content\/uploads\/2021\/04\/Avant-propos-Cain-Abel.png\" alt=\"\" width=\"550\" height=\"400\" srcset=\"https:\/\/asherhaimhalevi.ordisoftware.com\/wp-content\/uploads\/2021\/04\/Avant-propos-Cain-Abel.png 550w, https:\/\/asherhaimhalevi.ordisoftware.com\/wp-content\/uploads\/2021\/04\/Avant-propos-Cain-Abel-300x218.png 300w, https:\/\/asherhaimhalevi.ordisoftware.com\/wp-content\/uploads\/2021\/04\/Avant-propos-Cain-Abel-200x145.png 200w, https:\/\/asherhaimhalevi.ordisoftware.com\/wp-content\/uploads\/2021\/04\/Avant-propos-Cain-Abel-150x109.png 150w, https:\/\/asherhaimhalevi.ordisoftware.com\/wp-content\/uploads\/2021\/04\/Avant-propos-Cain-Abel-400x291.png 400w\" sizes=\"(max-width: 550px) 100vw, 550px\" \/>\"Il aura parl\u00e9 Qa\u00efn contre H\u00e9vel, son fr\u00e8re. Il sera arriv\u00e9 parce que vous existerez gr\u00e2ce au \"champ\". Il se sera dress\u00e9 Qa\u00efn contre H\u00e9vel, son fr\u00e8re. Il les aura frapp\u00e9es [les instruments de musique] (dans le but d'assassiner).\"<\/p>\n<p>Qa\u00efn est le premier fils d'Adam et 'Havah\u00a0:<\/p>\n<p style=\"padding-left: 40px;\">Qof est la nuque-mental et la sagesse-discernement ou facult\u00e9 de diff\u00e9rentiation.<\/p>\n<p style=\"padding-left: 80px;\">Le Zohar indique que c'est une lettre n\u00e9faste qui am\u00e8ne la conspiration.<\/p>\n<p style=\"padding-left: 40px;\">Youd est la main que porte Qa\u00efn sur H\u00e9vel.<\/p>\n<p style=\"padding-left: 40px;\">Noun est le pouvoir exerc\u00e9 par Qa\u00efn sur la vie de H\u00e9vel.<\/p>\n<p>H\u00e9vel est le deuxi\u00e8me fils d'Adam et 'Havah\u00a0:<\/p>\n<p style=\"padding-left: 40px;\">H\u00e9 est le souffle de vie et la joie.<\/p>\n<p style=\"padding-left: 40px;\">Bet est la demeure de l'\u00e9nergie.<\/p>\n<p style=\"padding-left: 80px;\">Le Zohar indique que c'est la lettre de la b\u00e9n\u00e9diction et que le monde est cr\u00e9\u00e9 par elle.<\/p>\n<p style=\"padding-left: 40px;\">Lamed est la transmission de l'\u00e9l\u00e9vation du souffle, l'impulsion ou d\u00e9sir.<\/p>\n<p>On peut remarquer que Qa\u00efn est le premier fils et que la conspiration est plac\u00e9e en premi\u00e8re lettre, tandis que H\u00e9vel est le deuxi\u00e8me fils et que la b\u00e9n\u00e9diction est plac\u00e9e en deuxi\u00e8me lettre\u00a0: la b\u00e9n\u00e9diction existe donc \u00e0 cause de l'existence de la conspiration et son but est de l'annuler et de la r\u00e9parer.<\/p>\n<p>Une mise en correspondance lettre \u00e0 lettre indique que la conspiration est \u00e0 causedu souffle dirig\u00e9 vers le d\u00e9sir de convoitise et non de bont\u00e9, et que pour r\u00e9parer la demeure suite \u00e0 la destruction du temple, la b\u00e9n\u00e9diction passe par la main qui soigne et donc le juste pouvoir d\u00e9coule de la transmission de la Loi.<\/p>\n<p>Qa\u00efn est celui qui travaille et laboure le champ, l'espace de culture, et qui fait la guerre avec des lance pour le prot\u00e9ger\u00a0: il est le soldat, le producteur et le commer\u00e7ant qui d\u00e9sire le r\u00e9sultat, le gain et le profit - c'est le musicien, le ma\u00eetre en symboles,le scientifique, l'artisan, l'ing\u00e9nieur, le ma\u00e7on, etc.<\/p>\n<p>H\u00e9vel est celui qui enseigne et oriente le mouvement et la respiration de l'exaltation divine\u00a0: il est le commandant, le guide et le pasteur de l'esprit et de la mati\u00e8re qui d\u00e9sire le b\u00e9n\u00e9fice et le revenu - c'est le conteur, le ma\u00eetre en langages, le philosophe, l'architecte, l'administrateur, le clerc, etc.<\/p>\n<p>Qa\u00efn parle avec fiert\u00e9 pour accuser H\u00e9vel \u00e0 l'aide d'un faux t\u00e9moignage, afin de justifier son acte qu'il pr\u00e9m\u00e9dite, car il ne peut rien reprocher \u00e0 son fr\u00e8re, mais il estime ne pas recevoir la r\u00e9compense qu'il m\u00e9rite pour nourrir ses brebis\u00a0: il consid\u00e8re son fr\u00e8re comme un ennemi et il le rend responsable de la perte d'un b\u00e9n\u00e9fice avant m\u00eame de le recevoir.<\/p>\n<p>Les Qa\u00efn, les ouvriers guerriers propri\u00e9taires, accusent simplement les H\u00e9vel,<br \/>\nles ma\u00eetres du souffle de vie qui instruisent, d'exister et de profiter du champ.<\/p>\n<p>Cependant, Dieu n'a pas port\u00e9 de regard d\u00e9favorable sur l'offrande des fruits de la terre par Qa\u00efn, puisqu'il n'est pas \u00e9crit cela. Il est \u00e9crit qu'Il porta un regard favorable sur le r\u00e9sultat final des moissons qui a nourrit le b\u00e9tail\u00a0: c'est gr\u00e2ce aux r\u00e9coltes du champ que les brebis et les sages clercs subsistent, et c'est parce que les brebis doivent \u00eatre nourries que les cultivateurs et les commer\u00e7ants la\u00efcs veillent sur le champ. Sans le champ, sans la sc\u00e8ne, sans l'estrade, sans l'instrument de musique et sans le chant, pas de brebis. La r\u00e9compense de Qa\u00efn est dans celle de H\u00e9vel, c'est \u00e0 dire dans la joie de le voir r\u00e9ussir et d'en \u00eatre conditionnellement la cause. Mais il ne le voit pas, il est aveugl\u00e9 par l'orgueil (B\u00e9r\u00e9shit 4.4 \u00e0 6).<\/p>\n<p style=\"padding-left: 40px;\"><i>Sans Qa\u00efn, pas de communaut\u00e9, pas de groupe\u00a0: c'est le chaos.<\/i><\/p>\n<p style=\"padding-left: 40px;\"><i>Sans H\u00e9vel, pas de culture, pas de raison\u00a0: c'est la sauvagerie.<\/i><\/p>\n<p style=\"padding-left: 40px;\"><i>L'absence d'organisation, c'est une absence de civilisation et d'humanit\u00e9\u00a0:<br \/>\nc'est une jungle brutale.<\/i><\/p>\n<p style=\"padding-left: 40px;\"><i>Et ce n'est donc pas l'enseignement lui-m\u00eame qu'il faut glorifier, la connaissance,<br \/>\nmais son r\u00e9sultat, les aptitudes et les capacit\u00e9s que cette nourriture procure.<\/i><\/p>\n<p>Chaque \u00eatre humain est plus ou moins et \u00e0 la fois un Qa\u00efn et un H\u00e9vel qui survit gr\u00e2ce \u00e0 la nourriture mat\u00e9rielle et spirituelle.<\/p>\n<p><i>Matthieu et Luc 4.4<\/i> \"J\u00e9sus r\u00e9pondit\u00a0: Il est \u00e9crit (en <i>D\u00e9varim 8.3)<\/i> que l'homme ne vivra pas de pain seulement, mais de toute parole qui sort de la bouche de Dieu.\"<\/p>\n<p>Le but initial de Qa\u00efn est pourtant noble\u00a0: d\u00e9truire les illusions et les mensonges en lapidant les idoles de son fr\u00e8re. Mais il s'\u00e9gare et il lapide son fr\u00e8re jusqu'\u00e0 l'assassiner.<\/p>\n<p>Alors l'enveloppe structurelle des cellules et les cycles fonctionnels des chromosomes sont saccag\u00e9s et an\u00e9antis\u00a0: il brise physiquement la nuque de son fr\u00e8re avec sa main. Son mobile est la supr\u00eame convoitise vaniteuse du pouvoir de vie et de mort.<\/p>\n<p>Pourquoi y a-t-il meurtre\u00a0?<\/p>\n<p>Parce que les humains ne se parlent pas, les uns accusant les autres sans parler aux juges, alors la communication est rompue \u00e0 cause de l'ignorance (<i>Ber\u00e9shit 4.9<\/i>).<\/p>\n<p>Tuer est le proc\u00e9d\u00e9, lent ou rapide, visant \u00e0 d\u00e9truire la vie d'un \u00eatre humain afin qu'il n'existe plus. Briser mat\u00e9riellement le dos, tout comme administrer des substances dangereuses pour le cerveau et pour les organes, rel\u00e8ve d'un meurtre commis au pass\u00e9 dans le futur, par manque de sagesse et de bont\u00e9.<\/p>\n<p>Qa\u00efn d\u00e9sire le champ et le b\u00e9n\u00e9fice final pour lui tout seul, mais il se retrouve sans personne \u00e0 nourrir et sans personne pour le nourrir (<i>Ber\u00e9shit 4.12<\/i>)\u00a0; l\u00e0 est sa mal\u00e9diction qu'il devra r\u00e9parer (<i>Ber\u00e9shit 4.15<\/i>). Le champ c'est l'\u00e9tendue, le firmament du verset <i>Ber\u00e9shit<\/i> <i>1.6<\/i> (le champ de l'interaction \u00e9lectromagn\u00e9tique portant les photons et la membrane cellulaire portant les prot\u00e9ines, nomm\u00e9s ciel). Le champ, c'est le corps, le temple, la terre de Canaan (<i>Ber\u00e9shit 3.23<\/i> et <i>17.8)<\/i>.<\/p>\n<p>Tel est le th\u00e8me des versets cod\u00e9s et cach\u00e9s dans la Torah, obtenus en appliquant la S\u00e9quence de Lettres \u00c9quidistantes (Dilougim) d\u00e9voil\u00e9e il y a un si\u00e8cle par le rabbin Michael Ben Weissmandel. On obtient ainsi un verset par chapitre. Le sujet de ces versets est la Kabalah de Pessa'h, le passage de l'ignorance au savoir, qui est le moyen du but de Dieu qui est la survie et le bonheur.<\/p>\n<hr style=\"margin-bottom: 0px;\" \/>\n<table style=\"width: 100%; text-align: left; margin: 5px auto 5px auto;\" border=\"0\" cellspacing=\"1\" cellpadding=\"1\">\n<tbody align=\"justify\">\n<tr>\n<td style=\"width: 20%;\"><span style=\"font-size: Normal;\"><a href=\"https:\/\/asherhaimhalevi.ordisoftware.com\/works\/the-religious-problem\/foreword\/religion-purpose\/\">Pr\u00e9c\u00e9dent<\/a><\/span><\/td>\n<td style=\"text-align: center;\"><span style=\"font-size: Normal;\"><a href=\"https:\/\/asherhaimhalevi.ordisoftware.com\/works\/the-religious-problem\/foreword\/\">Sections<\/a><\/span><\/td>\n<td style=\"width: 20%;\"><span style=\"font-size: Normal;\"><a href=\"https:\/\/asherhaimhalevi.ordisoftware.com\/works\/the-religious-problem\/foreword\/change-the-world\/\">Suivant<\/a><\/span><\/td>\n<\/tr>\n<\/tbody>\n<\/table>\n<hr style=\"margin-top: 0px;\" \/>\n<p><sup><a title=\"\" href=\"#_ftnref1\" name=\"_ftn1\">[1]<\/a> Un roi (melek) est une cr\u00e9ature agissante et op\u00e9rante, consciemment et volontairement, en tant que cause, au sens de r\u00e9gner sur l'environnement, la mati\u00e8re et la vie, gr\u00e2ce aux observations, aux consid\u00e9rations, aux postulats et aux d\u00e9cisions (voir page 266).<\/sup><\/p>\n<p><sup><a title=\"\" href=\"#_ftnref2\" name=\"_ftn2\">[2]<\/a> Christ est le don de la Torah via l'onction - Cf. Yeshayahu ou Isa\u00efe, Yirmeya ou J\u00e9r\u00e9mie, Ye'hezqel ou \u00c9z\u00e9chiel, Daniyyel ou Daniel et Apokalupsis ou R\u00e9v\u00e9lation (d\u00e9couvrir, lever le voile).<\/sup><\/p>\n<p><sup><a title=\"\" href=\"#_ftnref3\" name=\"_ftn3\">[3]<\/a> L'auteur ne nie pas que parfois certaines personnes soient aid\u00e9es selon l'enti\u00e8re discr\u00e9tion des volontaires et des b\u00e9n\u00e9voles, mais le lecteur peut v\u00e9rifier cette assertion en cherchant le lien \"demande d'aide\" sur les sites web, en \u00e9crivant une demande d'aide, ou en allant chercher directement de l'aide r\u00e9serv\u00e9e \u00e0 l'\u00e9lite\u00a0; peut-\u00eatre aura-t-il plus de chance que l'auteur qui re\u00e7oit chaque mois de grosses enveloppes d'appel au don d'organisations r\u00e9put\u00e9es qui refusent de l'aider et de cesser de lui \u00e9crire. Voir le documentaire \"Dans la jungle de l'industrie caritative\".<\/sup><\/p>\n<p><sup><a title=\"\" href=\"#_ftnref4\" name=\"_ftn4\">[4]<\/a> L'hypnose n'a rien \u00e0 voir avec les trucages et les illusions de cabarets faisant croire aux publics, gr\u00e2ce \u00e0 des complices dont l'existence est ni\u00e9e, que les choses sont diff\u00e9rentes de ce qu'elles sont.<\/sup><br \/>\n<sup><a href=\"https:\/\/fr.wikipedia.org\/wiki\/Hypnose\" target=\"_blank\" rel=\"nofollow noopener\">fr.wikipedia.org\/wiki\/Hypnose<\/a><\/sup><br \/>\n<sup><a href=\"https:\/\/fr.wikipedia.org\/wiki\/Suggestion\" target=\"_blank\" rel=\"nofollow noopener\">fr.wikipedia.org\/wiki\/Suggestion<\/a><\/sup><\/p>\n<p><sup><a title=\"\" href=\"#_ftnref5\" name=\"_ftn5\">[5]<\/a> Le sujet de la religion est de se soucier d'une certaine nature sup\u00e9rieure qu'on appelle divine et de lui rendre un culte i.e. cultiver honneur et affection envers cette chose.<\/sup><\/p>\n<p><sup><a title=\"\" href=\"#_ftnref6\" name=\"_ftn6\">[6]<\/a><\/sup><br \/>\n<sup><a href=\"https:\/\/fr.wikipedia.org\/wiki\/Nombre_complexe\" target=\"_blank\" rel=\"nofollow noopener\">fr.wikipedia.org\/wiki\/Nombre_complexe<\/a><\/sup><br \/>\n<sup><a href=\"https:\/\/fr.wikipedia.org\/wiki\/Pi#Nombres_complexes\" target=\"_blank\" rel=\"nofollow noopener\">fr.wikipedia.org\/wiki\/Pi#Nombres_complexes<\/a><\/sup><\/p>\n<p><sup><a title=\"\" href=\"#_ftnref7\" name=\"_ftn7\">[7]<\/a> De m\u00eame, n'entend-on pas trop souvent dire qu'untel est un dieu, au lieu de dire g\u00e9nial\u00a0?<\/sup><\/p>\n<p><sup><a title=\"\" href=\"#_ftnref8\" name=\"_ftn8\">[8]<\/a> Cf. Gen\u00e8se 1.27 et S\u00e9fer Yetsirah - Voir page 216<\/sup><\/p>\n<p><sup><a title=\"\" href=\"#_ftnref9\" name=\"_ftn9\">[9]<\/a> Alef-Shin (feu) est \u00e0 la fois un masculin (m\u00e2le) et un f\u00e9minin (femelle).<\/sup><\/p>\n<p><sup><a title=\"\" href=\"#_ftnref10\" name=\"_ftn10\">[10]<\/a> \"Electromagnetic Signals Are Produced by Aqueous Nanostructures Derived from Bacterial DNA Sequences\"\u00a0: <a href=\"http:\/\/cat.inist.fr\/?aModele=afficheN&amp;cpsidt=21408419\" target=\"_blank\" rel=\"nofollow noopener\">cat.inist.fr\/?aModele=afficheN&amp;cpsidt=21408419<\/a><\/sup><\/p>\n<p><sup><a title=\"\" href=\"#_ftnref11\" name=\"_ftn11\">[11]<\/a> Afin de simplifier et de ne pas cr\u00e9er dans l'imm\u00e9diat trop de confusion dans l'esprit du lecteur, l'auteur a utilis\u00e9 cette expression en utilisant le pluriel Elohim, mais le mot h\u00e9breu est en r\u00e9alit\u00e9 Eloh\u00e9ka i.e. Eloh\u00e9 additionn\u00e9 d'un Kaf signifiant\u00a0: \"ma (Mosh\u00e9 parle) Eloha (force) [que j'ai transmis gr\u00e2ce \u00e0 la Doctrine que m'a donn\u00e9 Hashem] \u00e0 toi (c'est le don de la Torah)\".<\/sup><\/p>\n<p><sup><a title=\"\" href=\"#_ftnref12\" name=\"_ftn12\">[12]<\/a> Plexus cervical gauche et droite, brachial gauche et droite, cardiaque, solaire, lombaire, sacral gauche et droite, coccygien gauche et droite, et le cerveau.<\/sup><\/p>\n<p><sup><a title=\"\" href=\"#_ftnref13\" name=\"_ftn13\">[13]<\/a> Saturne se dit en h\u00e9breu\u00a0: Shabatai = tb&gt; \"shabat\" + ya \"comme\".<\/sup><\/p>\n<p><sup><a title=\"\" href=\"#_ftnref14\" name=\"_ftn14\">[14]<\/a> Comparer \u00e0 la marche sur l'eau \u00e9voqu\u00e9e dans les \u00e9vangiles.<\/sup><\/p>\n<p><sup><a title=\"\" href=\"#_ftnref15\" name=\"_ftn15\">[15]<\/a> Comparer \u00e0 l'aur\u00e9ole de saintet\u00e9 produite par l'activit\u00e9 magn\u00e9tique du cerveau en m\u00e9ditation.<\/sup><\/p>\n<p><sup><a title=\"\" href=\"#_ftnref16\" name=\"_ftn16\">[16]<\/a> L'\u00eatre humain n'est optimalement capable de commencer \u00e0 marcher sur les eaux de la sagesse qu'\u00e0 partir de cet \u00e2ge-l\u00e0.<\/sup><\/p>\n<\/p>","protected":false},"excerpt":{"rendered":"<p>Avant-propos du livre \"Le probl\u00e8me religieux\" : section \"Gouverner la vie\". <\/p>\n<p><span style=\"color:#333\"> &rarr; <a href=\"https:\/\/asherhaimhalevi.ordisoftware.com\/works\/the-religious-problem\/foreword\/governing-life\/\">Lire la suite<\/a><\/span><\/p>\n","protected":false},"author":1,"featured_media":0,"parent":425,"menu_order":8,"comment_status":"closed","ping_status":"closed","template":"","meta":[],"_links":{"self":[{"href":"https:\/\/asherhaimhalevi.ordisoftware.com\/wp-json\/wp\/v2\/pages\/1038"}],"collection":[{"href":"https:\/\/asherhaimhalevi.ordisoftware.com\/wp-json\/wp\/v2\/pages"}],"about":[{"href":"https:\/\/asherhaimhalevi.ordisoftware.com\/wp-json\/wp\/v2\/types\/page"}],"author":[{"embeddable":true,"href":"https:\/\/asherhaimhalevi.ordisoftware.com\/wp-json\/wp\/v2\/users\/1"}],"replies":[{"embeddable":true,"href":"https:\/\/asherhaimhalevi.ordisoftware.com\/wp-json\/wp\/v2\/comments?post=1038"}],"version-history":[{"count":0,"href":"https:\/\/asherhaimhalevi.ordisoftware.com\/wp-json\/wp\/v2\/pages\/1038\/revisions"}],"up":[{"embeddable":true,"href":"https:\/\/asherhaimhalevi.ordisoftware.com\/wp-json\/wp\/v2\/pages\/425"}],"wp:attachment":[{"href":"https:\/\/asherhaimhalevi.ordisoftware.com\/wp-json\/wp\/v2\/media?parent=1038"}],"curies":[{"name":"wp","href":"https:\/\/api.w.org\/{rel}","templated":true}]}}