{"id":1039,"date":"2021-04-04T18:25:42","date_gmt":"2021-04-04T16:25:42","guid":{"rendered":"https:\/\/asherhaimhalevi.ordisoftware.com\/?page_id=1039"},"modified":"2021-04-09T09:25:33","modified_gmt":"2021-04-09T07:25:33","slug":"change-the-world","status":"publish","type":"page","link":"https:\/\/asherhaimhalevi.ordisoftware.com\/works\/the-religious-problem\/foreword\/change-the-world\/","title":{"rendered":"Changer le monde"},"content":{"rendered":"<p style=\"margin-bottom:25px;\"><div style=\"margin-top: 15px;\" id=\"toc_container\" class=\"no_bullets\"><ul class=\"toc_list\"><li><a href=\"#Les_systemes_sont_des_effets_de_causes\">Les syst\u00e8mes sont des effets de causes<\/a><\/li><li><a href=\"#Les_secrets_sont_des_protections_ou_des_machinations\">Les secrets sont des protections ou des machinations<\/a><\/li><li><a href=\"#Les_groupes_creent_les_politiques\">Les groupes cr\u00e9ent les politiques<\/a><ul><li><a href=\"#Les_deux_modes_elementaires_dadministration\">Les deux modes \u00e9l\u00e9mentaires d'administration<\/a><\/li><li><a href=\"#Lindividu_anarchiste_rejette_lautorite_oppressive\">L'individu anarchiste rejette l'autorit\u00e9 oppressive<\/a><\/li><li><a href=\"#La_theocratie_gere_efficacement_lanarchie\">La th\u00e9ocratie g\u00e8re efficacement l'anarchie<\/a><\/li><\/ul><\/li><li><a href=\"#Les_elus_faconnent_les_Etats_et_les_religions\">Les \u00e9lus fa\u00e7onnent les \u00c9tats et les religions<\/a><\/li><li><a href=\"#Les_fratricides_necessitent_une_resolution_internationale\">Les fratricides n\u00e9cessitent une r\u00e9solution internationale<\/a><ul><li><a href=\"#Enonce_dun_probleme_planetaire_critique\">\u00c9nonc\u00e9 d'un probl\u00e8me plan\u00e9taire critique<\/a><\/li><li><a href=\"#Constat_dune_logique_mondiale_defectueuse\">Constat d'une logique mondiale d\u00e9fectueuse<\/a><\/li><li><a href=\"#Consideration_dune_consequence_dramatique\">Consid\u00e9ration d'une cons\u00e9quence dramatique<\/a><\/li><li><a href=\"#Identification_dune_cause_basique\">Identification d'une cause basique<\/a><\/li><li><a href=\"#Identification_dun_piege_a_tous_les_niveaux\">Identification d'un pi\u00e8ge \u00e0 tous les niveaux<\/a><\/li><li><a href=\"#Proposition_dune_solution_elementaire\">Proposition d'une solution \u00e9l\u00e9mentaire<\/a><\/li><li><a href=\"#Publication_dun_livre_pour_convaincre\">Publication d'un livre pour convaincre<\/a><\/li><\/ul><\/li><\/ul><\/div>\n\n<h3 style=\"margin-top: 0px;\"><span id=\"Les_systemes_sont_des_effets_de_causes\">Les syst\u00e8mes sont des effets de causes<\/span><\/h3>\n<p>La r\u00e9ussite d'un syst\u00e8me, d'une entreprise, d'un produit, d'une \u0153uvre, ou de sa propre vie, ne d\u00e9pend que de trois choses fondamentales et \u00e9ternelles qui conditionnent non pas la puissance mais l'\u00e9tendue de l'impact :<\/p>\n<ul>\n<li>Le but et la motivation : que veulent les autorit\u00e9s ?<\/li>\n<li>La r\u00e8gle et la loi : qu'autorisent-elles ?<\/li>\n<li>La limite et la fronti\u00e8re : quel est le p\u00e9rim\u00e8tre d'action ?<\/li>\n<\/ul>\n<p>Tous les syst\u00e8mes sont des effets de la vie et de l'esprit. Ce sont des sp\u00e9cifications statiques bas\u00e9es sur l'assemblage abstrait de buts, de r\u00e8gles et de limites en fonction des motivations, des lois et des fronti\u00e8res. Leur emploi r\u00e9el ou imaginaire permet la cr\u00e9ation dans l'univers ou dans le mental de jeux et d'activit\u00e9s qui sont anim\u00e9s gr\u00e2ce \u00e0 des \u00e9v\u00e8nements interactifs g\u00e9n\u00e9r\u00e9s en appliquant les r\u00e8gles sur des acteurs inertes et vivants.<\/p>\n<p>Les buts, les moyens, les \u00e9v\u00e8nements et les variations de comportement et d'\u00e9tat des acteurs d\u00e9terminent l'existence, l'\u00e9volution et la survie des syst\u00e8mes, dont l'existence est fix\u00e9e par un cr\u00e9ateur humain ou divin dans le cas du vivre et non par l'absence ou la pr\u00e9sence des acteurs eux-m\u00eames.<\/p>\n<p>Contrairement aux lois de l'univers et de la vie qui sont \u00e9ternellement stables, relativement au p\u00e9rim\u00e8tre et \u00e0 l'\u00e9chelle d'observation, sinon les astres et les atomes tomberaient, l'apparition ou la disparition d'un syst\u00e8me ou d'un acteur, ainsi que la modification des buts et des limites, n'alt\u00e8rent les r\u00e8gles que si celles-ci ont \u00e9t\u00e9 sp\u00e9cifi\u00e9es par des \u00eatres vivants et parce qu'ils les changent. Dans tous les cas, il peut exister des r\u00e8gles dont le r\u00f4le est de mettre \u00e0 jour les r\u00e8gles en fonction des circonstances, des \u00e9v\u00e8nements ou des temporisations.<\/p>\n<p>Le but d'une soci\u00e9t\u00e9 civilis\u00e9e n'est pas le but d'une soci\u00e9t\u00e9 barbare qui recherche le profit et la rentabilit\u00e9 financi\u00e8re : le but de la civilisation est la libert\u00e9, la v\u00e9rit\u00e9, la connaissance, la bont\u00e9, l'honn\u00eatet\u00e9, la justice, l'entre-aide, le bien-\u00eatre, la prosp\u00e9rit\u00e9, la paix et la joie. Dans un monde juste et civilis\u00e9, et peu importe le stade \u00e9volutif, chaque individu est instruit, et qu'il travaille ou pas, il a droit \u00e0 un logement, \u00e0 la sant\u00e9, \u00e0 la justice et \u00e0 un revenu minimum d\u00e9cent lui permettant de manger, de s'habiller, de se d\u00e9placer, de s'instruire et d'avoir des activit\u00e9s personnelles et professionnelles. Sa prime est alors fonction de sa contribution et du risque li\u00e9 au m\u00e9tier qu'il accepte d'exercer. C'est \u00e7a la v\u00e9ritable fraternit\u00e9, la v\u00e9ritable \u00e9galit\u00e9, la v\u00e9ritable administration, et la v\u00e9ritable civilisation, car s'il y a sant\u00e9 et paix alors il y a vie et civilisation, et donc justice, mais s'il y a crime et souffrance alors il y a sauvagerie et mort.<\/p>\n<p>Le plus haut degr\u00e9 de civilisation, ce n'est pas seulement une eau courante saine pour tous, ni des supermarch\u00e9s ouverts jour et nuit, ni un super r\u00e9seau internet, ni toutes les autres choses superficielles et indispensables : c'est avant tout et obligatoirement un logement minimum et convenable gratuit pour tous, des soins m\u00e9dicaux de qualit\u00e9 gratuits pour tous, de la nourriture saine et sans poisons pour tous, de la justice efficace gratuite pour tous, et l'acc\u00e8s aux mat\u00e9riaux \u00e9ducatifs pour tous, enfants comme adultes. Et qui veut un meilleur lieu d'habitation et de la nourriture raffin\u00e9e ou des loisirs co\u00fbteux, ou encore devenir administrateur, il lui suffit de travailler selon ses capacit\u00e9s qu'on ne lui enl\u00e8ve pas, quoi qu'il fasse et qui qu'il soit. Et m\u00eame accus\u00e9 et condamn\u00e9, m\u00eame \u00e9cart\u00e9 \u00e0 vie de la soci\u00e9t\u00e9 en cas de haut-crime volontaire, il est r\u00e9habilit\u00e9. Les prisons modernes comme ancestrales, ce qu'on en fait, ce qu'on en dit, ce qu'on en montre, sont que le reflet du niveau de civilisation.<\/p>\n<p>Si les choses vitales sont payantes, si ces n\u00e9cessit\u00e9s de base sont disponibles selon certains crit\u00e8res subjectif de m\u00e9rite, si l'acc\u00e8s \u00e0 la survie est refusable par les autorit\u00e9s, par les docteurs, par les avocats ou par les organismes humanitaires, si ces choses sont des droits collectivement et arbitrairement accordables ou opposables, m\u00eame si les d\u00e9cisions sont hors-la-loi, alors il y a comp\u00e9tition non pour am\u00e9liorer la soci\u00e9t\u00e9, l'exp\u00e9rience de vie et les \u00e9motions, mais pour survivre, et \u00e7a, c'est le but du monde animal o\u00f9 la libert\u00e9 d'expression n'est qu'un leurre car alors seuls ceux qui ont l'autorisation d'\u00eatre entendus acc\u00e8dent aux sc\u00e8nes ; pour la comp\u00e9tition, y a le sport, les jeux et les palmar\u00e8s.<\/p>\n<p>Emp\u00eacher des gens, m\u00eame criminels, de vivre en bonne sant\u00e9 et de travailler, est meurtrier. C'est pour \u00e7a que si les docteurs et les avocats ont besoin de malades et de probl\u00e8mes pour payer les frais de leur existence, ils n'ont pas le choix que de commettre des m\u00e9faits en fabriquant la souffrance, l'injustice et le d\u00e9sordre : leurs victimes qui g\u00eanent la soci\u00e9t\u00e9 sont alors m\u00e9pris\u00e9es et accus\u00e9es d'\u00eatre ind\u00e9sirables, antisociales et ali\u00e9n\u00e9es ; alors la m\u00e9chancet\u00e9 et le crime remplissent les h\u00f4pitaux et les prisons d'individus tortur\u00e9s.<\/p>\n<p>La vie, la sant\u00e9 et la justice ne sont pas des syst\u00e8mes : ce ne sont pas des jeux ; ce sont des principes, et donc des causes, qu'il vaut mieux essayer de refl\u00e9ter au mieux dans notre soci\u00e9t\u00e9 ; elles d\u00e9terminent les \u00e9tats du corps locomoteur qui existe et agit, de l'\u00e2me sanguine qui ressent et progresse, et de l'esprit nerveux qui pense et planifie. La politique est ce qui s'occupe de cr\u00e9er, de changer et d'arr\u00eater les syst\u00e8mes humains en g\u00e9rant les activit\u00e9s et les \u00e9volutions de l'\u00c9tat, les l\u00e9gislations des secteurs de la soci\u00e9t\u00e9, et les activit\u00e9s \u00e9ducatives et les jeux de loisirs autoris\u00e9s.<\/p>\n<p>Une soci\u00e9t\u00e9 humaine \u00e9quilibr\u00e9e et ses piliers que sont la m\u00e9decine-mis\u00e9ricorde et le tribunal-rigueur sont des syst\u00e8mes qui peuvent \u00eatre bons ou mauvais : tel est le sens et le but du sch\u00e9ma de l'arbre kabalistique<sup><a title=\"\" href=\"#_ftn1\" name=\"_ftnref1\">[1]<\/a><\/sup>.<\/p>\n<p style=\"padding-left: 40px;\"><i>La vie, la sant\u00e9 et la justice sont la cause de la civilisation.<br \/>\nLe vivre, la m\u00e9decine et le tribunal sont l'effet de la civilisation.<br \/>\nLa vie est la plus grande et la plus haute autorit\u00e9 sup\u00e9rieure.<br \/>\nL'esprit de la logique est la cause primordiale de tout syst\u00e8me.<\/i><\/p>\n<h3><span id=\"Les_secrets_sont_des_protections_ou_des_machinations\"><a name=\"TOC-Les-secrets-sont-des-protections-ou-des-machinations\"><\/a>Les secrets sont des protections ou des machinations<\/span><\/h3>\n<p>Le secret signifie beaucoup de choses mais toujours il d\u00e9signe soit des myst\u00e8res de la vie soit des crimes commis contre la vie :<\/p>\n<ul>\n<li>Lorsqu'il est temporaire et de courte dur\u00e9e, c'est une \u00e9nigme \u00e0 r\u00e9soudre.<\/li>\n<\/ul>\n<ul>\n<li>Lorsqu'il concerne la nature et la science, c'est une chose \u00e0 \u00e9tudier.<\/li>\n<\/ul>\n<ul>\n<li>Lorsqu'il vise \u00e0 prot\u00e9ger des donn\u00e9es, c'est une information confidentielle.<\/li>\n<\/ul>\n<ul>\n<li>Parfois il veut dire qu'il y a quelque chose \u00e0 savoir mais qu'on n'est pas pr\u00eat \u00e0 le conna\u00eetre pour le moment et qu'on doit d'abord progresser et apprendre certaines choses pour nous y pr\u00e9parer.<\/li>\n<\/ul>\n<ul>\n<li>Le secret politique et professionnel est diff\u00e9rent de l'ignorance : au-del\u00e0 de l'omission, il est dissimulation, pour prot\u00e9ger ou pour comploter. Except\u00e9 dans le cadre de pratiques sportives l\u00e9gales, il est intrins\u00e8quement li\u00e9 \u00e0 la peur, \u00e0 la guerre et au crime. Son but est que quelqu'un ou quelques-uns le connaisse, tout en restant inconnu \u00e0 un ou plusieurs individus, afin de le ou les contr\u00f4ler. C'est alors un mensonge, un non choix, et en tant que tel, il est juridiquement et au long terme peu souvent acceptable, comme le d\u00e9montre les livres d'histoire.<\/li>\n<\/ul>\n<p>Voici quelques exemples :<\/p>\n<ul>\n<li>On peut tenir une information secr\u00e8te alors qu'elle devrait \u00eatre connue, parce qu'on pense que la dire engendrerait une r\u00e9action non souhait\u00e9e ou des ennuis - on a alors cr\u00e9\u00e9 un secret m\u00eame si on est pas concern\u00e9 et on a d\u00e9cid\u00e9 \u00e0 la place d'autrui ce qui \u00e9tait \u00e0 savoir ou \u00e0 ne pas savoir ;<\/li>\n<\/ul>\n<ul>\n<li>Le secret professionnel et tactique peut parfois \u00eatre l\u00e9gitime, et m\u00eame n\u00e9cessaire, voire vital dans le domaine de la sant\u00e9 personnelle et de la s\u00e9curit\u00e9 du peuple, mais garder un secret sur une donn\u00e9e scientifique et technologique ou sur un produit de consommation, ne l'est pas du tout ;<\/li>\n<\/ul>\n<ul>\n<li>Le secret des OVNIs de l'espace, bien que tr\u00e8s terre \u00e0 terre, concerne<br \/>\ndes croyances, des espoirs et des peurs tellement nombreuses, farfelues et rarement raisonnables, qu'il devient impossible de le d\u00e9mystifier ;<\/li>\n<\/ul>\n<ul>\n<li>Le secret des pr\u00e9dicateurs du futur est aussi simple qu'ill\u00e9gitime et mauvais.<\/li>\n<\/ul>\n<p>Tout secret de ce genre est son propre ennemi : c'est la source m\u00eame du danger et de la peur qui appelle \u00e0 encore plus de secrets et de peurs, y compris les secrets circonstanciellement n\u00e9cessaires de s\u00e9curit\u00e9 nationale et d'\u00c9tat<sup><a title=\"\" href=\"#_ftn2\" name=\"_ftnref2\">[2]<\/a><\/sup>.<\/p>\n<p>La v\u00e9rit\u00e9 ne fait peur que lorsqu'elle est pr\u00e9c\u00e9d\u00e9e de secrets, et elle fait peur \u00e0 cause de ces secrets : ce n'est pas la v\u00e9rit\u00e9 qui fait peur mais les secrets dont la force augmente avec le temps qui les fait devenir des armes incontr\u00f4lables.<\/p>\n<p>Les seules choses qui m\u00e9ritent d'\u00eatre tenues secr\u00e8tes sont celles priv\u00e9es et celles qui peuvent \u00eatre utilis\u00e9es pour nuire, telles que des donn\u00e9es personnelles, des codes d'acc\u00e8s, des locaux, des objets et des produits dangereux ou critiques. Par exemple, il est normal que n'importe qui ne puisse pas avoir l'accr\u00e9ditation \u00e0 manipuler des choses dangereuses, mais il est anormal que les usagers d'un syst\u00e8me, informatis\u00e9 ou non, ne puissent pas v\u00e9rifier qu'on ne vole pas des donn\u00e9es dont l'utilisation est tenue secr\u00e8te.<\/p>\n<h3><span id=\"Les_groupes_creent_les_politiques\"><a name=\"TOC-Les-groupes-cr-ent-les-politiques\"><\/a>Les groupes cr\u00e9ent les politiques<\/span><\/h3>\n<h4><span id=\"Les_deux_modes_elementaires_dadministration\"><a name=\"TOC-Les-deux-modes-l-mentaires-d-administration\"><\/a>Les deux modes \u00e9l\u00e9mentaires d'administration<\/span><\/h4>\n<p>Il n'y a que deux formes de gouvernance au sein des groupes, depuis les duos jusqu'aux nations unis en passant par les familles, les entreprises et les pays :<\/p>\n<p style=\"padding-left: 40px;\"><i>L'esclavage primitif et la communaut\u00e9 \u00e9volu\u00e9e.<\/i><\/p>\n<p>De ces deux formes d\u00e9coulent les diverses variations de contr\u00f4le des choses<br \/>\net des \u00eatres sur une \u00e9chelle gradu\u00e9e dont les extr\u00e9mit\u00e9s sont :<\/p>\n<p style=\"padding-left: 40px;\"><i>L'oligarchie et l'anarchie.<\/i><\/p>\n<p>La plupart des formes anciennes et modernes de direction militaires, religieuses et la\u00efques sont principalement des oligarchies.<\/p>\n<p>Toute organisation est un m\u00e9lange proportionnel de ces deux \u00e9l\u00e9ments, depuis la dictature impos\u00e9e par l'\u00e9lite dirigeante o\u00f9 le chef est le porte-parole jusqu'\u00e0 l'anarchie d'un peuple sans gouvernance o\u00f9 l'artiste propage et imprime l'accord commun. Dans les deux cas, il y a une \u00e9lite qui oriente et instruit, mais c'est au niveau de la prise de d\u00e9cision et de la gestion du pouvoir que la diff\u00e9rence est radicale : l'expression de la politique administrative, de la justice et de la sant\u00e9 sur cette \u00e9chelle d\u00e9pend de cette \u00e9lite selon les lois auxquelles elle se soumet, selon les buts qu'elle adopte et selon les responsabilit\u00e9s qu'elle assume.<\/p>\n<p>Le mot \u00e9lite d\u00e9signe les personnes qui font autorit\u00e9 de par leur comp\u00e9tences particuli\u00e8rement d\u00e9velopp\u00e9es dans un domaine donn\u00e9 : c'est \u00e0 ce niveau que ce trouve le probl\u00e8me humain, car c'est toujours l'\u00e9lite qui oriente la marche des peuples via l'intrins\u00e8que imposition du pouvoir physique, social, financier, \u00e9motionnel et intellectuel. Par exemple, du point de vue des enfants, les parents, les enseignants et les personnes plus fortes constituent l'\u00e9lite.<\/p>\n<p>Il n'y a dans ces choses aucune notion de bien et de mal. L'histoire nous montre que tant les dictatures que les anarchies peuvent \u00eatre bonnes ou mauvaises : parfois les esclaves sont bien trait\u00e9s et parfois pas, parfois les communaut\u00e9s fonctionnent correctement et parfois pas. Le probl\u00e8me \u00e9ternel du bien et du mal est un probl\u00e8me \u00e0 la fois inn\u00e9 et acquis en raison de la transmission structurelle et fonctionnelle de la m\u00e9moire cellulaire, en raison de la difficult\u00e9 \u00e0 \u00e9duquer, et en raison de la propension \u00e0 vouloir faire ce qu'on veut.<\/p>\n<p>La comp\u00e9tence et la bont\u00e9 des enseignants sont primordiales. Par exemple, la politique administrative entre un parent et son enfant, pour \u00eatre saine, varie n\u00e9cessairement de la dictature jusqu'\u00e0 l'anarchie : chaque \u00e9tape est franchie selon l'\u00e2ge, selon le savoir, selon les compr\u00e9hensions et selon les facult\u00e9s. Il en est de m\u00eame pour les peuples au fur et \u00e0 mesure qu'\u00e9voluent les cultures, tandis que les grands cataclysmes naturels ou humains font redescendre l'\u00eatre humain de son niveau de libert\u00e9 totale qu'octroie la civilisation id\u00e9ale vers l'esclavage repr\u00e9sent\u00e9 par le mythe de l'\u00e2ge des cavernes.<\/p>\n<p>L'\u00e9volution g\u00e9n\u00e9rale habituellement observ\u00e9e d'un point de vue d'ensemble pos\u00e9 sur l'histoire des peuples se fera toujours depuis l'esclavage primitif, sauvage et barbare jusqu'\u00e0 la th\u00e9ocratie ordonn\u00e9e, efficace et humaniste, depuis l'oligarchie malveillante jusqu'\u00e0 l'anarchie bienfaisante, puisque passer du mal au bien, du chaos \u00e0 l'ordre, de la confusion \u00e0 la paix, de la souffrance au bien-\u00eatre, est habituellement le but commun aux membres de l'esp\u00e8ce humaine.<\/p>\n<p>Le sujet de ce livre n'\u00e9tant pas l'opinion politique, voici tout de m\u00eame une classification sommaire des r\u00e9gimes politiques qui ne pr\u00e9sume d'aucune bont\u00e9 ou m\u00e9chancet\u00e9 puisqu'on trouve ces choses \u00e0 tous les niveaux, mais qui r\u00e9v\u00e8le l'efficacit\u00e9 au long terme de l'aptitude \u00e0 administrer les groupes mise en parall\u00e8le avec la disponibilit\u00e9 des droits depuis le petit nombre jusqu'\u00e0 tous et pas seulement une certaine quantit\u00e9, car un sans droit, c'est tous qui perdent :<\/p>\n<ul>\n<li><i>Esclavage<\/i> : \u00c9tat peu hi\u00e9rarchis\u00e9 et administr\u00e9 par un petit nombre de propri\u00e9taires amis et ennemis qui d\u00e9tiennent en prison des d'\u00eatres humains qui servent les int\u00e9r\u00eats et les volont\u00e9s de leurs ma\u00eetres ; c'est la guerre perp\u00e9tuelle \u00e0 tous les niveaux de la soci\u00e9t\u00e9 et entre les soci\u00e9t\u00e9s.<\/li>\n<\/ul>\n<ul>\n<li><i>Dictature<\/i> : \u00c9tat administr\u00e9 par un comit\u00e9 restreint de propri\u00e9taires qui prennent les d\u00e9cisions pour tous, y compris pour l'ensemble de l'\u00e9lite qui a peu de contr\u00f4le ; il s'agit d'un esclavage f\u00e9d\u00e9ratif brutal.<\/li>\n<\/ul>\n<ul>\n<li><i>Oligarchie<\/i> : \u00c9tat contr\u00f4l\u00e9 et administr\u00e9 par l'\u00e9lite ; \u00e0 la diff\u00e9rence de la dictature o\u00f9 seule la force physique fait loi, c'est ici l'intelligence, plus que la force, qui est promue ; il s'agit d'un esclavage f\u00e9d\u00e9ratif subtil.<\/li>\n<\/ul>\n<ul>\n<li><i>Monarchie<\/i> : \u00c9tat administr\u00e9 par un seul chef choisit par la majorit\u00e9 de l'\u00e9lite pour une longue p\u00e9riode et selon certains crit\u00e8res arbitraires ; son r\u00f4le est d'arbitrer le contr\u00f4le exerc\u00e9 par l'\u00e9lite et de trancher en cas de d\u00e9saccord ; il peut \u00eatre destitu\u00e9 s'il \u00e9choue, ce qui expose aux risques de guerres de groupes en l'absence d'un nouvel arbitre, ainsi qu'aux guerres civiles en sa pr\u00e9sence\u00a0; il s'agit d'un esclavage militaire centralis\u00e9.<\/li>\n<\/ul>\n<ul>\n<li><i>D\u00e9mocratie<\/i> : \u00c9tat compartiment\u00e9 et administr\u00e9 par des comit\u00e9s d'\u00e9lus charg\u00e9s de g\u00e9rer les affaires \u00e0 l'aide d'une complexification de la hi\u00e9rarchie ; il s'agit d'un esclavage militaire d\u00e9centralis\u00e9.<\/li>\n<\/ul>\n<ul>\n<li><i>R\u00e9publique<\/i> : \u00c9tat administr\u00e9 par un int\u00e9rimaire \u00e9lu pour une courte dur\u00e9e ; c'est une monarchie d\u00e9mocratique r\u00e9serv\u00e9e \u00e0 l'\u00e9lite et son but est de r\u00e9duire les guerres civiles et les risques critiques de conflits de groupes, mais l'\u00e9volution sociale est ralentie et les conflits mineurs s'accumulent sur le long terme ; il s'agit d'un esclavage militaire concili\u00e9.<\/li>\n<\/ul>\n<ul>\n<li><i>Capitalisme<\/i> : \u00c9tat soumis \u00e0 des groupes priv\u00e9s dont le but est la prosp\u00e9rit\u00e9 financi\u00e8re ; le peuple est lui-m\u00eame consid\u00e9r\u00e9 comme un produit et il est conditionn\u00e9 aux actes d'achat et de consommation comme raison de vivre ; il s'agit d'un esclavage militaire technologique mondialiste.<\/li>\n<\/ul>\n<ul>\n<li><i>Communisme<\/i> : \u00c9tat monopole divisant le peuple en deux classes sociales, administrateurs et administr\u00e9s, vivant au sein d'une seule entreprise globale ; il s'agit d'un esclavage militaire bureaucratique mondialiste.<\/li>\n<\/ul>\n<ul>\n<li><i>Anarchie<\/i> : L'\u00c9tat est un concept o\u00f9 les membres en se servant eux-m\u00eames servent intrins\u00e8quement l'\u00c9tat, la justice et la survie ; la seule guerre qui subsiste est celle men\u00e9e par l'instruction \u00e0 l'aide de l'information \u00e9crite et verbale contre l'ignorance, contre l'oppression, contre le mensonge et contre le crime ; il s'agit d'une communaut\u00e9 \u00e9gotique mondialiste.<\/li>\n<\/ul>\n<ul>\n<li><i>Th\u00e9ocratie<\/i> : L'\u00c9tat est une hi\u00e9rarchie soumise aux lois de l'univers et de la vie dans le but d'optimiser efficacement la survie gr\u00e2ce non pas au respect d'une religion, mais des lois universelles et communes \u00e0 toutes les id\u00e9ologies et \u00e0 tous les syst\u00e8mes b\u00e9n\u00e9fiques ; les l\u00e9gislations de l'\u00c9tat sont bas\u00e9es sur ces lois, et chaque membre, simple ou \u00e9lu, y est soumis et ne peut pas s'y soustraire ; il s'agit d'une communaut\u00e9 l\u00e9gislative humaniste r\u00e9sultant de la volont\u00e9 de se soumettre aux lois qui organisent les choses et la marche de ces choses, sans notion de p\u00e9rim\u00e8tre spatial ni de nationalit\u00e9.<\/li>\n<\/ul>\n<h4><span id=\"Lindividu_anarchiste_rejette_lautorite_oppressive\"><a name=\"TOC-L-individu-anarchiste-rejette-l-autorit-oppressive\"><\/a>L'individu anarchiste rejette l'autorit\u00e9 oppressive<\/span><\/h4>\n<p>Tout comme le mot kabalah est dans ce livre employ\u00e9 dans son acceptation originelle de r\u00e9ception de l'instruction et non dans son sens galvaud\u00e9 de conspiration, le mot anarchie l'est ici dans son sens politique noble et non avili de chaos, car l'anarchie est la fin de l'ignorance et de la confusion : c'est le d\u00e9but de la compr\u00e9hension et de la lib\u00e9ration de la condition d'enfant-animal.<\/p>\n<p>Il apparaitra peut-\u00eatre au lecteur que la Torah est une doctrine qui est au-del\u00e0 de l'anarchisme et qui instaure le plus efficace des tribunaux en d\u00e9voilant les plus hautes lois de l'ordonnancement des choses, de la libert\u00e9 et de la survie dans tous les domaines de la vie min\u00e9rale, v\u00e9g\u00e9tale, animale et humaine.<\/p>\n<p><i>Marcel Dieu<\/i> a dit \"L'anarchisme, c'est l'ordre sans le gouvernement ; c'est la paix sans la violence. C'est le contraire pr\u00e9cis\u00e9ment de tout ce qu'on lui reproche, soit par ignorance, soit par mauvaise foi.\"<\/p>\n<p><i>Armand Robin<\/i> a dit \"L'anarchiste est purifi\u00e9 volontairement, par une r\u00e9volution int\u00e9rieure, de toute pens\u00e9e et de tout comportement pouvant d'une fa\u00e7on quelconque impliquer domination sur d'autres consciences.\"<\/p>\n<p>Le premier r\u00e9flexe de la plupart des gens au sortir de l'esclavage primitif est naturel : vouloir faire ce qu'on veut, souvent n'importe comment, et parfois, selon l'id\u00e9ologie \u00e0 laquelle on adh\u00e8re, vouloir \u00eatre libre de tuer pour se d\u00e9fendre de tout et n'importe quoi. Mais \u00e7a ne marche pas, car ce n'est pas l'arme le probl\u00e8me, mais son autorisation et son usage ; et le danger du d\u00e9sordre que voulait r\u00e9soudre sans y arriver la dictature, m\u00eame raffin\u00e9e, r\u00e9apparait rapidement tandis que l'hostilit\u00e9 de l'environnement semble se d\u00e9cupler, rendant n\u00e9cessaire une instruction et une \u00e9thique diff\u00e9rente mais n\u00e9cessaire.<\/p>\n<p>Alors l'\u00eatre sinc\u00e8re et honn\u00eate constate qu'il n'a d'autre solution pour survivre que de proc\u00e9der \u00e0 la recherche de ce qu'il est, et d'investiguer les lois de l'univers et de la vie en examinant ce qu'il a devant lui : un monde physique, des \u00eatres vivants et un pass\u00e9 historique. Alors s'il d\u00e9passe le pouvoir des signes et du conditionnement qui l'entoure, qui l'opprime et qui a imprim\u00e9 sa pens\u00e9e, il discerne quelque chose qui le transcende et qui ne rel\u00e8ve plus de l'action de la main humaine qui fabrique les maisons et les tables, mais qui d\u00e9termine la croissance des \u00eatres et le mouvement des choses. Il comprend alors que s'il peut soumettre le vivant et la mati\u00e8re, ou \u00eatre soumis par autrui et pas les intemp\u00e9ries, il est dans tous les cas et en permanence soumis \u00e0 quelque chose d'invisible et d'immat\u00e9riel qu'il est impossible de soumettre et qui sont les lois \u00e9tudi\u00e9es par les sciences.<\/p>\n<p>Alors le v\u00e9ritable anarchiste, qu'il se nomme ainsi ou autrement, constate le danger de la pens\u00e9e lib\u00e9rale et il comprend que la seule solution au probl\u00e8me humain est d'accorder lui pleinement \u00e0 autrui le droit d'exister tout en refusant que chacun commette des atteintes volontaires \u00e0 l'int\u00e9grit\u00e9 de tous. Il comprend que la r\u00e9primande est aussi n\u00e9cessaire que l'usage de mesures non nuisibles pour stopper les nuisances et pour punir les criminels, mais il rejette toute forme de violence<sup><a title=\"\" href=\"#_ftn3\" name=\"_ftnref3\">[3]<\/a><\/sup> et toute forme d'imposition<sup><a title=\"\" href=\"#_ftn4\" name=\"_ftnref4\">[4]<\/a><\/sup> : il pr\u00e9f\u00e8re \u00eatre tu\u00e9 que tuer, car il sait la valeur de sa conscience et de la vie humaine. Sa notion de justice et d'assistance est tr\u00e8s \u00e9lev\u00e9e. Face \u00e0 un crime, s'il ne peut agir, il s'indignera et parlera, car il sait que sa survie d\u00e9pend de la survie de tous et de chacun. Selon sa connaissance, il r\u00e9alisera que la th\u00e9ocratie o\u00f9 les tribunaux sont soumis \u00e0 la logique et \u00e0 la v\u00e9rit\u00e9 est la meilleure forme de gouvernance : tel est le sens des deux premi\u00e8res des dix lois : \"Je suis YHVH ton Elohim\" et \"Tu n'auras pas d'autres Elohim\" o\u00f9 YHVH sont les lois du vivant et Elohim les lois de l'univers, ainsi que de <i>Ber\u00e9shit 12.1<\/i> \"Vas pour toi (non pour un ma\u00eetre ou une idole)\".<\/p>\n<p>L'anarchie est \u00e0 un haut degr\u00e9 de respect de la vie priv\u00e9e*, \u00e0 l'image des trois singes de la sagesse : \"ne rien voir, ne rien entendre, ne rien dire\" sauf en cas de m\u00e9fait et d'appel \u00e0 l'aide. Mais elle consid\u00e8re qu'il n'y a rien de priv\u00e9 ni de secret dans les affaires de l'\u00c9tat comme des entreprises et des travailleurs. Elle consid\u00e8re \u00e9galement qu'aucun proc\u00e9d\u00e9 de fabrication n'est secret et que le brevet n'est ni une arme de guerre financi\u00e8re ni un moyen de freiner le changement, mais que c'est, en tant que moyen de r\u00e9compense, un moteur de comp\u00e9tition industrielle et d'innovation culturelle source de revenu gr\u00e2ce aux primes calcul\u00e9es en fonction du service rendu, et les codes informatiques sont de fait sous copyright ouvert comme le sont les livres.<\/p>\n<p><sup>* www.un.org\/ga\/search\/view_doc.asp?symbol=A\/C.3\/68\/L.45\/Rev.1&amp;Lang=F<\/sup><br \/>\n<sup>www.senat.fr\/dossier-legislatif\/pjl12-822.html<\/sup><\/p>\n<p>L'anarchie est le rejet des comit\u00e9s de direction administratifs publics gouvern\u00e9s par le secret et orient\u00e9s par des int\u00e9r\u00eats priv\u00e9s, ce qui implique le rejet de toute gouvernance politique hors-la-loi. C'est le rejet de toute forme de gestion ayant \u00e9t\u00e9 identifi\u00e9e comme mauvaise et non souhaitable car agissant contre la survie et contre l'\u00e9volution. Mais une g\u00e9rance est obligatoire : tout groupe n\u00e9cessite un cadre \u00e9ducatif, social, m\u00e9dical, professionnel, l\u00e9gislatif, ex\u00e9cutif, judiciaire, artistique, etc.<\/p>\n<p>L'anarchie est le stade \u00e9volutif d'une organisation qui m\u00e8ne in\u00e9luctablement \u00e0 la th\u00e9ocratie au sens expos\u00e9 dans ce livre, c'est-\u00e0-dire \u00e0 une gouvernance bas\u00e9e sur le respect des lois de la survie et des r\u00e8gles de la communaut\u00e9 : les lois de la survie sont de respecter les lois de l'univers et de la vie lorsqu'elles font survivre ; les lois de la communaut\u00e9 sont sa l\u00e9gislation \u00e9tablie afin d'expliquer les grandes lois au cas par cas et \u00e0 une \u00e9poque donn\u00e9e selon la technologie.<\/p>\n<p>Une organisation anarchique est coordonn\u00e9e par des comit\u00e9s interd\u00e9pendants arbitr\u00e9s par ni un ni plusieurs ni aucun chef selon une rotation ponctuelle des membres permanents qui \u00e9tudient et fixent r\u00e9guli\u00e8rement les limites, les r\u00e8gles, les objectifs et les finances afin de maintenir en harmonie le peuple qui supervise r\u00e9guli\u00e8rement ces comit\u00e9s \u00e0 l'aide des m\u00e9thodes de d\u00e9tection des mensonges et des machinations non comme preuves mais comme outils d'investigation afin de d\u00e9terminer quoi chercher, o\u00f9 et chez qui. Le risque de d\u00e9lit est r\u00e9duit gr\u00e2ce \u00e0 cette r\u00e9tro-g\u00e9rance civique constante, au hasard et de fait impartiale : si un \u00e9lu, un administrateur, un magistrat, un policier, un docteur, un patron, un salari\u00e9 ou un artiste, sait que chaque mois, n'importe quelle \u00e9quipe d'humains al\u00e9atoire, de n'importe quelle lettre grecque ou autre, peut mettre le nez dans ses affaires non sp\u00e9cifi\u00e9es confidentielles, dans ses courriers, dans ses relations et dans ses statistiques, et a le pouvoir de le critiquer voire de proc\u00e9der \u00e0 des enqu\u00eates contradictoires approfondies, le crime perd son attrait, car il est impossible de corrompre et de duper tout le temps tout le monde, que ce soit au sein des mairies et des h\u00f4pitaux, comme des minist\u00e8res et des pr\u00e9fectures, et m\u00eame au sein des tribunaux, des cabinets et des entreprises : employeurs et salari\u00e9s assument alors pleinement leurs postes afin de maintenir une saine prosp\u00e9rit\u00e9 pour tous et non pour l'\u00e9lite seule, chacun r\u00e9tribu\u00e9 \u00e0 sa juste valeur sans disproportion. Il s'agit du mod\u00e8le administratif le plus efficace.<\/p>\n<p>Qu'est-ce qui justifie qu'un employ\u00e9 soit moins ou plus pay\u00e9 qu'un patron, hors frais d'activit\u00e9 du service ?<\/p>\n<p>Le temps travaill\u00e9, le niveau de comp\u00e9tence obtenue par le temps pass\u00e9 aux \u00e9tudes, la complexit\u00e9 de la t\u00e2che, la prime au savoir-faire, la prime au r\u00e9sultat, la prime de responsabilit\u00e9, la prime de p\u00e9nibilit\u00e9, la prime de risque, la prime compensatoire en cas de maladie et d'invalidit\u00e9, et la prime \u00e0 l'inventivit\u00e9.<\/p>\n<p>Quoi d'autre ?<\/p>\n<p>L'allocation pour les enfants et les malades \u00e0 charge.<\/p>\n<p>Ces facteurs, additionn\u00e9s au revenu social minimum de vie de chacun, permettent de calculer \u00e9quitablement le salaire de n'importe quel adulte au sein d'une soci\u00e9t\u00e9 civilis\u00e9 o\u00f9 chacun est assur\u00e9 d'\u00eatre assist\u00e9 en cas d'accident et d'agression, et o\u00f9 les soins m\u00e9dicaux et les services juridiques sont gratuits car les imp\u00f4ts sont identiquement pr\u00e9lev\u00e9s chaque mois sur chaque source de revenus petits et grands, ce qui limite la fraude, les gaspillages et la chute des march\u00e9s boursiers devenus aussi obsol\u00e8tes que les contrats d'assurance de base (maladie, voiture, vie) et le probl\u00e8me des retraites.<\/p>\n<p>Anarchisme, peu importe le mot, est employ\u00e9 par l'auteur \u00e0 fin de d\u00e9monstration parce qu'il n'en a pas trouv\u00e9 de meilleur et que ce n'est que gr\u00e2ce \u00e0 cette \u00e9tape que l'\u00c9tat d'un peuple arrive au plus haut degr\u00e9 de civilisation o\u00f9 a lieu le plus grand bien pour tout le monde, et pas seulement pour le petit ou pour le grand nombre : chacun sait que l'infraction aux dix lois fondamentales, les blessures, les substances toxiques et les souffrances inflig\u00e9es volontairement, m\u00eame \u00e0 un seul, est une chose injuste et criminelle qui \u0153uvre contre la survie du groupe.<\/p>\n<h4><span id=\"La_theocratie_gere_efficacement_lanarchie\"><a name=\"TOC-La-th-ocratie-g-re-efficacement-l-anarchie\"><\/a>La th\u00e9ocratie g\u00e8re efficacement l'anarchie<\/span><\/h4>\n<p>Le mot th\u00e9ocratie, qui provient de Th\u00e9os et Cratie, signifie \"Pouvoir du Divin\", et plus pr\u00e9cis\u00e9ment : \"Pouvoir d\u00e9l\u00e9gu\u00e9 aux lois qui organisent l'univers et le vivant\", ce qui implique la connaissance et la consid\u00e9ration b\u00e9n\u00e9fique de la vie.<\/p>\n<p>En effet, Th\u00e9os \u00e9tant la Loi, la th\u00e9ocratie est le r\u00e8gne de la Loi, c\u2019est-\u00e0-dire de la l\u00e9gislation en vigueur, quel que soit sa forme et son contenu, pourrait-on dire. C'est le r\u00e8gne de la communication et de la confrontation lorsque les gens \"d'en haut\" s'abaissent tandis que les gens \"d'en bas\" s'\u00e9l\u00e8vent, pour se rencontrer au milieu afin de respecter les lois du groupe. Ce stade est atteint lorsqu'une g\u00e9rance r\u00e9tro-supervis\u00e9e et arbitr\u00e9e sans chef particulier a \u00e9t\u00e9 \u00e9tablie au sein de l'esp\u00e8ce enti\u00e8re. C'est une chose rare qui n\u00e9cessite beaucoup de science, de technologie et de justice, car comme toute chose, cela ne dure qu'un temps tr\u00e8s court \u00e0 l'\u00e9chelle des cycles astronomiques avant qu'un d\u00e9luge ram\u00e8ne l'esp\u00e8ce en arri\u00e8re, et peu importe ce qu'on sauve, on perd beaucoup.<\/p>\n<p>En th\u00e9ocratie, on r\u00e9duit la nuisance et on augmente le bien-\u00eatre de tout le monde, au cas par cas, et en particulier des victimes comme des criminels, car on applique les bonnes lois avec compassion, sans piti\u00e9, afin de ne pas nuire. Il n'y a pas de guerre malgr\u00e9 les divergences : on enseigne beaucoup comment sont les choses et les \u00eatres, on discute beaucoup des questions et des probl\u00e8mes, et on agit beaucoup pour y r\u00e9pondre et les r\u00e9soudre, car on sait que ces choses proviennent de l'ignorance et des transgressions. Les gens occupent des postes de travail pour lesquels ils sont form\u00e9s pas seulement parce qu'ils le m\u00e9ritent ou qu'ils l'ont obtenu via une victoire ou une relation, mais parce qu'ils sont comp\u00e9tents et indispensables. On travaille parce que c'est utile en plus d'\u00eatre agr\u00e9able ; celui qui aime le sang est boucher, celui qui aime la justice est juge, celui qui aime donner des ordres est architecte, celui qui ne veut pas en recevoir est enseignant, celui qui aime mentir joue au poker, etc. Encore plus qu'en anarchie, l'honn\u00eatet\u00e9 et la justice envers autrui, ainsi que la libert\u00e9 et la propri\u00e9t\u00e9 d'autrui, sont autant choy\u00e9es que si autrui \u00e9tait nous, et la r\u00e9primande remplace le m\u00e9pris. Gr\u00e2ce \u00e0 \u00e9ducation, on se comporte tous les uns envers les autres \u00e0 la fois comme des enfants et comme des parents attentionn\u00e9s de bonne volont\u00e9, et non pas comme de terribles monstres capricieux et intransigeants. Il n'y a aucun secret au sujet de quoi que ce soit et en particulier au sujet de la vie et de l'\u00c9tat, car il a \u00e9t\u00e9 compris que le savoir est une n\u00e9cessit\u00e9 vitale pour chacun et pour tous, et que le secret est la premi\u00e8re des choses qui mettent en danger. Seul persiste le myst\u00e8re relevant de l'ignorance qui est r\u00e9duite au fur et \u00e0 mesure que les nouveaux n\u00e9s avancent en \u00e2ge, et bien que chacun ne puisse pas tout savoir et tout faire ni s'int\u00e9resser \u00e0 tout, au sein d'une soci\u00e9t\u00e9 \u00e9volu\u00e9e et civilis\u00e9e, chaque adulte sait tout ce que savent les autres au sujet de l'administration et de leur existence. L'\u00eatre humain \u00e9duqu\u00e9 et form\u00e9 \u0153uvre non pas exclusivement pour le profit et la promotion sociale, mais pour le bien-\u00eatre et pour le respect des bonnes lois ; il consid\u00e8re avec la m\u00eame affinit\u00e9 ceux qui exercent toutes sortes de responsabilit\u00e9s, depuis les balayeurs jusqu'aux organisateurs de quoi que ce soit de s\u00e9rieux ou de ludique. Et l'artiste comme l'\u00e9diteur ne produisent pas de \u0153uvres pour manipuler, pour ridiculiser, pour opprimer, pour asservir, pour an\u00e9antir et pour profaner, mais pour instruire, pour critiquer, pour motiver, pour lib\u00e9rer, pour sauver et pour c\u00e9l\u00e9brer, m\u00eame si le th\u00e8me est difficile.<\/p>\n<p>Gr\u00e2ce \u00e0 l'instruction, l'id\u00e9e anarchiste du rejet de l'organisation sociale trouve enfin le sens du \"un pour tous et tous pour un\" au sein d'une hi\u00e9rarchie non bas\u00e9e sur le salaire mais sur la capacit\u00e9 et la volont\u00e9 \u00e0 exercer une responsabilit\u00e9 donn\u00e9e : le revenu est alors \u00e0 la fois nivel\u00e9 et modul\u00e9 par le minimum vital et la r\u00e9tribution li\u00e9e \u00e0 l'activit\u00e9 professionnelle ; la paresse de l'adulte est bien sur corrig\u00e9e comme celle d'un enfant, car on sait que le propre de l'humain est le travail, et que personne ne souhaite sans raison vivre seul et sans logis, parce qu'on sait que le ch\u00f4mage, la souffrance et la mis\u00e8re sont des choses qui se fabriquent directement et indirectement par tout le monde avec la convoitise, le mensonge, la m\u00e9chancet\u00e9, le m\u00e9pris et les transgressions.<\/p>\n<p>Arriv\u00e9e en th\u00e9ocratie, non par une r\u00e9volution ponctuelle ou une r\u00e9forme r\u00e9sultant d'une \u00e9lection, mais par une mutation individuellement collective telle une propagation virale et b\u00e9n\u00e9fique de la d\u00e9saberration, toutes les organisations la\u00efques et religieuses disparaissent comme on balaye des illusions sous la seule action de la v\u00e9rit\u00e9, et les id\u00e9ologies s'effacent alors comme on gomme des phrases mal r\u00e9dig\u00e9es : il ne reste que les lois et l'\u00c9tat i.e. les \u00e9coles, les tribunaux, les groupes de r\u00e9flexion \u0153uvrant pour l'\u00e9tude et la connaissance des choses, et les comit\u00e9s de gestion des diff\u00e9rents secteurs de la soci\u00e9t\u00e9. Le but de la th\u00e9ocratie \u00e9tant de faire survivre la bont\u00e9, la v\u00e9rit\u00e9, la justice et le bien-\u00eatre de tous, \u00e0 ce stade, il n'y a plus d'\u00c9tat policier, ni d'injustice et peu de crimes, car il y a un \u00c9tat protecteur, juste, honn\u00eate et \u00e9quitable, en qui on peut faire confiance car il remplit son contrat et porte imm\u00e9diatement assistance aux personnes en danger gr\u00e2ce \u00e0 ses syst\u00e8mes m\u00e9dico-sociaux et juridiques-judiciaires.<\/p>\n<p>\u00c0 ce niveau d'\u00e9volution, le meilleur de chaque syst\u00e8me politique fusionne pour laisser exprimer le meilleur de l'humain et pour r\u00e9primer la malveillance, et alors l'individu, le couple, le groupe et l'esp\u00e8ce se trouve \u00e0 ce niveau nomm\u00e9 utopie impossible \u00e0 atteindre dans l'absolu, seulement dans le particulier, car chaque naissance est un nouvel univers qui doit apprendre \u00e0 se conqu\u00e9rir pour conqu\u00e9rir son environnement qu'il partage avec ses cong\u00e9n\u00e8res.<\/p>\n<p>C'est l'information et la formation, gr\u00e2ce \u00e0 l'acc\u00e8s et \u00e0 la transmission des connaissances via les technologies de la communication, qui d\u00e9terminent l'\u00e9volution depuis l'esclavage de l'ignorance jusqu'\u00e0 la libert\u00e9 de la th\u00e9ocratie.<\/p>\n<p>Il est notable que passer de l'esclavage \u00e0 la th\u00e9ocratie revient pour le peuple \u00e0 passer de la possible r\u00e9volte permanente \u00e0 la certitude de pas de r\u00e9volte du tout, puisque c'est passer de la guerre totale \u00e0 la paix globale. Mais les administrateurs ne comprennent cela que lorsqu'ils atteignent le niveau d'\u00e9volution et de civilisation requis pour r\u00e9aliser que consid\u00e9rer les administr\u00e9s comme des ennemi est une erreur r\u00e9sultant de leur propre condition sociale de fait p\u00e9rilleuse car dysfonctionnelle : cela se produit parfois en moins d'une vie, mais souvent plusieurs g\u00e9n\u00e9rations sont n\u00e9cessaires.<\/p>\n<p>Il est \u00e9galement remarquable que la psychiatrie chimique actuelle est au niveau de la dictature criminelle, tandis qu'internet rel\u00e8ve de l'anarchie \u00e9litiste, quoi que les fournisseurs d'acc\u00e8s puissent ill\u00e9galement d\u00e9cider de ne plus fournir le service de connexion, d'en manipuler les flux ou de les brider<a title=\"\" href=\"#_ftn5\" name=\"_ftnref5\"><sup>[5]<\/sup><\/a>. Lorsqu'on veut mettre en place la technologie, il faut assumer l'anarchie qui en d\u00e9coule intrins\u00e8quement. Certains r\u00eavent de corps contr\u00f4l\u00e9s et mani\u00e9s via des machines et des puces implant\u00e9es dans le cerveau, mais c'est au long terme impossible \u00e0 faire accepter aux peuples comme aux \u00e9lites, \u00e0 moins de consid\u00e9rer une partie de l'esp\u00e8ce comme une esp\u00e8ce b\u00e9tail non humaine et de se situer au niveau de l'esclavage brutal, ce qui ne peut qu'entra\u00eener la chute d'une telle organisation.<\/p>\n<p>Le chemin de l'\u00e9volution humaine vers la civilisation id\u00e9ale est rude et long, et souvent interrompu par les catastrophes naturelles et humaines ; mais il est in\u00e9luctable, car inscrit dans les g\u00e8nes depuis l'origine. Lorsque l'esp\u00e8ce subit de grandes pertes via les grand cataclysmes, de nombreuses g\u00e9n\u00e9rations sont n\u00e9cessaires pour que la classe dirigeante \u00e9volue et prenne conscience que malgr\u00e9 ses pouvoirs, ses positions et ses finances, chaque \u00eatre humain est \u00e0 la fois unique et non identique, et \u00e0 la fois semblable et \u00e9gal, et que ce n'est pas parce qu'un tel est expert en outil d'artisanat ou en d\u00e9cision juridique, ni parce qu'un tel a des muscles forts comme un b\u0153uf ou l'esprit agile comme l'\u00e9clair, ni m\u00eame parce qu'un tel est n\u00e9 d'une sans abri ou d'une milliardaire que cela implique une sup\u00e9riorit\u00e9 ou une inf\u00e9riorit\u00e9 en tant qu'individu, mais que c'est justement la diff\u00e9rence qui permet \u00e0 une soci\u00e9t\u00e9 de s'organiser et de se civiliser, parce que les facult\u00e9s et les gouts sont vari\u00e9s.<\/p>\n<p>Contrairement \u00e0 l'opinion majoritairement commune aux \u00e9lus qui estiment que les peuples sont des adversaires \u00e0 encadrer par tous les moyens, selon la science, la qualit\u00e9 dynamique d'un objet, d'un \u00eatre, d'un groupe, d'un peuple et d'une esp\u00e8ce n'est pas sa composition et sa masse nomm\u00e9es quantit\u00e9s, mais son type, sa direction et son impulsion. Bien s\u00fbr qu'il faut contr\u00f4ler, prot\u00e9ger et surveiller la population au sein des lieux publics, communautaires et administratifs, ainsi que des r\u00e9seaux sociaux, mais dans le sens de prendre soin selon les r\u00e8gles de la civilisation et du respect de la vie priv\u00e9e, car dans tout but, le moyen d\u00e9termine ce but.<\/p>\n<p>Quelle est la situation en France et au sein de la plupart des pays des Nations Unis et d'ailleurs dont on a parl\u00e9 \u00e0 l'auteur dans les livres des \u00e9coles, \u00e0 la t\u00e9l\u00e9vision et sur internet ? L'esp\u00e8ce humaine actuelle en est \u00e0 une oligarchie pseudo-d\u00e9mocratique qui s'essaye \u00e0 l'anarchie tout en maintenant un esclavage impos\u00e9 par des humains o\u00f9 les constitutions, les l\u00e9gislations et les chartes des droits humains ne sont pas respect\u00e9es, et cela est dans l'ensemble consid\u00e9r\u00e9 comme normal, m\u00eame si lois en vigueur disent que cela ne l'est pas.<\/p>\n<h3><span id=\"Les_elus_faconnent_les_Etats_et_les_religions\"><a name=\"TOC-Les-lus-fa-onnent-les-tats-et-les-religions\"><\/a>Les \u00e9lus fa\u00e7onnent les \u00c9tats et les religions<\/span><\/h3>\n<p>L'auteur consid\u00e8re le postulat suivant :<\/p>\n<ul>\n<li>Il n'y a pas de v\u00e9rit\u00e9 plus haute que la Torah h\u00e9bra\u00efque sinon ce qui y est nomm\u00e9 Elohim et YHVH, qui d\u00e9signent respectivement l'ensemble et le sous-ensemble de lois physiques qui r\u00e9gissent l'univers et le vivant ;<\/li>\n<\/ul>\n<ul>\n<li>La Doctrine d\u00e9crit ces lois, et donc, dans le principe, toutes les sciences et tous les syst\u00e8mes de pens\u00e9e humains pass\u00e9s, pr\u00e9sents et futurs, qu'ils soient bons et aident \u00e0 survivre ou mauvais et fassent succomber ;<\/li>\n<\/ul>\n<ul>\n<li>Le pouvoir de ces lois, et donc de ses mots qui prescrivent leur \u00e9tude et la volont\u00e9 d'en faire une optique de vie afin de faire de bonnes actions et de ne pas faire de mauvaises actions, est de modeler les individus et les organisations qui ont dans tous les cas le libre arbitre de commettre des bienfaits ou des crimes dont les versets d\u00e9crivent les cons\u00e9quences.<i>L'objectif premier de ce livre est de d\u00e9velopper cette assertion.<\/i><\/li>\n<\/ul>\n<p>La tradition \u00e9sot\u00e9rique, dont l'action est l'initiation, est une vulgarisation avanc\u00e9e de la Science destin\u00e9e aux masses et aux peuples : son but est d'instruire et de s\u00e9lectionner.<\/p>\n<p>Si les traductions et les interpr\u00e9tations des textes fondateurs de nos soci\u00e9t\u00e9s occidentales comme orientales sont fausses, alors c'est toutes les fondations qui sont corrompues, et quiconque pr\u00e9tend d\u00e9tenir le v\u00e9ritable sens d'un texte sacr\u00e9 ou l\u00e9gislatif et affirme connaitre les volont\u00e9s de ce texte sans se r\u00e9f\u00e9rer au texte originel comme preuve d'un point de vue depuis le p\u00e9rim\u00e8tre d'un cercle orient\u00e9 vers le centre, poursuit volontairement ou involontairement un but qui est souvent contre ce texte, contre la v\u00e9rit\u00e9 et contre la vie.<\/p>\n<p>La s\u00e9paration de l'\u00c9tat de la Religion peut \u00eatre une bonne chose, m\u00eame illusoire et hypocrite, si les choses sont bien faites d'une mani\u00e8re correcte, efficace et bienveillante<\/p>\n<p>Mais lorsque l'\u00c9tat cache et ment sur la nature de sa religion, de l'\u00eatre humain et de la vie, et qu'Il privatise au nom de la comp\u00e9tition et de la libert\u00e9 les syst\u00e8mes m\u00e9dico-sociaux et juridiques-judiciaires qui ne sont plus g\u00e9r\u00e9s avec l'imp\u00f4t et la charit\u00e9, alors l'industrie des combines rus\u00e9es et des poisons cach\u00e9s devient ainsi et malheureusement un pilier qui pi\u00e8ge toute la soci\u00e9t\u00e9 qui s'effondrerait sans lui, puisque la route choisit est la mauvaise voie de la mort et non de la vie, car le but d'une entreprise m\u00e9dico-sociale ou juridique-judiciaire priv\u00e9e n'est pas d'aider mais de prendre, et m\u00eame \u00e0 but non lucratif, l'aide devient un arbitraire d'int\u00e9r\u00eat ou d'opinion, et non pas ce qu'elle est : un droit l\u00e9gal obligatoirement administr\u00e9 en toute circonstance et en tout lieu \u00e0 tous.<\/p>\n<p style=\"padding-left: 40px;\"><i>En sant\u00e9 et en justice, humanitaire inclus, le seul moyen de prosp\u00e9rer dans le priv\u00e9, c'est de rendre les gens malades et de faire en sorte qu'ils aient des probl\u00e8mes.<\/i><\/p>\n<p style=\"padding-left: 40px;\"><i>Dans le public, c'est de soigner tout le monde et de r\u00e9soudre les probl\u00e8mes.<\/i><\/p>\n<p style=\"padding-left: 40px;\"><i>Ce n'est pas la n\u00e9cessaire concurrence ni la recherche le probl\u00e8me, mais la d\u00e9l\u00e9gation.<\/i><\/p>\n<p>Tout est religion : toute communaut\u00e9 est religieuse, tout groupe est religieux. Le mot religieux veut dire \"ce qui relie\". Ce qui relie est le mode de pens\u00e9e, les buts et les moyens.<br \/>\nUn \u00c9tat a obligatoirement une religion, un mode de pens\u00e9e, une ligne de conduite qui existe par-del\u00e0 les partis politiques et les id\u00e9es, afin que la politique administrative maintienne un relatif ordre du pays \u00e9lections apr\u00e8s \u00e9lections.<\/p>\n<p>Affirmer qu'un \u00c9tat peut exister sans avoir de religion est une hypocrisie.<\/p>\n<p>L'\u00c9tat id\u00e9al, c'est celui dont on connait la religion, qu'elle soit majoritaire ou minoritaire, et qui accorde le droit d'exister aux autres, du moment que toutes ne commettent ni crimes ni attentats \u00e0 la vie.<\/p>\n<p style=\"padding-left: 40px;\"><i>\"Politique Administrative d'un pays\" est synonyme de \"Religion d'\u00c9tat\".<\/i><\/p>\n<p>La sant\u00e9, le social et la justice sont par d\u00e9finition \u00e9gaux \u00e0 des services publics gratuits financ\u00e9s par l'imp\u00f4t. Le lib\u00e9ralisme n'est pas applicable \u00e0 ces domaines, et Les civilisations dites anciennes le savaient tr\u00e8s bien, \u00e7a ne marche pas car la privatisation de ces choses, m\u00eame partiellement, \u00e0 l'aide d'organismes priv\u00e9s, m\u00eame sous contrat d'\u00c9tat, entraine obligatoirement des probl\u00e8mes. Assurer une chose particuli\u00e8re et personnelle, comme par exemple une \u0153uvre artistique non inscrite au patrimoine national ou mondial, ou encore par exemple les mains d'un pianiste de grande renomm\u00e9e, est un droit n\u00e9cessaire ; mais assurer la vie d'une personne comme d'une entreprise, par exemple avec des contrats habitation, accident, voiture et juridique, est incoh\u00e9rent et inadmissible, car prot\u00e9ger la vie et assurer la s\u00e9curit\u00e9 et la justice des citoyens est le r\u00f4le contractuel de l'\u00c9tat d'un pays, et c'est la mission de l'Union Mondiale des \u00c9tats ; ce n'est pas la pr\u00e9rogative de gens de multinationales financi\u00e8res priv\u00e9es qui sont dans un tel cas la seule v\u00e9ritable chose que l'\u00c9tat prot\u00e8ge afin de prot\u00e9ger les activit\u00e9s douteuses et hypocrites de l'administration. Le corps humain n'est pas un bien mat\u00e9riel, mais c'est ce que les autorit\u00e9s de la plan\u00e8te en font. La notion d'assurance priv\u00e9e est la notion d'un \u00c9tat qui ne garantit ni la s\u00e9curit\u00e9 de sa population ni le respect des lois, car Il entraine tous ses secteur dans la criminalit\u00e9 : l'argent du Tr\u00e9sor Public provenant du travail et de la finance, qui paye les services m\u00e9dicaux, les services sociaux, les services judiciaires, les services des forces de l'ordre, les services administratifs, est d\u00e9tourn\u00e9.<\/p>\n<p>La la\u00efcit\u00e9 dans sa forme actuelle, comme les \u00e9tats religieux et non religieux dans leurs formes ancestrales, sont impropres \u00e0 l'harmonie et \u00e0 la paix, \u00e0 la libert\u00e9 et \u00e0 la prosp\u00e9rit\u00e9, et donc \u00e0 la civilisation qui n'est pas une question d'argent mais de ressources et d'organisation : soit l'\u00c9tat est confondu avec le peuple et agit dans l'int\u00e9r\u00eat de tous, soit il s'imagine dissoci\u00e9 et agit contre lui-m\u00eame en cr\u00e9ant deux mondes en son sein. L'ind\u00e9pendance n'existe pas, c'est un leurre car tout est li\u00e9 : le mensonge et le crime ne d\u00e9lient rien car ils nient la coh\u00e9sion.<\/p>\n<p>Il apparait donc \u00e9vident, au vue des donn\u00e9es actuelles au sujet de notre monde, que la mise \u00e0 jour des logiciels humains, gr\u00e2ce au retour \u00e0 la source de la v\u00e9rit\u00e9 et de l'\u00e9thique \u00e0 la fois scientifique et religieuse, est vital pour le genre humain, car toute religion et toute organisation a son origine dans une science \u00e9ternelle mais majoritairement perdue. Et le seul moyen de changer le monde, c'est de changer les autorit\u00e9s ; ceux qui pensent et disent le contraire sont des menteurs ignorants ou stupides, pi\u00e9g\u00e9s ou coupables.<\/p>\n<p>Religion ou la\u00efcit\u00e9 n'est pas la question car s\u00e9parer l'esprit de la mati\u00e8re est une erreur fondamentale irr\u00e9alisable car il est impossible de s\u00e9parer le mouvement de l'objet, l'impulsion de l'action. Technologie ou pas de technologie n'est pas non plus le probl\u00e8me.<\/p>\n<p>Quelles sont les intentions des autorit\u00e9s et des citoyens ?<\/p>\n<p>Que font les propri\u00e9taires de leurs l\u00e9gitimes possessions ?<\/p>\n<p>Que font les employ\u00e9s de leurs comp\u00e9tences sp\u00e9cifiques ?<\/p>\n<p>Les ordres sont-ils l\u00e9gaux et l\u00e9gitimes ?<\/p>\n<p>Les capitaux sont-ils justes et bien utilis\u00e9s* ?<\/p>\n<p>Les tribunaux sont-ils impartiaux, \u00e9quitables, agiles et efficaces ?<\/p>\n<p>Telle sont les questions fondamentales qui d\u00e9terminent la vie de la civilisation une fois qu'ont \u00e9t\u00e9 instaur\u00e9s des syst\u00e8mes m\u00e9dico-sociaux et judiciaires bons, corrects et efficaces. Car lorsqu'une organisation prot\u00e8ge un de ses membres qui commet un crime, c'est toute l'organisation qui est coupable et qui sombre pour disparaitre dans le puits du d\u00e9ni.<\/p>\n<p><sup><i>* <\/i>En France, 50% des adultes vivent avec moins de 1600 euros ; 14% avec moins de 1000, 10% de 3000 \u00e0 7000, 1% de 7000 \u00e0 18000, 0,1% de 18000 \u00e0 55000 et 0,01% plus (INSEE 2010) - la population SDF aurait augment\u00e9 de 44% en une dizaine d'ann\u00e9e.<br \/>\nhttp:\/\/www.insee.fr\/fr\/publications-et-services\/sommaire.asp?ref_id=FPORSOC13<\/sup><\/p>\n<p>Le probl\u00e8me humain et le probl\u00e8me religieux sont un seul et m\u00eame probl\u00e8me : la nuisance caus\u00e9e par la convoitise, par le mensonge, par le crime et par la souffrance, choses qui proviennent de l'ignorance et de la m\u00e9chancet\u00e9.<\/p>\n<p>Tous les criminels, m\u00eame s'ils savent beaucoup de choses, sont ignorants de quelque chose : ils ignorent qu'ils ont le choix de bien agir ou de mal agir, et que le seul choix stable et rentable sur le long terme qui offre tous les bons choix est de ne pas commettre de nuisances et de r\u00e9parer. En g\u00e9n\u00e9ral, ils disent qu'ils n'ont pas le choix, alors les victimes ne l'ont pas non plus.<\/p>\n<p>Alors certaines organisations lancent jours apr\u00e8s jours des appels aux dons pour lutter contre les maladies d\u00e9g\u00e9n\u00e9ratives en tous genres souvent fabriqu\u00e9es leurs actes et par leurs poisons qui attaquent le syst\u00e8me nerveux et le corps : rhumatisme, troubles de la personnalit\u00e9, \u00e9pilepsie, parkinson, alzheimer, d\u00e9mence, cancer, etc. tandis que les statistiques \u00e9parses et mill\u00e9naires explosent de records en records en quelques d\u00e9cennies, que les grands comptes bancaires se remplissent des gains de la souffrance, et que les m\u00e9dias mentent tout en diffusant des reportages sur la chimie qui tue en g\u00e9n\u00e9rant la dette des peuples \u00e0 l'aide de cr\u00e9dits d'argent fictif au nom de la loi junglesque du plus fort.<\/p>\n<p>Bien s\u00fbr qu'il fait faire de la recherche, qu'il fait mettre au point des m\u00e9dicaments naturels comme de synth\u00e8se, et qu'il faut aider les malades, car les gens d'en haut comme d'en bas veulent une m\u00e9decine efficace.<\/p>\n<p>Mais avant tout, il faut arr\u00eater de faire de mauvaises exp\u00e9riences sur les \u00eatres vivants, animaux comme humains, il faut arr\u00eater la s\u00e9lection par la r\u00e9sistance aux poisons, et il faut bannir les services de la justice secr\u00e8te.<\/p>\n<p style=\"padding-left: 40px;\"><i>L'\u00eatre humain n'est un produit exp\u00e9rimental et financier que pour des criminels.<\/i><\/p>\n<h3><span id=\"Les_fratricides_necessitent_une_resolution_internationale\"><a name=\"TOC-Les-fratricides-n-cessitent-une-r-solution-internationale\"><\/a>Les fratricides n\u00e9cessitent une r\u00e9solution internationale<\/span><\/h3>\n<h4><span id=\"Enonce_dun_probleme_planetaire_critique\"><a name=\"TOC-nonc-d-un-probl-me-plan-taire-critique\"><\/a>\u00c9nonc\u00e9 d'un probl\u00e8me plan\u00e9taire critique<\/span><\/h4>\n<p>Dans les pays se disant civilis\u00e9s, les syst\u00e8mes m\u00e9dico-sociaux et juridiques-judiciaires, m\u00eame en partie fonctionnaris\u00e9s, sont d\u00e9l\u00e9gu\u00e9s \u00e0 des organisations priv\u00e9es \u00e0 but lucratif qui repr\u00e9sentent les avocats, les docteurs, les dentistes, les chimistes, les pharmaciens, les travailleurs sociaux, etc.<\/p>\n<h4><span id=\"Constat_dune_logique_mondiale_defectueuse\"><a name=\"TOC-Constat-d-une-logique-mondiale-d-fectueuse\"><\/a>Constat d'une logique mondiale d\u00e9fectueuse<\/span><\/h4>\n<p>Une partie de l'imp\u00f4t n'\u00e9tant pas utilis\u00e9 pour financer int\u00e9gralement ces syst\u00e8mes, mais pour d'autres choses, les gens qui cr\u00e9ent, organisent, entretiennent et arr\u00eatent ces structures administratives, industrielles et associatives ont besoin d'argent pour manger et survivre : ils ont besoin de personnes malades, souffrantes, victimes, d\u00e9linquantes, indigentes, sans domicile (\u00e0 ne pas confondre avec le nomadisme), etc.<\/p>\n<p>Ainsi, au lieu de les r\u00e9soudre pour le plus grand bien de tout le monde, sans qu'un b\u00e9n\u00e9fice ill\u00e9gitime et contre nature en soit retir\u00e9, sinon la juste r\u00e9tribution du travail accompli, ce sont des probl\u00e8mes qui sont fabriqu\u00e9s afin de les g\u00e9rer dans le but de retirer des b\u00e9n\u00e9fices financiers de leurs r\u00e9solutions.<\/p>\n<h4><span id=\"Consideration_dune_consequence_dramatique\"><a name=\"TOC-Consid-ration-d-une-cons-quence-dramatique\"><\/a>Consid\u00e9ration d'une cons\u00e9quence dramatique<\/span><\/h4>\n<p>Les syst\u00e8mes m\u00e9dico-sociaux et juridiques-judiciaires actuels fabriquent des malades et des personnes \u00e0 probl\u00e8mes qualifi\u00e9es d'asociales qui vont in\u00e9vitablement causer des ennuis et d\u00e9ranger leur entourage, et qui au mieux se retrouveront au tribunal accus\u00e9es de ce qu'on leur fait, condamn\u00e9es de quelque chose voire plac\u00e9es sous tutelle, ou au pire, m\u00e9pris\u00e9es et \u00e9limin\u00e9es par la soci\u00e9t\u00e9 qui refuse d'entendre raison sans qu'aucune personne particuli\u00e8re ne dirige cela sinon la majorit\u00e9.<\/p>\n<h4><span id=\"Identification_dune_cause_basique\"><a name=\"TOC-Identification-d-une-cause-basique\"><\/a>Identification d'une cause basique<\/span><\/h4>\n<p>La source de ce blasph\u00e8me envers la vie est une mauvaise construction cons\u00e9cutive \u00e0 la derni\u00e8re s\u00e9paration de l'\u00c9tat et de la Religion, et non pas cette s\u00e9paration elle-m\u00eame, car un \u00c9tat la\u00efque est conceptuellement aussi l\u00e9gitime qu'un \u00c9tat religieux du moment que dans les deux cas, la sant\u00e9 et la justice sont enti\u00e8rement des services publics gratuits, que les lois sont bonnes et sont respect\u00e9es, et que chacun est libre d'\u00e9tudier et de choisir tel ou tel syst\u00e8me spirituel non criminel qui lui convient afin de travailler et de vivre en paix. Et m\u00eame si des m\u00e9faits sont commis, les coupables sont bien trait\u00e9s.<\/p>\n<p>Avec la loi et l'\u00e9ducation, c'est \u00e7a la base de la civilisation, rien d'autre.<\/p>\n<h4><span id=\"Identification_dun_piege_a_tous_les_niveaux\"><a name=\"TOC-Identification-d-un-pi-ge-tous-les-niveaux\"><\/a>Identification d'un pi\u00e8ge \u00e0 tous les niveaux<\/span><\/h4>\n<p>La plupart des diff\u00e9rents acteurs de ces syst\u00e8mes sont pi\u00e9g\u00e9s \u00e0 l'int\u00e9rieur d'une vaste et d\u00e9lirante politique administrative aberr\u00e9e. Ils n'ont pas le choix que d'agir selon les directives hi\u00e9rarchiques. Leur survie en d\u00e9pend. Et afin de justifier leur existence, ils y trouvent une motivation et un plaisir. Mais ils sont aussi victime que leurs victimes que vaniteusement ils consid\u00e8rent inf\u00e9rieures afin de ne pas admettre qu'ils se rabaissent \u00e0 de l'infamie.<\/p>\n<p>Alors les services publics n'\u0153uvrent pas pour la protection et la d\u00e9fense du peuple, mais pour celle de ces syst\u00e8mes qui sont malheureusement devenus une raison d'\u00eatre et qui d\u00e9tournent l'argent public de son usage.<\/p>\n<h4><span id=\"Proposition_dune_solution_elementaire\"><a name=\"TOC-Proposition-d-une-solution-l-mentaire\"><\/a>Proposition d'une solution \u00e9l\u00e9mentaire<\/span><\/h4>\n<p>Il est vital de d\u00e9-privatiser tous les rouages des syst\u00e8mes m\u00e9dico-sociaux et juridiques-judiciaires afin qu'ils soient ce que les l\u00e9gislations disent qu'ils sont : des services publics gratuits, obligatoirement prodigu\u00e9es aux personnes n\u00e9cessiteuses, sans discrimination, sans mensonges, sans obstructions et sans malversations.<\/p>\n<p>Cela requiers une restructuration de l'organisation de nos soci\u00e9t\u00e9s et donc de leurs syst\u00e8mes banque-assurance-finance, ainsi que la cr\u00e9ation d'une haute autorit\u00e9 de contr\u00f4le ayant pouvoir d'emp\u00eacher que les lois ne soient pas appliqu\u00e9es et que des attentats \u00e0 la vie soient commis sous couvert de l\u00e9galit\u00e9 en r\u00e9alit\u00e9 tr\u00e8s ill\u00e9gale - non, cette haute autorit\u00e9 impartiale n'existe pas. L'application de cette solution implique de d\u00e9finir les religions accr\u00e9dit\u00e9es, c'est-\u00e0-dire les diff\u00e9rents groupes \u00e9ducatifs et politiques humains qui ont une vision plus ou moins diff\u00e9rente sur la marche des choses et sur l'organisation de l'\u00c9tat, comme \u00e9tant des services publics de l'\u00c9tat et non des entreprises priv\u00e9es ou des organisations s\u00e9cr\u00e8tes s\u00e9par\u00e9es de l'autorit\u00e9.<\/p>\n<p>L'autorit\u00e9 peut-elle exister s\u00e9par\u00e9e de l'autorit\u00e9 ? Pourquoi les \u00e9lus, les artistes et les patrons qui sont employ\u00e9s par l'administration afin de faire fonctionner la soci\u00e9t\u00e9 seraient-ils les fruits de religions non contr\u00f4l\u00e9es cach\u00e9es derri\u00e8re les \u00e9coles publiques et priv\u00e9es pour enfants et pour adultes ?<\/p>\n<p><i>Toute \u00e9cole est religieuse, qu'elle le dise ou pas, qu'elle le montre ou pas.<\/i><\/p>\n<p>Il faut savoir que la religion de l'\u00c9tat en France et de la grande majorit\u00e9 des \u00c9tats du monde est l'inf\u00e2me psychiatrie.<\/p>\n<p>C'est la v\u00e9rit\u00e9 et le savoir qui r\u00e9sout le probl\u00e8me de l'idol\u00e2trie, pas les guerres ni les crimes. Et pour le r\u00e9soudre, il faut soigner les malades et les faire t\u00e9moigner en public : les faire souffrir n'arrange rien, car chaque vie est essentielle, chaque \u00eatre est important, depuis le nouveau-n\u00e9 jusqu'au vieillard, depuis le ch\u00f4meur jusqu'au patron et depuis le sans-abri jusqu'au gouverneur.<\/p>\n<p><i>Un peuple prosp\u00e8re si et seulement si ses administrateurs se comportent en parents bienveillants envers chacun des membres, sinon c'est l'\u00e9chec assur\u00e9.<\/i><\/p>\n<h4><span id=\"Publication_dun_livre_pour_convaincre\"><a name=\"TOC-Publication-d-un-livre-pour-convaincre\"><\/a>Publication d'un livre pour convaincre<\/span><\/h4>\n<p>Les m\u00e9tiers de la sant\u00e9 et de la justice, et en particulier celui de docteur, sont les plus importants, les plus s\u00e9rieux, les plus difficiles, les plus \u00e9reintants, les plus honorables, les plus gratifiants, les plus admirables et les plus extraordinaires des m\u00e9tiers : ils sont l'alpha et l'om\u00e9ga de la civilisation et de l'\u00c9tat, et ils n'admettent aucune imposture.<\/p>\n<p>Un monde o\u00f9 tous les secteurs de la vie sont bas\u00e9s sur la capitalisation de la sant\u00e9 et de la justice, et sont fond\u00e9s sur l'augmentation du nombre de malades et de d\u00e9linquants, ne peut que sombrer d\u00e9ficits apr\u00e8s d\u00e9ficits, crises apr\u00e8s crises, car tous les acteurs sont intrins\u00e8quement et de fait hors-la-loi.<\/p>\n<p>Il est n\u00e9cessaire et vital pour l'esp\u00e8ce humaine de r\u00e9orienter non seulement les politiques administratives locales, r\u00e9gionales et nationales, mais avant tout, mondiales, car c'est l'union \u00e0 ce niveau qui d\u00e9termine le cap.<\/p>\n<p>Les docteurs et les avocats, comme les enseignants, sont par d\u00e9finition des fonctionnaires de l'\u00c9tat ou d'une religion autoris\u00e9e, dont le but n'est pas le gain financier, car c'est investir dans la bonne sant\u00e9 de l'ensemble de la population qui assure sa prosp\u00e9rit\u00e9, y compris celle des fonctionnaires.<\/p>\n<p>Le refus individuel de soigner n'est autorisable qu'avec l'appui d'un comit\u00e9 qui apr\u00e8s avoir discut\u00e9 du motif alors rendu public le soumettra \u00e0 un juge tandis que le refus collectif est prohib\u00e9 car crime organis\u00e9 : telle est la loi humaine en vigueur.<\/p>\n<p>Cet ouvrage est un trait\u00e9 d'occultisme car m\u00eame s'il concerne tout le monde, il s'adresse en premi\u00e8re instance aux initi\u00e9s et aux \u00e9lites, c'est-\u00e0-dire aux groupes, aux organisations, aux autorit\u00e9s et aux \u00e9lus qui gouvernent, manient et d\u00e9terminent les affaires humaines, et qui g\u00e8rent les moyens et les armes de cr\u00e9ation et de destruction, car c'est \u00e0 ce niveau que se trouve l'\u00e9nonc\u00e9 et la solution du probl\u00e8me humain originel dont la Torah est le meilleur des antidotes : le mal qui se nourrit du m\u00e9pris, de la haine, du conflit, de la guerre, de la maladie, de la souffrance et du d\u00e9sespoir, en fabriquant ces choses.<\/p>\n<p>L'auteur a conscience que rares sont les dirigeants actuels qui liront ces lignes qui les concernent directement, mais il est certain qu'ils ne pourront pas les ignorer, car ils n'ont jamais eu, ils n'ont pas et ils n'auront jamais, le monopole, ni du savoir, ni de la vie, seulement des hautes instances architecturales et des cours de justice.<\/p>\n<hr style=\"margin-bottom: 0px;\" \/>\n<table style=\"width: 100%; text-align: left; margin: 5px auto 5px auto;\" border=\"0\" cellspacing=\"1\" cellpadding=\"1\">\n<tbody align=\"justify\">\n<tr>\n<td style=\"width: 20%;\"><span style=\"font-size: Normal;\"><a href=\"https:\/\/asherhaimhalevi.ordisoftware.com\/works\/the-religious-problem\/foreword\/governing-life\/\">Pr\u00e9c\u00e9dent<\/a><\/span><\/td>\n<td style=\"text-align: center;\"><span style=\"font-size: Normal;\"><a href=\"https:\/\/asherhaimhalevi.ordisoftware.com\/works\/the-religious-problem\/foreword\/\">Sections<\/a><\/span><\/td>\n<td style=\"width: 20%;\"><\/td>\n<\/tr>\n<\/tbody>\n<\/table>\n<hr style=\"margin-top: 0px;\" \/>\n<p><sup><a title=\"\" href=\"#_ftnref1\" name=\"_ftn1\">[1]<\/a> <a href=\"https:\/\/fr.wikipedia.org\/wiki\/Arbre_de_%20Vie_%28Kabbale%29\" target=\"_blank\" rel=\"nofollow noopener\">fr.wikipedia.org\/wiki\/Arbre_de_ Vie_(Kabbale)<\/a><\/sup><\/p>\n<p><sup><a title=\"\" href=\"#_ftnref2\" name=\"_ftn2\">[2]<\/a> En l'absence d'une mondialisation et d'une politique administrative commune, les oppositions internes et externes \u00e0 chaque pays imposent de fait la n\u00e9cessit\u00e9 d'un minimum de secrets ; l'absence totale de secret serait une dangereuse n\u00e9gligence irresponsable.<\/sup><\/p>\n<p><sup><a title=\"\" href=\"#_ftnref3\" name=\"_ftn3\">[3]<\/a> Ne pas confondre la violence qui cause des nuisances, de l'impact qui cause une r\u00e9action. Les coups physiques et le m\u00e9pris causent des nuisances, mais de bons soins m\u00e9dicaux corporels et des \u0153uvres b\u00e9n\u00e9fiques ne sont pas cens\u00e9s causer des nuisances.<\/sup><\/p>\n<p><sup><a title=\"\" href=\"#_ftnref4\" name=\"_ftn4\">[4]<\/a> Que ce soit imposer de force comme par manipulation.<\/sup><\/p>\n<p><sup><a title=\"\" href=\"#_ftnref5\" name=\"_ftn5\">[5]<\/a> Le seul sujet de l'oppression technologique, et non pas m\u00e9diatique, n\u00e9cessiterait un livre entier.<\/sup><\/p>\n<\/p>","protected":false},"excerpt":{"rendered":"<p>Avant-propos du livre \"Le probl\u00e8me religieux\" : section \"Changer le monde\". <\/p>\n<p><span style=\"color:#333\"> &rarr; <a href=\"https:\/\/asherhaimhalevi.ordisoftware.com\/works\/the-religious-problem\/foreword\/change-the-world\/\">Lire la suite<\/a><\/span><\/p>\n","protected":false},"author":1,"featured_media":0,"parent":425,"menu_order":10,"comment_status":"closed","ping_status":"closed","template":"","meta":[],"_links":{"self":[{"href":"https:\/\/asherhaimhalevi.ordisoftware.com\/wp-json\/wp\/v2\/pages\/1039"}],"collection":[{"href":"https:\/\/asherhaimhalevi.ordisoftware.com\/wp-json\/wp\/v2\/pages"}],"about":[{"href":"https:\/\/asherhaimhalevi.ordisoftware.com\/wp-json\/wp\/v2\/types\/page"}],"author":[{"embeddable":true,"href":"https:\/\/asherhaimhalevi.ordisoftware.com\/wp-json\/wp\/v2\/users\/1"}],"replies":[{"embeddable":true,"href":"https:\/\/asherhaimhalevi.ordisoftware.com\/wp-json\/wp\/v2\/comments?post=1039"}],"version-history":[{"count":0,"href":"https:\/\/asherhaimhalevi.ordisoftware.com\/wp-json\/wp\/v2\/pages\/1039\/revisions"}],"up":[{"embeddable":true,"href":"https:\/\/asherhaimhalevi.ordisoftware.com\/wp-json\/wp\/v2\/pages\/425"}],"wp:attachment":[{"href":"https:\/\/asherhaimhalevi.ordisoftware.com\/wp-json\/wp\/v2\/media?parent=1039"}],"curies":[{"name":"wp","href":"https:\/\/api.w.org\/{rel}","templated":true}]}}