{"id":1095,"date":"2021-04-04T20:50:52","date_gmt":"2021-04-04T18:50:52","guid":{"rendered":"https:\/\/asherhaimhalevi.ordisoftware.com\/?p=1095"},"modified":"2022-11-10T11:38:50","modified_gmt":"2022-11-10T10:38:50","slug":"migration-done","status":"publish","type":"post","link":"https:\/\/asherhaimhalevi.ordisoftware.com\/blog\/2021\/04\/migration-done\/","title":{"rendered":"Migration termin\u00e9e"},"content":{"rendered":"<p style=\"margin-bottom:25px;\"><p>Le site a \u00e9t\u00e9 totalement transf\u00e9r\u00e9 de Google Sites Classic vers WordPress avec beaucoup d'am\u00e9liorations et un miroir GitHub Pages.<\/p>\n<\/p>","protected":false},"excerpt":{"rendered":"<p style=\"margin-bottom:25px;\">\n<p>Le site a ete totalement transfere de Google Sites Classic vers WordPress avec beaucoup d'ameliorations et un miroir GitHub Pages.<\/p><\/p>\n","protected":false},"author":1,"featured_media":0,"comment_status":"closed","ping_status":"closed","sticky":false,"template":"","format":"standard","meta":[],"categories":[1],"tags":[],"jetpack_featured_media_url":"","_links":{"self":[{"href":"https:\/\/asherhaimhalevi.ordisoftware.com\/wp-json\/wp\/v2\/posts\/1095"}],"collection":[{"href":"https:\/\/asherhaimhalevi.ordisoftware.com\/wp-json\/wp\/v2\/posts"}],"about":[{"href":"https:\/\/asherhaimhalevi.ordisoftware.com\/wp-json\/wp\/v2\/types\/post"}],"author":[{"embeddable":true,"href":"https:\/\/asherhaimhalevi.ordisoftware.com\/wp-json\/wp\/v2\/users\/1"}],"replies":[{"embeddable":true,"href":"https:\/\/asherhaimhalevi.ordisoftware.com\/wp-json\/wp\/v2\/comments?post=1095"}],"version-history":[{"count":0,"href":"https:\/\/asherhaimhalevi.ordisoftware.com\/wp-json\/wp\/v2\/posts\/1095\/revisions"}],"wp:attachment":[{"href":"https:\/\/asherhaimhalevi.ordisoftware.com\/wp-json\/wp\/v2\/media?parent=1095"}],"wp:term":[{"taxonomy":"category","embeddable":true,"href":"https:\/\/asherhaimhalevi.ordisoftware.com\/wp-json\/wp\/v2\/categories?post=1095"},{"taxonomy":"post_tag","embeddable":true,"href":"https:\/\/asherhaimhalevi.ordisoftware.com\/wp-json\/wp\/v2\/tags?post=1095"}],"curies":[{"name":"wp","href":"https:\/\/api.w.org\/{rel}","templated":true}]}}