{"id":155,"date":"2021-03-30T15:00:05","date_gmt":"2021-03-30T13:00:05","guid":{"rendered":"https:\/\/asherhaimhalevi.ordisoftware.com\/?page_id=155"},"modified":"2022-11-01T09:18:33","modified_gmt":"2022-11-01T08:18:33","slug":"the-religious-problem","status":"publish","type":"page","link":"https:\/\/asherhaimhalevi.ordisoftware.com\/works\/the-religious-problem\/","title":{"rendered":"Le probl\u00e8me religieux"},"content":{"rendered":"<p style=\"margin-bottom:25px;\"><p style=\"text-align: justify;\"><span style=\"color: #401000; text-transform: uppercase; font-size: 11pt;\">Trait\u00e9 d'occultisme physicaliste abrahamique<br \/>\nStructures et fonctions de l'univers et de la vie<br \/>\nLes lettres du vivant et les cycles du temps<\/span><\/p>\n<p><a href=\"https:\/\/www.lulu.com\/fr\/fr\/shop\/asher-ha%C3%AFm-halevi\/le-probl%C3%A8me-religieux-trait%C3%A9-doccultisme-physicaliste-abrahamique-structures-et-fonctions-de-lunivers-et-de-la-vie-les-lettres-du-vivant-premi%C3%A8re-%C3%A9dition\/paperback\/product-14m5ry5w.html\" target=\"_blank\" rel=\"nofollow noopener\"><img decoding=\"async\" class=\"image-bordered-book-link alignnone\" src=\"https:\/\/asherhaimhalevi.ordisoftware.com\/wp-content\/theming\/icons-books\/Small%20Lulu.png\" alt=\"http:\/\/www.lulu.com\/shop\/asher-ha%C3%AFm-halevi\/lalphabet-h%C3%A9breu-les-lettres-de-lexistence-humaine-la-destin%C3%A9e-du-youd-de-lalef-au-tav-la-formation-du-couple-premi%C3%A8re-%C3%A9dition\/paperback\/product-24219062.html\" width=\"55\" height=\"35\" border=\"0\" \/><\/a><a href=\"https:\/\/www.amazon.fr\/gp\/product\/B07Y4MCS4P\/\" target=\"_blank\" rel=\"nofollow noopener\"><img decoding=\"async\" class=\"image-bordered-book-link alignnone\" src=\"https:\/\/asherhaimhalevi.ordisoftware.com\/wp-content\/theming\/icons-books\/Small%20Amazon.png\" alt=\"https:\/\/www.amazon.fr\/Lalphabet-h%C3%A9breu-lexistence-destin%C3%A9e-formation\/dp\/B07Y4LQRP3\" width=\"60\" height=\"35\" border=\"0\" \/><\/a><a href=\"\"><img decoding=\"async\" class=\"image-bordered-book-link alignnone\" src=\"https:\/\/asherhaimhalevi.ordisoftware.com\/wp-content\/theming\/icons-books\/Small%20HTML.png\" alt=\"Version texte\" width=\"35\" height=\"35\" border=\"0\" \/><\/a><a href=\"https:\/\/asherhaimhalevi.ordisoftware.com\/download\/Le-probleme-religieux-v1.pdf\" target=\"_blank\" rel=\"noopener\"><img decoding=\"async\" class=\"image-bordered-book-link alignnone\" src=\"https:\/\/asherhaimhalevi.ordisoftware.com\/wp-content\/theming\/icons-books\/Small%20PDF.png\" alt=\"https:\/\/docs.google.com\/viewer?a=v&amp;pid=sites&amp;srcid=ZGVmYXVsdGRvbWFpbnxhc2hlcmhhaW1oYWxldml8Z3g6N2MzMGRjNWQxNjRiODUzYw\" width=\"40\" height=\"35\" border=\"0\" \/><\/a><a href=\"https:\/\/books.google.fr\/books\/about?id=HdEtwkYaX6IC\" target=\"_blank\" rel=\"noopener\"><img decoding=\"async\" class=\"image-bordered-book-link alignnone\" src=\"https:\/\/asherhaimhalevi.ordisoftware.com\/wp-content\/theming\/icons-books\/Small%20GoogleBooks.png\" alt=\"https:\/\/books.google.fr\/books\/about?id=dSaqDwAAQBAJ\" width=\"35\" height=\"35\" border=\"0\" \/><\/a><a href=\"https:\/\/play.google.com\/store\/books\/details?id=HdEtwkYaX6IC\" target=\"_blank\" rel=\"noopener\"><img decoding=\"async\" class=\"image-bordered-book-link alignnone\" src=\"https:\/\/asherhaimhalevi.ordisoftware.com\/wp-content\/theming\/icons-books\/Small%20GooglePlay.png\" alt=\"https:\/\/play.google.com\/store\/books\/details?id=dSaqDwAAQBAJ\" width=\"35\" height=\"35\" border=\"0\" \/><\/a><a href=\"https:\/\/asherhaimhalevi.ordisoftware.com\/works\/audio-video\/#audio\"><img decoding=\"async\" class=\"image-bordered-book-link alignnone\" src=\"https:\/\/asherhaimhalevi.ordisoftware.com\/wp-content\/theming\/icons-books\/Small%20MP3.png\" alt=\"https:\/\/asherhaimhalevi.ordisoftware.com\/works\/audio-video\/#hebrew-alphabet-anchor\" width=\"50\" height=\"35\" border=\"0\" \/><\/a><a href=\"https:\/\/www.youtube.com\/playlist?list=PLSn7yTHwEx-DL6u9qWpRtF1vEAEVxe1Hk\" target=\"_blank\" rel=\"noopener\"><img decoding=\"async\" class=\"image-bordered-book-link alignnone\" src=\"https:\/\/asherhaimhalevi.ordisoftware.com\/wp-content\/theming\/icons-books\/Small%20YouTube.png\" alt=\"https:\/\/youtu.be\/iGBFleJpeYo?list=PLSn7yTHwEx-DL6u9qWpRtF1vEAEVxe1Hk\" width=\"80\" height=\"35\" border=\"0\" \/><\/a><\/p>\n<div style=\"margin-top: 15px;\" id=\"toc_container\" class=\"no_bullets\"><ul class=\"toc_list\"><li><a href=\"#Couverture\">Couverture<\/a><\/li><li><a href=\"#Description\">Description<\/a><ul><li><a href=\"#Premiere_edition\">Premi\u00e8re \u00e9dition\n<\/a><\/li><li><a href=\"#Deuxieme_edition\">Deuxi\u00e8me \u00e9dition<\/a><\/li><\/ul><\/li><li><a href=\"#Table_des_matieres\">Table des mati\u00e8res<\/a><ul><li><a href=\"#Prologue\">Prologue<\/a><\/li><li><a href=\"#Chapitres\">Chapitres<\/a><\/li><li><a href=\"#Annexes\">Annexes<\/a><\/li><li><a href=\"#Appendices\">Appendices<\/a><\/li><\/ul><\/li><li><a href=\"#Telecharger\">T\u00e9l\u00e9charger<\/a><\/li><li><a href=\"#Ecouter\">\u00c9couter<\/a><\/li><\/ul><\/div>\n\n<h3><span id=\"Couverture\">Couverture<\/span><\/h3>\n<table style=\"border-collapse: collapse; width: 100%;\">\n<tbody>\n<tr>\n<td style=\"width: 50%;\"><a href=\"https:\/\/asherhaimhalevi.ordisoftware.com\/wp-content\/uploads\/2021\/04\/Book-Cover-Le-probleme-religieux-v1-Front.jpg\"><img decoding=\"async\" class=\"wp-image-840 size-medium alignnone\" src=\"https:\/\/asherhaimhalevi.ordisoftware.com\/wp-content\/uploads\/2021\/04\/Book-Cover-Le-probleme-religieux-v1-Front-212x300.jpg\" alt=\"\" width=\"212\" height=\"300\" srcset=\"https:\/\/asherhaimhalevi.ordisoftware.com\/wp-content\/uploads\/2021\/04\/Book-Cover-Le-probleme-religieux-v1-Front-212x300.jpg 212w, https:\/\/asherhaimhalevi.ordisoftware.com\/wp-content\/uploads\/2021\/04\/Book-Cover-Le-probleme-religieux-v1-Front-141x200.jpg 141w, https:\/\/asherhaimhalevi.ordisoftware.com\/wp-content\/uploads\/2021\/04\/Book-Cover-Le-probleme-religieux-v1-Front-106x150.jpg 106w, https:\/\/asherhaimhalevi.ordisoftware.com\/wp-content\/uploads\/2021\/04\/Book-Cover-Le-probleme-religieux-v1-Front-400x567.jpg 400w, https:\/\/asherhaimhalevi.ordisoftware.com\/wp-content\/uploads\/2021\/04\/Book-Cover-Le-probleme-religieux-v1-Front.jpg 550w\" sizes=\"(max-width: 212px) 100vw, 212px\" \/><\/a><\/td>\n<td style=\"width: 50%;\"><a href=\"https:\/\/asherhaimhalevi.ordisoftware.com\/wp-content\/uploads\/2021\/04\/Book-Cover-Le-probleme-religieux-v1-Back.jpg\"><img decoding=\"async\" class=\"wp-image-839 size-medium alignnone\" src=\"https:\/\/asherhaimhalevi.ordisoftware.com\/wp-content\/uploads\/2021\/04\/Book-Cover-Le-probleme-religieux-v1-Back-212x300.jpg\" alt=\"\" width=\"212\" height=\"300\" srcset=\"https:\/\/asherhaimhalevi.ordisoftware.com\/wp-content\/uploads\/2021\/04\/Book-Cover-Le-probleme-religieux-v1-Back-212x300.jpg 212w, https:\/\/asherhaimhalevi.ordisoftware.com\/wp-content\/uploads\/2021\/04\/Book-Cover-Le-probleme-religieux-v1-Back-141x200.jpg 141w, https:\/\/asherhaimhalevi.ordisoftware.com\/wp-content\/uploads\/2021\/04\/Book-Cover-Le-probleme-religieux-v1-Back-106x150.jpg 106w, https:\/\/asherhaimhalevi.ordisoftware.com\/wp-content\/uploads\/2021\/04\/Book-Cover-Le-probleme-religieux-v1-Back-400x567.jpg 400w, https:\/\/asherhaimhalevi.ordisoftware.com\/wp-content\/uploads\/2021\/04\/Book-Cover-Le-probleme-religieux-v1-Back.jpg 550w\" sizes=\"(max-width: 212px) 100vw, 212px\" \/><\/a><\/td>\n<\/tr>\n<\/tbody>\n<\/table>\n<h3><span id=\"Description\"><span id=\"Description\">Description<\/span><\/span><\/h3>\n<table style=\"margin-bottom: 15px; margin-left: 0px; margin-right: 0px; border-collapse: collapse; border-color: #b4b4b4; border-width: 1px;\" border=\"1\" cellspacing=\"0\">\n<tbody>\n<tr>\n<td>Pourquoi des religions et des clans ? Pourquoi adh\u00e9rer \u00e0 une culture ou \u00e0 une fraternit\u00e9 plut\u00f4t qu'\u00e0 une autre ? \u00c0 cause de l'ethnie ou des opinions ? \u00c0 cause nos parents et de nos familles ? \u00c0 cause des saign\u00e9s et des saigneurs ? \u00c0 cause d'un racisme de couleur de peau ou de couleur spirituelle ?<\/p>\n<p>Il est enseign\u00e9 par la tradition que ce qui est en haut est comme ce qui est en bas et inversement. Mais qu'y a-t-il au milieu si l'esprit est comme la mati\u00e8re\u00a0? Que sont l'esprit et la mati\u00e8re\u00a0? Que sont la divinit\u00e9 et l'\u00eatre humain\u00a0? Que sont la musique et le langage\u00a0? Que sont le bien et le mal\u00a0?<\/p>\n<p>Que sont l'\u00c9tat et la civilisation\u00a0? Que sont la justice, la compassion, la piti\u00e9 et le crime\u00a0? Que sont le droit, le pouvoir, le savoir, la foi, la croyance et l'ignorance\u00a0? Que nous r\u00e9v\u00e8lent la Torah, la Bible, les \u00c9vangiles et le Coran\u00a0? Que peut-on apprendre du Cr\u00e9ateur et de ses cr\u00e9atures\u00a0? Qu'est-ce qui diff\u00e9rencie l'homme de l'animal\u00a0? Quel est le but de l'existence\u00a0?<\/p>\n<p>La vie, la sant\u00e9 et la justice sont-elles un jeu\u00a0? Les organisations m\u00e9dico-sociales et juridiques-judiciaires peuvent-elles \u00eatre des entreprises \u00e0 but lucratif\u00a0? Le mal de dos est-il le mal des si\u00e8cles ou la plus abjecte des escroqueries\u00a0? Mentir et refuser de prodiguer des soins m\u00e9dicaux adapt\u00e9s, s\u00fbrs et efficaces dans les meilleures conditions d'acc\u00e8s tel que pr\u00e9vu par les lois en vigueur comme \u00e9tant un droit et une obligation pour tous par tous, opprimer et refuser l'acc\u00e8s \u00e0 une cour de justice comp\u00e9tente tel que pr\u00e9vu de m\u00eame, et imposer comme seule aide sociale le placement sous tutelle avec s\u00e9questration et administration de substances dangereuses, est-ce un bon droit et un bien-fond\u00e9 l\u00e9gal ou est-ce un des plus grave crime\u00a0?<\/td>\n<\/tr>\n<\/tbody>\n<\/table>\n<ul>\n<li><a href=\"https:\/\/asherhaimhalevi.ordisoftware.com\/works\/notice\/\">Recommandations<\/a><\/li>\n<li><a href=\"https:\/\/asherhaimhalevi.ordisoftware.com\/legal-notice\/licence\/\">Licence<\/a><\/li>\n<li><a href=\"https:\/\/asherhaimhalevi.ordisoftware.com\/works\/erratas\/\">Erratas<\/a><\/li>\n<\/ul>\n<h4><span id=\"Premiere_edition\"><span id=\"Description\">Premi\u00e8re \u00e9dition<br \/>\n<\/span><\/span><\/h4>\n<p>La premi\u00e8re \u00e9dition a \u00e9t\u00e9 r\u00e9dig\u00e9e de septembre \u00e0 d\u00e9cembre 2011 \u00e0 l'aide de la compilation de notes \u00e9crites de janvier 2004 \u00e0 2006 en \u00e9tudiant des livres, des conf\u00e9rences, des documentaires et des articles \u00e9sot\u00e9riques, religieux et scientifiques.<\/p>\n<p>L'int\u00e9gralit\u00e9 est disponible en version <a href=\"https:\/\/asherhaimhalevi.ordisoftware.com\/download\/Le-probleme-religieux-v1.pdf\" target=\"_blank\" rel=\"noopener\">PDF<\/a>, <a href=\"https:\/\/books.google.fr\/books\/about?id=HdEtwkYaX6IC\" target=\"_blank\" rel=\"noopener\">Google Books<\/a> et <a href=\"https:\/\/play.google.com\/store\/books\/details?id=HdEtwkYaX6IC\" target=\"_blank\" rel=\"noopener\">Google Play<\/a>.<\/p>\n<p>La version imprim\u00e9e de 200 pages est disponible :<\/p>\n<ul>\n<li>Chez <a href=\"https:\/\/www.lulu.com\/fr\/fr\/shop\/asher-ha%C3%AFm-halevi\/le-probl%C3%A8me-religieux-trait%C3%A9-doccultisme-physicaliste-abrahamique-structures-et-fonctions-de-lunivers-et-de-la-vie-les-lettres-du-vivant-premi%C3%A8re-%C3%A9dition\/paperback\/product-14m5ry5w.html\" target=\"_blank\" rel=\"nofollow noopener\">Lulu.com<\/a> au prix de 15,60\u20ac TTC (14,78\u20ac HT) plus frais de livraison (nouveau tarif suite \u00e0 l'augmentation des frais d'impression par Lulu)<\/li>\n<\/ul>\n<ul>\n<li>Chez <a href=\"https:\/\/www.amazon.fr\/gp\/product\/B07Y4MCS4P\/\" target=\"_blank\" rel=\"nofollow noopener\">Amazon.fr<\/a> au prix sans b\u00e9n\u00e9fice d'auteur de 9,28\u20ac TTC et vous b\u00e9n\u00e9ficiez de la livraison \u00e0 0,01\u20ac.<\/li>\n<\/ul>\n<h4><span id=\"Deuxieme_edition\">Deuxi\u00e8me \u00e9dition<\/span><\/h4>\n<p>La deuxi\u00e8me \u00e9dition est r\u00e9dig\u00e9e depuis juillet 2012 au fur et \u00e0 mesure de l'avanc\u00e9e en \u00e9tude des lettres h\u00e9bra\u00efques et du sens des mots h\u00e9breux et des versets de la Torah gr\u00e2ce aux dictionnaires et aux donn\u00e9es diffus\u00e9es dans les m\u00e9dias de grande audience.<\/p>\n<p>Une version vid\u00e9o-audio quasi-compl\u00e8te a \u00e9t\u00e9 publi\u00e9e en ao\u00fbt 2019 sur <a href=\"https:\/\/www.youtube.com\/playlist?list=PLSn7yTHwEx-DL6u9qWpRtF1vEAEVxe1Hk\" target=\"_blank\" rel=\"noopener\">YouTube<\/a> et <a href=\"https:\/\/vimeo.com\/showcase\/6207493\" target=\"_blank\" rel=\"nofollow noopener\">Vimeo<\/a>.<\/p>\n<p>En compl\u00e9ment de cet ouvrage, un livret offre une \u00e9tude d\u00e9taill\u00e9e de l'<a href=\"https:\/\/asherhaimhalevi.ordisoftware.com\/works\/hebrew-alphabet\/\">alphabet h\u00e9breu<\/a>.<\/p>\n<p>Des <a href=\"https:\/\/asherhaimhalevi.ordisoftware.com\/works\/software\/\" rel=\"nofollow noopener\">logiciels d'aide \u00e0 l'\u00e9tude de la Bible<\/a> sont \u00e9galement disponibles.<\/p>\n<h3><span id=\"Table_des_matieres\"><a id=\"tableofcontent\"><\/a>Table des mati\u00e8res<\/span><\/h3>\n<h4><span id=\"Prologue\">Prologue<\/span><\/h4>\n<h5>Premi\u00e8re partie<\/h5>\n<ul>\n<li><a href=\"https:\/\/asherhaimhalevi.ordisoftware.com\/\">Une id\u00e9e pour un monde meilleur<\/a><\/li>\n<li><a href=\"https:\/\/asherhaimhalevi.ordisoftware.com\/logical-proposition\/fundamental-laws\/\">Rappel de lois fondamentales<\/a><\/li>\n<li><a href=\"https:\/\/asherhaimhalevi.ordisoftware.com\/logical-proposition\/health-help-justice-theory\/\">Th\u00e9orie de sant\u00e9-aide-justice<\/a><\/li>\n<li><a href=\"https:\/\/asherhaimhalevi.ordisoftware.com\/author\/\">Au sujet de l'auteur<\/a><\/li>\n<\/ul>\n<h5>Deuxi\u00e8me partie<\/h5>\n<ul>\n<li><a href=\"https:\/\/asherhaimhalevi.ordisoftware.com\/works\/the-religious-problem\/dedication\/\">D\u00e9dicace<\/a><\/li>\n<li><a href=\"https:\/\/asherhaimhalevi.ordisoftware.com\/works\/the-religious-problem\/authors-quotes\/\">Citations d'auteurs<\/a><\/li>\n<li><a href=\"https:\/\/asherhaimhalevi.ordisoftware.com\/works\/the-religious-problem\/religious-quotes\/\">Citations religieuses<\/a><\/li>\n<\/ul>\n<div>\n<h4><span id=\"Chapitres\">Chapitres<\/span><\/h4>\n<\/div>\n<div>\n<ul>\n<li><a href=\"https:\/\/asherhaimhalevi.ordisoftware.com\/works\/the-religious-problem\/foreword\/\">Avant-propos<\/a><\/li>\n<li><a href=\"https:\/\/asherhaimhalevi.ordisoftware.com\/works\/the-religious-problem\/chapter-1\/\">L'univers et la vie<\/a><\/li>\n<li><a href=\"https:\/\/asherhaimhalevi.ordisoftware.com\/works\/the-religious-problem\/chapter-2\/\">Le probl\u00e8me linguistique<\/a><\/li>\n<li><a href=\"https:\/\/asherhaimhalevi.ordisoftware.com\/works\/the-religious-problem\/chapter-3\/\">La religion<\/a>*<\/li>\n<li><a href=\"https:\/\/asherhaimhalevi.ordisoftware.com\/works\/the-religious-problem\/chapter-4\/\">La cr\u00e9ation<\/a>*<\/li>\n<li><a href=\"https:\/\/asherhaimhalevi.ordisoftware.com\/works\/the-religious-problem\/chapter-5\/\">L'arbre de vie<\/a>*<\/li>\n<li><a href=\"https:\/\/asherhaimhalevi.ordisoftware.com\/works\/the-religious-problem\/chapter-6\/\">Les pouvoirs<\/a>*<\/li>\n<li><a href=\"https:\/\/asherhaimhalevi.ordisoftware.com\/works\/the-religious-problem\/chapter-7\/\">La Kabalah de Pessa'h<\/a>*<\/li>\n<li><a href=\"https:\/\/asherhaimhalevi.ordisoftware.com\/works\/the-religious-problem\/conclusion\/\">Conclusion<\/a><\/li>\n<\/ul>\n<\/div>\n<div>\n<h4><span id=\"Annexes\">Annexes<\/span><\/h4>\n<\/div>\n<ul>\n<li><a href=\"https:\/\/asherhaimhalevi.ordisoftware.com\/works\/bibliography\/\">Bibliographie<\/a><\/li>\n<li><a href=\"https:\/\/asherhaimhalevi.ordisoftware.com\/works\/the-religious-problem\/diagrams\/\">Tables et diagrammes<\/a><\/li>\n<li><a href=\"https:\/\/asherhaimhalevi.ordisoftware.com\/works\/the-religious-problem\/ideal-civilization\/\">Diagramme de la civilisation id\u00e9ale<\/a><\/li>\n<li><a href=\"https:\/\/asherhaimhalevi.ordisoftware.com\/works\/software\/\">Logiciels<\/a><\/li>\n<li><a href=\"https:\/\/asherhaimhalevi.ordisoftware.com\/author\/poetry\/\">Po\u00e8mes<\/a><\/li>\n<\/ul>\n<h4><span id=\"Appendices\">Appendices<\/span><\/h4>\n<ul>\n<li><a href=\"https:\/\/asherhaimhalevi.ordisoftware.com\/author\/testimony\/\">T\u00e9moignage<\/a><\/li>\n<li><a href=\"https:\/\/asherhaimhalevi.ordisoftware.com\/author\/links\/\">Liens sur la sant\u00e9<\/a><\/li>\n<li><a href=\"https:\/\/asherhaimhalevi.ordisoftware.com\/logical-proposition\/humans-laws-about-humans-rights\/\">Lois humaines<\/a><\/li>\n<li><a href=\"https:\/\/asherhaimhalevi.ordisoftware.com\/logical-proposition\/administrative-directory\/\">Annuaire<\/a><\/li>\n<\/ul>\n<p><sup><i>* Ces \u00e9l\u00e9ments sont en cours de finalisation et peuvent \u00eatre \u00e9cout\u00e9s en <a href=\"https:\/\/www.youtube.com\/playlist?list=PLSn7yTHwEx-DL6u9qWpRtF1vEAEVxe1Hk\" target=\"_blank\" rel=\"noopener\">vid\u00e9o<\/a> ou <a href=\"https:\/\/asherhaimhalevi.ordisoftware.com\/works\/audio-video\/#audio\">audio<\/a>.<\/i><\/sup><\/p>\n<h3 style=\"margin-bottom: 20px;\"><span id=\"Telecharger\">T\u00e9l\u00e9charger<\/span><\/h3>\n<p><a href=\"https:\/\/asherhaimhalevi.ordisoftware.com\/works\/erratas\/\">Erratas<\/a><\/p>\n<p style=\"margin-top:0px;margin-bottom:3px;margin-left:15px\">\r\n<img style=\"margin-bottom: 3px;vertical-align: middle\" src=\"\/wp-content\/plugins\/wp-downloadmanager\/images\/ext\/pdf.gif\" alt=\"\" title=\"\" \/>&nbsp;\r\n<strong><a href=\"https:\/\/asherhaimhalevi.ordisoftware.com\/?dl_name=Le-probleme-religieux-v1.pdf\">Le probl\u00e8me religieux (premi\u00e8re \u00e9dition)<\/a><\/strong>\r\n<\/p>\r\n<p style=\"margin-left:40px;margin-top:0px;color:#555555;font-style:bold\">\r\n<small><i>\r\nTaille : 3,0 Mio<br \/>\r\nMise en ligne : 28 f\u00e9vrier 2012<br \/>\r\nMise \u00e0 jour : 3 septembre 2019<br \/>\r\nDernier t\u00e9l\u00e9chargement : 8 novembre 2022<br \/>\r\nT\u00e9l\u00e9chargements depuis avril 2021 ou mise en ligne : 86\r\n<\/i><\/small>\r\n<\/p>\r\n<p style=\"margin-left:40px;margin-top:-10px\">Texte int\u00e9gral<\/p>\n<p style=\"margin-top:0px;margin-bottom:3px;margin-left:15px\">\r\n<img style=\"margin-bottom: 3px;vertical-align: middle\" src=\"\/wp-content\/plugins\/wp-downloadmanager\/images\/ext\/pdf.gif\" alt=\"\" title=\"\" \/>&nbsp;\r\n<strong><a href=\"https:\/\/asherhaimhalevi.ordisoftware.com\/?dl_name=Le-probleme-religieux-v2-Extrait-Priere.pdf\">Le mental et la pri\u00e8re<\/a><\/strong>\r\n<\/p>\r\n<p style=\"margin-left:40px;margin-top:0px;color:#555555;font-style:bold\">\r\n<small><i>\r\nTaille : 497,4 Kio<br \/>\r\nMise en ligne : 27 avril 2020<br \/>\r\nMise \u00e0 jour : 27 avril 2020<br \/>\r\nDernier t\u00e9l\u00e9chargement : 8 novembre 2022<br \/>\r\nT\u00e9l\u00e9chargements depuis avril 2021 ou mise en ligne : 82\r\n<\/i><\/small>\r\n<\/p>\r\n<p style=\"margin-left:40px;margin-top:-10px\">Le mental et la pens\u00e9e selon le Ramhal et les Yoga Sutras avec un essai de traduction des versets Matthieu 6.5 \u00e0 13 selon un point de vue original<\/p>\n<p style=\"margin-top:0px;margin-bottom:3px;margin-left:15px\">\r\n<img style=\"margin-bottom: 3px;vertical-align: middle\" src=\"\/wp-content\/plugins\/wp-downloadmanager\/images\/ext\/pdf.gif\" alt=\"\" title=\"\" \/>&nbsp;\r\n<strong><a href=\"https:\/\/asherhaimhalevi.ordisoftware.com\/?dl_name=Sefirot-v1-Extrait-Dix-Etapes-Liberation.pdf\">Pessa'h - Les dix \u00e9tapes de l'\u00e9volution<\/a><\/strong>\r\n<\/p>\r\n<p style=\"margin-left:40px;margin-top:0px;color:#555555;font-style:bold\">\r\n<small><i>\r\nTaille : 634,6 Kio<br \/>\r\nMise en ligne : 8 avril 2020<br \/>\r\nMise \u00e0 jour : 27 f\u00e9vrier 2022<br \/>\r\nDernier t\u00e9l\u00e9chargement : 8 novembre 2022<br \/>\r\nT\u00e9l\u00e9chargements depuis avril 2021 ou mise en ligne : 105\r\n<\/i><\/small>\r\n<\/p>\r\n<p style=\"margin-left:40px;margin-top:-10px\">Pessa'h et la sortie de Mitsra\u00efm en dix phases pour la lib\u00e9ration des illusions et des mensonges gr\u00e2ce \u00e0 l'alliance du rachat du premier n\u00e9 pour les suivants ou \u00e0 l'aide de la fille du pharaon afin de ne pas se laisser submerger par le grand fleuve du monde majoritairement compos\u00e9 d'oeuvres trompeuses et afin d'y r\u00e9pandre de l'authenticit\u00e9<\/p>\n<p style=\"margin-top:0px;margin-bottom:3px;margin-left:15px\">\r\n<img style=\"margin-bottom: 3px;vertical-align: middle\" src=\"\/wp-content\/plugins\/wp-downloadmanager\/images\/ext\/pdf.gif\" alt=\"\" title=\"\" \/>&nbsp;\r\n<strong><a href=\"https:\/\/asherhaimhalevi.ordisoftware.com\/?dl_name=Le-probleme-religieux-v2-Extrait-Kabalah-Pessah.pdf\">Pessa'h - La Kabalah de la lib\u00e9ration<\/a><\/strong>\r\n<\/p>\r\n<p style=\"margin-left:40px;margin-top:0px;color:#555555;font-style:bold\">\r\n<small><i>\r\nTaille : 843,6 Kio<br \/>\r\nMise en ligne : 8 avril 2020<br \/>\r\nMise \u00e0 jour : 3 mars 2022<br \/>\r\nDernier t\u00e9l\u00e9chargement : 13 novembre 2022<br \/>\r\nT\u00e9l\u00e9chargements depuis avril 2021 ou mise en ligne : 138\r\n<\/i><\/small>\r\n<\/p>\r\n<p style=\"margin-left:40px;margin-top:-10px\">La sortie de Mitsra\u00efm ou la lib\u00e9ration de l'ignorance et de l'esclavage est le fondement du but de Pessa'h via l'expatriation spirituelle depuis le monde des mensonges et des illusions ou Maya vers le monde du vrai et de la bienveillance ou Brahma gr\u00e2ce \u00e0 la science dite sacr\u00e9e<\/p>\n<p style=\"margin-top:0px;margin-bottom:3px;margin-left:15px\">\r\n<img style=\"margin-bottom: 3px;vertical-align: middle\" src=\"\/wp-content\/plugins\/wp-downloadmanager\/images\/ext\/pdf.gif\" alt=\"\" title=\"\" \/>&nbsp;\r\n<strong><a href=\"https:\/\/asherhaimhalevi.ordisoftware.com\/?dl_name=Le-probleme-religieux-v2-Extrait-Tehilim-3.pdf\">S\u00e9fer T\u00e9hilim - Chant n\u00b0 003<\/a><\/strong>\r\n<\/p>\r\n<p style=\"margin-left:40px;margin-top:0px;color:#555555;font-style:bold\">\r\n<small><i>\r\nTaille : 191,7 Kio<br \/>\r\nMise en ligne : 7 juin 2022<br \/>\r\nMise \u00e0 jour : 7 juin 2022<br \/>\r\nDernier t\u00e9l\u00e9chargement : 8 novembre 2022<br \/>\r\nT\u00e9l\u00e9chargements depuis avril 2021 ou mise en ligne : 56\r\n<\/i><\/small>\r\n<\/p>\r\n<p style=\"margin-left:40px;margin-top:-10px\">Traduction et commentaire d'un po\u00e8me relatif \u00e0 la b\u00e9n\u00e9diction d'HaShem qui est la d\u00e9livrance de l'oppression et du m\u00e9pris caus\u00e9s par les m\u00e9chants<\/p>\n<p style=\"margin-top:0px;margin-bottom:3px;margin-left:15px\">\r\n<img style=\"margin-bottom: 3px;vertical-align: middle\" src=\"\/wp-content\/plugins\/wp-downloadmanager\/images\/ext\/pdf.gif\" alt=\"\" title=\"\" \/>&nbsp;\r\n<strong><a href=\"https:\/\/asherhaimhalevi.ordisoftware.com\/?dl_name=Le-probleme-religieux-v2-Extrait-Tehilim-20.pdf\">S\u00e9fer T\u00e9hilim - Chant n\u00b0 020<\/a><\/strong>\r\n<\/p>\r\n<p style=\"margin-left:40px;margin-top:0px;color:#555555;font-style:bold\">\r\n<small><i>\r\nTaille : 272,4 Kio<br \/>\r\nMise en ligne : 15 avril 2022<br \/>\r\nMise \u00e0 jour : 15 avril 2022<br \/>\r\nDernier t\u00e9l\u00e9chargement : 14 novembre 2022<br \/>\r\nT\u00e9l\u00e9chargements depuis avril 2021 ou mise en ligne : 88\r\n<\/i><\/small>\r\n<\/p>\r\n<p style=\"margin-left:40px;margin-top:-10px\">Traduction et commentaire d'un po\u00e8me relatif \u00e0 une synth\u00e8se de la kabalah de Pessa'h<\/p>\n<p style=\"margin-top:0px;margin-bottom:3px;margin-left:15px\">\r\n<img style=\"margin-bottom: 3px;vertical-align: middle\" src=\"\/wp-content\/plugins\/wp-downloadmanager\/images\/ext\/pdf.gif\" alt=\"\" title=\"\" \/>&nbsp;\r\n<strong><a href=\"https:\/\/asherhaimhalevi.ordisoftware.com\/?dl_name=Le-probleme-religieux-v2-Extrait-Tehilim-91.pdf\">S\u00e9fer T\u00e9hilim - Chant n\u00b0 091<\/a><\/strong>\r\n<\/p>\r\n<p style=\"margin-left:40px;margin-top:0px;color:#555555;font-style:bold\">\r\n<small><i>\r\nTaille : 247,8 Kio<br \/>\r\nMise en ligne : 29 octobre 2022<br \/>\r\nMise \u00e0 jour : 29 octobre 2022<br \/>\r\nDernier t\u00e9l\u00e9chargement : 13 novembre 2022<br \/>\r\nT\u00e9l\u00e9chargements depuis avril 2021 ou mise en ligne : 7\r\n<\/i><\/small>\r\n<\/p>\r\n<p style=\"margin-left:40px;margin-top:-10px\">Traduction et commentaire d'un po\u00e8me relatif au pouvoir et \u00e0 la protection de l'\u00e9tude de la Torah<\/p>\n<h3 style=\"margin-bottom: 20px;\"><span id=\"Ecouter\">\u00c9couter<\/span><\/h3>\n<div  id=\"_ytid_82684\" class=\"__youtube_prefs__  __youtube_prefs_gdpr__ \" allowfullscreen data-no-lazy=\"1\" data-skipgform_ajax_framebjll=\"\"><p><strong>Please accept YouTube cookies to play this video.<\/strong> By accepting you will be accessing content from YouTube, a service provided by an external third party.<\/p>\n<p><a href=\"https:\/\/policies.google.com\/privacy\" target=\"_blank\" rel=\"noopener\">YouTube privacy policy<\/a><\/p>\n<p>If you accept this notice, your choice will be saved and the page will refresh.<\/p>\n<button type=\"button\" class=\"__youtube_prefs_gdpr__\">Accept YouTube Content<img src=\"https:\/\/asherhaimhalevi.ordisoftware.com\/wp-content\/plugins\/youtube-embed-plus\/images\/icon-check.png\" alt=\"accept\" data-no-lazy=\"1\" data-skipgform_ajax_framebjll=\"\" \/><\/button><\/div>\n<div style=\"margin-top: 15px;\"><\/div>\n\n<p><i>Les fichiers mp3 peuvent \u00eatre t\u00e9l\u00e9charg\u00e9s sur cette <a href=\"https:\/\/asherhaimhalevi.ordisoftware.com\/works\/audio-video\/#audio\">page<\/a>.<\/i><\/p>\n<\/p>","protected":false},"excerpt":{"rendered":"<p>Le probl\u00e8me religieux : trait\u00e9 d'occultisme physicaliste abrahamique (structures et fonctions de l'univers et de la vie ou ou les lettres du vivant et les cycles du temps). <\/p>\n<p><span style=\"color:#333\"> &rarr; <a href=\"https:\/\/asherhaimhalevi.ordisoftware.com\/works\/the-religious-problem\/\">Lire la suite<\/a><\/span><\/p>\n","protected":false},"author":1,"featured_media":0,"parent":160,"menu_order":28,"comment_status":"closed","ping_status":"closed","template":"","meta":[],"_links":{"self":[{"href":"https:\/\/asherhaimhalevi.ordisoftware.com\/wp-json\/wp\/v2\/pages\/155"}],"collection":[{"href":"https:\/\/asherhaimhalevi.ordisoftware.com\/wp-json\/wp\/v2\/pages"}],"about":[{"href":"https:\/\/asherhaimhalevi.ordisoftware.com\/wp-json\/wp\/v2\/types\/page"}],"author":[{"embeddable":true,"href":"https:\/\/asherhaimhalevi.ordisoftware.com\/wp-json\/wp\/v2\/users\/1"}],"replies":[{"embeddable":true,"href":"https:\/\/asherhaimhalevi.ordisoftware.com\/wp-json\/wp\/v2\/comments?post=155"}],"version-history":[{"count":0,"href":"https:\/\/asherhaimhalevi.ordisoftware.com\/wp-json\/wp\/v2\/pages\/155\/revisions"}],"up":[{"embeddable":true,"href":"https:\/\/asherhaimhalevi.ordisoftware.com\/wp-json\/wp\/v2\/pages\/160"}],"wp:attachment":[{"href":"https:\/\/asherhaimhalevi.ordisoftware.com\/wp-json\/wp\/v2\/media?parent=155"}],"curies":[{"name":"wp","href":"https:\/\/api.w.org\/{rel}","templated":true}]}}