{"id":160,"date":"2021-03-31T00:32:02","date_gmt":"2021-03-30T22:32:02","guid":{"rendered":"https:\/\/asherhaimhalevi.ordisoftware.com\/?page_id=160"},"modified":"2022-11-11T09:35:17","modified_gmt":"2022-11-11T08:35:17","slug":"works","status":"publish","type":"page","link":"https:\/\/asherhaimhalevi.ordisoftware.com\/works\/","title":{"rendered":"Ouvrages"},"content":{"rendered":"<p style=\"margin-bottom:25px;\"><div style=\"margin-top: 15px;\" id=\"toc_container\" class=\"no_bullets\"><ul class=\"toc_list\"><li><a href=\"#Publications_principales\">Publications principales<\/a><ul><li><a href=\"#Le_probleme_religieux\">Le probl\u00e8me religieux<\/a><\/li><li><a href=\"#Lalphabet_hebreu\">L'alphabet h\u00e9breu<\/a><\/li><li><a href=\"#Lalliance\">L'alliance<\/a><\/li><li><a href=\"#Les_sefirot\">Les s\u00e9firot<\/a><\/li><li><a href=\"#La_musique\">La musique<\/a><\/li><li><a href=\"#Lengendrement\">L'engendrement\n<\/a><\/li><li><a href=\"#Leducation\">L'\u00e9ducation\n<\/a><\/li><li><a href=\"#La_justice\">La justice\n<\/a><\/li><li><a href=\"#Les_civilisations\">Les civilisations\n<\/a><\/li><li><a href=\"#Epitaphe\">\u00c9pitaphe<\/a><\/li><\/ul><\/li><li><a href=\"#Publications_secondaires\">Publications secondaires<\/a><ul><li><a href=\"#Addenda_1_la_representation\">Addenda 1 : la repr\u00e9sentation<\/a><\/li><li><a href=\"#Addenda_2_les_coulisses\">Addenda 2 : les coulisses<\/a><\/li><\/ul><\/li><li><a href=\"#Commentaire\">Commentaire<\/a><ul><li><a href=\"#Ne_pas_tirer_profit_de_la_connaissance_comme_de_laide_et_la_justice\">Ne pas tirer profit de la connaissance comme de l'aide et la justice<\/a><\/li><li><a href=\"#Le_but_de_la_Torah_est_la_paix_la_joie_et_la_sante_de_tout_le_monde\">Le but de la Torah est la paix, la joie et la sant\u00e9 de tout le monde<\/a><\/li><\/ul><\/li><li><a href=\"#Ressources\">Ressources<\/a><\/li><\/ul><\/div>\n\n<p><img decoding=\"async\" class=\"image-bordered aligncenter wp-image-1011\" style=\"padding: 20px; margin-top: 25px; margin-bottom: 20px; margin-left: -2px;\" src=\"https:\/\/asherhaimhalevi.ordisoftware.com\/wp-content\/uploads\/2021\/04\/Torah-ADN-Math.png\" alt=\"\" width=\"550\" height=\"317\" srcset=\"https:\/\/asherhaimhalevi.ordisoftware.com\/wp-content\/uploads\/2021\/04\/Torah-ADN-Math.png 600w, https:\/\/asherhaimhalevi.ordisoftware.com\/wp-content\/uploads\/2021\/04\/Torah-ADN-Math-300x173.png 300w, https:\/\/asherhaimhalevi.ordisoftware.com\/wp-content\/uploads\/2021\/04\/Torah-ADN-Math-200x115.png 200w, https:\/\/asherhaimhalevi.ordisoftware.com\/wp-content\/uploads\/2021\/04\/Torah-ADN-Math-150x87.png 150w, https:\/\/asherhaimhalevi.ordisoftware.com\/wp-content\/uploads\/2021\/04\/Torah-ADN-Math-400x231.png 400w\" sizes=\"(max-width: 550px) 100vw, 550px\" \/><\/p>\n<h3><span id=\"Publications_principales\">Publications principales<\/span><\/h3>\n<p><a href=\"https:\/\/asherhaimhalevi.ordisoftware.com\/wp-content\/uploads\/2022\/09\/Ouvrages.jpg\"><img decoding=\"async\" class=\"image-bordered aligncenter wp-image-5069\" src=\"https:\/\/asherhaimhalevi.ordisoftware.com\/wp-content\/uploads\/2022\/09\/Ouvrages-1024x569.jpg\" alt=\"\" width=\"576\" height=\"320\" srcset=\"https:\/\/asherhaimhalevi.ordisoftware.com\/wp-content\/uploads\/2022\/09\/Ouvrages-1024x569.jpg 1024w, https:\/\/asherhaimhalevi.ordisoftware.com\/wp-content\/uploads\/2022\/09\/Ouvrages-300x167.jpg 300w, https:\/\/asherhaimhalevi.ordisoftware.com\/wp-content\/uploads\/2022\/09\/Ouvrages-200x111.jpg 200w, https:\/\/asherhaimhalevi.ordisoftware.com\/wp-content\/uploads\/2022\/09\/Ouvrages-768x427.jpg 768w, https:\/\/asherhaimhalevi.ordisoftware.com\/wp-content\/uploads\/2022\/09\/Ouvrages-1536x853.jpg 1536w, https:\/\/asherhaimhalevi.ordisoftware.com\/wp-content\/uploads\/2022\/09\/Ouvrages-150x83.jpg 150w, https:\/\/asherhaimhalevi.ordisoftware.com\/wp-content\/uploads\/2022\/09\/Ouvrages-400x222.jpg 400w, https:\/\/asherhaimhalevi.ordisoftware.com\/wp-content\/uploads\/2022\/09\/Ouvrages.jpg 1800w\" sizes=\"(max-width: 576px) 100vw, 576px\" \/><\/a><\/p>\n<table style=\"width: 100%; border-collapse: collapse; border: 1px solid #BBBBBB; margin-top: 25px;\">\n<tbody>\n<tr>\n<td style=\"width: 100%; padding: 0px 20px 10px 30px;\">\n<table style=\"width: 100%;\">\n<tbody>\n<tr>\n<td style=\"vertical-align: top; text-align: left; width: 70%;\">\n<h4 style=\"margin-top: 0px; text-transform: uppercase;\"><span id=\"Le_probleme_religieux\"><span style=\"text-decoration: underline;\"><span style=\"font-size: 12pt;\"><a href=\"https:\/\/asherhaimhalevi.ordisoftware.com\/works\/the-religious-problem\/\">Le probl\u00e8me religieux<\/a><\/span><\/span><\/span><\/h4>\n<p><span style=\"font-size: 10pt;\"><sup><em>Premi\u00e8re \u00e9dition imprim\u00e9e publi\u00e9e en f\u00e9vrier 2012 <\/em><\/sup><\/span><br \/>\n<span style=\"font-size: 10pt;\"><sup><em>Deuxi\u00e8me \u00e9dition audio \u00e9bauche dict\u00e9e en ao\u00fbt 2019<\/em><\/sup><\/span><\/p>\n<p><span style=\"font-size: 10pt;\"><a href=\"https:\/\/asherhaimhalevi.ordisoftware.com\/works\/the-religious-problem\/\">Trait\u00e9 d'occultisme physicaliste abrahamique<\/a><\/span><\/p>\n<p><span style=\"font-size: 10pt;\">Structures et fonctions de l'univers et de la vie<\/span><br \/>\n<span style=\"font-size: 10pt;\">Les lettres du vivant et les cycles du temps<\/span><\/td>\n<td style=\"vertical-align: top; text-align: left; width: 5px;\"><\/td>\n<td style=\"width: 120px; vertical-align: top; text-align: center;\"><a href=\"https:\/\/asherhaimhalevi.ordisoftware.com\/works\/the-religious-problem\/\"><img decoding=\"async\" class=\"image-bordered-nopad aligncenter wp-image-840\" src=\"https:\/\/asherhaimhalevi.ordisoftware.com\/wp-content\/uploads\/2021\/04\/Book-Cover-Le-probleme-religieux-v1-Front-141x200.jpg\" alt=\"\" width=\"106\" height=\"150\" srcset=\"https:\/\/asherhaimhalevi.ordisoftware.com\/wp-content\/uploads\/2021\/04\/Book-Cover-Le-probleme-religieux-v1-Front-141x200.jpg 141w, https:\/\/asherhaimhalevi.ordisoftware.com\/wp-content\/uploads\/2021\/04\/Book-Cover-Le-probleme-religieux-v1-Front-212x300.jpg 212w, https:\/\/asherhaimhalevi.ordisoftware.com\/wp-content\/uploads\/2021\/04\/Book-Cover-Le-probleme-religieux-v1-Front-106x150.jpg 106w, https:\/\/asherhaimhalevi.ordisoftware.com\/wp-content\/uploads\/2021\/04\/Book-Cover-Le-probleme-religieux-v1-Front-400x567.jpg 400w, https:\/\/asherhaimhalevi.ordisoftware.com\/wp-content\/uploads\/2021\/04\/Book-Cover-Le-probleme-religieux-v1-Front.jpg 550w\" sizes=\"(max-width: 106px) 100vw, 106px\" \/><\/a><\/td>\n<\/tr>\n<tr>\n<td style=\"vertical-align: top; text-align: left; width: 5px;\">\n<h4 style=\"margin-top: 0px; text-transform: uppercase;\"><span id=\"Lalphabet_hebreu\"><span style=\"text-decoration: underline;\"><span style=\"font-size: 12pt;\"><a href=\"https:\/\/asherhaimhalevi.ordisoftware.com\/works\/hebrew-alphabet\/\">L'alphabet h\u00e9breu<\/a><\/span><\/span><\/span><\/h4>\n<p><span style=\"font-size: 10pt;\"><sup><em>Premi\u00e8re \u00e9dition imprim\u00e9e publi\u00e9e en septembre 2019<br \/>\n<\/em><\/sup><\/span><\/p>\n<p><span style=\"font-size: 10pt;\"><a href=\"https:\/\/asherhaimhalevi.ordisoftware.com\/works\/hebrew-alphabet\/\">Les lettres de l'existence humaine<\/a><\/span><\/p>\n<p><span style=\"font-size: 10pt;\">La destin\u00e9e du Youd de l'Alef au Tav<\/span><br \/>\n<span style=\"font-size: 10pt;\">La formation du couple<\/span><\/td>\n<td style=\"vertical-align: top; text-align: left; width: 5px;\"><\/td>\n<td style=\"width: 120px; vertical-align: top; text-align: center;\"><a href=\"https:\/\/asherhaimhalevi.ordisoftware.com\/works\/hebrew-alphabet\/\"><img decoding=\"async\" class=\"image-bordered-nopad aligncenter wp-image-838\" src=\"https:\/\/asherhaimhalevi.ordisoftware.com\/wp-content\/uploads\/2021\/04\/Book-Cover-Lalphabet-hebreu-v1-Front-141x200.jpg\" alt=\"\" width=\"106\" height=\"150\" srcset=\"https:\/\/asherhaimhalevi.ordisoftware.com\/wp-content\/uploads\/2021\/04\/Book-Cover-Lalphabet-hebreu-v1-Front-141x200.jpg 141w, https:\/\/asherhaimhalevi.ordisoftware.com\/wp-content\/uploads\/2021\/04\/Book-Cover-Lalphabet-hebreu-v1-Front-212x300.jpg 212w, https:\/\/asherhaimhalevi.ordisoftware.com\/wp-content\/uploads\/2021\/04\/Book-Cover-Lalphabet-hebreu-v1-Front-106x150.jpg 106w, https:\/\/asherhaimhalevi.ordisoftware.com\/wp-content\/uploads\/2021\/04\/Book-Cover-Lalphabet-hebreu-v1-Front-400x567.jpg 400w, https:\/\/asherhaimhalevi.ordisoftware.com\/wp-content\/uploads\/2021\/04\/Book-Cover-Lalphabet-hebreu-v1-Front.jpg 550w\" sizes=\"(max-width: 106px) 100vw, 106px\" \/><\/a><\/td>\n<\/tr>\n<tr>\n<td style=\"vertical-align: top; text-align: left;\">\n<h4 style=\"margin-top: 0px; text-transform: uppercase;\"><span id=\"Lalliance\"><span style=\"text-decoration: underline;\"><span style=\"font-size: 12pt;\"><a href=\"https:\/\/asherhaimhalevi.ordisoftware.com\/works\/alliance\/\">L'alliance<\/a><\/span><\/span><\/span><\/h4>\n<p><span style=\"font-size: 10pt;\"><sup><em>En cours depuis ao\u00fbt 2019<br \/>\n<\/em><\/sup><\/span><\/p>\n<p><span style=\"font-size: 10pt;\"><a href=\"https:\/\/asherhaimhalevi.ordisoftware.com\/works\/alliance\/\">Le mariage selon la Torah<\/a><\/span><\/p>\n<p><span style=\"font-size: 10pt;\">Le pouvoir de Dieu<\/span><\/td>\n<td style=\"vertical-align: top; text-align: left; width: 5px;\"><\/td>\n<td style=\"width: 120px; vertical-align: top; text-align: center;\"><a href=\"https:\/\/asherhaimhalevi.ordisoftware.com\/works\/alliance\/\"><img decoding=\"async\" class=\"image-bordered-nopad aligncenter wp-image-836\" src=\"https:\/\/asherhaimhalevi.ordisoftware.com\/wp-content\/uploads\/2021\/04\/Book-Cover-Lalliance-v1-Front-141x200.jpg\" alt=\"\" width=\"106\" height=\"150\" srcset=\"https:\/\/asherhaimhalevi.ordisoftware.com\/wp-content\/uploads\/2021\/04\/Book-Cover-Lalliance-v1-Front-141x200.jpg 141w, https:\/\/asherhaimhalevi.ordisoftware.com\/wp-content\/uploads\/2021\/04\/Book-Cover-Lalliance-v1-Front-212x300.jpg 212w, https:\/\/asherhaimhalevi.ordisoftware.com\/wp-content\/uploads\/2021\/04\/Book-Cover-Lalliance-v1-Front-106x150.jpg 106w, https:\/\/asherhaimhalevi.ordisoftware.com\/wp-content\/uploads\/2021\/04\/Book-Cover-Lalliance-v1-Front-400x567.jpg 400w, https:\/\/asherhaimhalevi.ordisoftware.com\/wp-content\/uploads\/2021\/04\/Book-Cover-Lalliance-v1-Front.jpg 550w\" sizes=\"(max-width: 106px) 100vw, 106px\" \/><\/a><\/td>\n<\/tr>\n<tr>\n<td style=\"vertical-align: top; text-align: left;\">\n<h4 style=\"margin-top: 0px; text-transform: uppercase;\"><span id=\"Les_sefirot\"><span style=\"text-decoration: underline;\"><span style=\"font-size: 12pt;\"><a href=\"https:\/\/asherhaimhalevi.ordisoftware.com\/works\/sefirot\/\">Les s\u00e9firot<\/a><\/span><\/span><\/span><\/h4>\n<p><span style=\"font-size: 10pt;\"><em><sup>En cours depuis ao\u00fbt 2019<\/sup><\/em><\/span><\/p>\n<p><span style=\"font-size: 10pt;\"><a href=\"https:\/\/asherhaimhalevi.ordisoftware.com\/works\/sefirot\/\">Les dix dynamiques de la sortie de Mitsra\u00efm<\/a><\/span><\/p>\n<p><span style=\"font-size: 10pt;\">La lib\u00e9ration des illusions et des mensonges<\/span><\/td>\n<td style=\"vertical-align: top; text-align: left; width: 5px;\"><\/td>\n<td style=\"width: 120px; vertical-align: top; text-align: center;\"><a href=\"https:\/\/asherhaimhalevi.ordisoftware.com\/works\/sefirot\/\"><img decoding=\"async\" class=\"image-bordered-nopad aligncenter wp-image-842\" src=\"https:\/\/asherhaimhalevi.ordisoftware.com\/wp-content\/uploads\/2021\/04\/Book-Cover-Les-sefirot-v1-Front-141x200.jpg\" alt=\"\" width=\"106\" height=\"150\" srcset=\"https:\/\/asherhaimhalevi.ordisoftware.com\/wp-content\/uploads\/2021\/04\/Book-Cover-Les-sefirot-v1-Front-141x200.jpg 141w, https:\/\/asherhaimhalevi.ordisoftware.com\/wp-content\/uploads\/2021\/04\/Book-Cover-Les-sefirot-v1-Front-212x300.jpg 212w, https:\/\/asherhaimhalevi.ordisoftware.com\/wp-content\/uploads\/2021\/04\/Book-Cover-Les-sefirot-v1-Front-106x150.jpg 106w, https:\/\/asherhaimhalevi.ordisoftware.com\/wp-content\/uploads\/2021\/04\/Book-Cover-Les-sefirot-v1-Front-400x567.jpg 400w, https:\/\/asherhaimhalevi.ordisoftware.com\/wp-content\/uploads\/2021\/04\/Book-Cover-Les-sefirot-v1-Front.jpg 550w\" sizes=\"(max-width: 106px) 100vw, 106px\" \/><\/a><\/td>\n<\/tr>\n<tr>\n<td style=\"vertical-align: top; text-align: left;\">\n<h4 style=\"margin-top: 0px; text-transform: uppercase;\"><span id=\"La_musique\"><span style=\"text-decoration: underline;\"><a href=\"https:\/\/asherhaimhalevi.ordisoftware.com\/works\/music\/\"><span style=\"font-size: 12pt;\">La musique<\/span><\/a><\/span><\/span><\/h4>\n<p><span style=\"font-size: 10pt;\"><em><sup>A para\u00eetre apr\u00e8s les autres ouvrages<br \/>\n<\/sup><\/em><\/span><\/p>\n<p><a href=\"https:\/\/asherhaimhalevi.ordisoftware.com\/works\/music\/\"><span style=\"font-size: 10pt;\">Le shofar ou l'unit\u00e9 de la multitude des instruments<\/span><\/a><\/p>\n<p><span style=\"font-size: 10pt;\">L'action des sons sur le cerveau du corps<\/span><\/td>\n<td style=\"vertical-align: top; text-align: left; width: 5px;\"><\/td>\n<td style=\"width: 120px; vertical-align: top; text-align: center;\"><a href=\"https:\/\/asherhaimhalevi.ordisoftware.com\/works\/music\/\"><img decoding=\"async\" class=\"image-bordered-nopad aligncenter wp-image-5017\" src=\"https:\/\/asherhaimhalevi.ordisoftware.com\/wp-content\/uploads\/2022\/09\/Book-Cover-La-musique-v1-Front-141x200.jpg\" alt=\"\" width=\"106\" height=\"150\" \/><\/a><\/td>\n<\/tr>\n<tr>\n<td style=\"vertical-align: top; text-align: left;\">\n<h4 style=\"margin-top: 0px; text-transform: uppercase;\"><span id=\"Lengendrement\"><span style=\"font-size: 12pt;\"><span style=\"text-decoration: underline;\">L'engendrement<\/span><br \/>\n<\/span><\/span><\/h4>\n<p><span style=\"font-size: 10pt;\"><em><sup>A para\u00eetre apr\u00e8s les autres ouvrages<br \/>\n<\/sup><\/em><\/span><\/p>\n<p><span style=\"font-size: 10pt;\">La Torah acquise par l'\u00e9tude<br \/>\net la Torah inn\u00e9e \u00e0 d\u00e9voiler<br \/>\n<\/span><\/p>\n<p><span style=\"font-size: 10pt;\">Le centrosome du m\u00e2le<br \/>\net la mitochondrie de la femelle<\/span><\/td>\n<td style=\"vertical-align: top; text-align: left; width: 5px;\"><\/td>\n<td style=\"width: 120px; vertical-align: top; text-align: center;\"><img decoding=\"async\" class=\"image-bordered-nopad aligncenter wp-image-5068\" src=\"https:\/\/asherhaimhalevi.ordisoftware.com\/wp-content\/uploads\/2022\/09\/Book-Cover-Lengendrement-Cover-1-141x200.jpg\" alt=\"\" width=\"106\" height=\"150\" srcset=\"https:\/\/asherhaimhalevi.ordisoftware.com\/wp-content\/uploads\/2022\/09\/Book-Cover-Lengendrement-Cover-1-141x200.jpg 141w, https:\/\/asherhaimhalevi.ordisoftware.com\/wp-content\/uploads\/2022\/09\/Book-Cover-Lengendrement-Cover-1-212x300.jpg 212w, https:\/\/asherhaimhalevi.ordisoftware.com\/wp-content\/uploads\/2022\/09\/Book-Cover-Lengendrement-Cover-1-106x150.jpg 106w, https:\/\/asherhaimhalevi.ordisoftware.com\/wp-content\/uploads\/2022\/09\/Book-Cover-Lengendrement-Cover-1-400x567.jpg 400w, https:\/\/asherhaimhalevi.ordisoftware.com\/wp-content\/uploads\/2022\/09\/Book-Cover-Lengendrement-Cover-1.jpg 550w\" sizes=\"(max-width: 106px) 100vw, 106px\" \/><\/td>\n<\/tr>\n<tr>\n<td style=\"vertical-align: top; text-align: left;\">\n<h4 style=\"margin-top: 0px; text-transform: uppercase;\"><span id=\"Leducation\"><span style=\"font-size: 12pt;\"><span style=\"text-decoration: underline;\">L'\u00e9ducation<\/span><br \/>\n<\/span><\/span><\/h4>\n<p><span style=\"font-size: 10pt;\"><em><sup>A para\u00eetre apr\u00e8s les autres ouvrages<br \/>\n<\/sup><\/em><\/span><\/p>\n<p><span style=\"font-size: 10pt;\">La transmission de la connaissance<br \/>\net des aptitudes<\/span><\/p>\n<p><span style=\"font-size: 10pt;\">La ma\u00eetrise du corps<br \/>\nLe contr\u00f4le des \u00e9motions<br \/>\nL'orientation du mental<\/span><\/td>\n<td style=\"vertical-align: top; text-align: left; width: 5px;\"><\/td>\n<td style=\"width: 120px; vertical-align: top; text-align: center;\"><img decoding=\"async\" class=\"image-bordered-nopad aligncenter wp-image-5067\" src=\"https:\/\/asherhaimhalevi.ordisoftware.com\/wp-content\/uploads\/2022\/09\/Book-Cover-Leducation-Cover-1-141x200.jpg\" alt=\"\" width=\"106\" height=\"150\" srcset=\"https:\/\/asherhaimhalevi.ordisoftware.com\/wp-content\/uploads\/2022\/09\/Book-Cover-Leducation-Cover-1-141x200.jpg 141w, https:\/\/asherhaimhalevi.ordisoftware.com\/wp-content\/uploads\/2022\/09\/Book-Cover-Leducation-Cover-1-212x300.jpg 212w, https:\/\/asherhaimhalevi.ordisoftware.com\/wp-content\/uploads\/2022\/09\/Book-Cover-Leducation-Cover-1-106x150.jpg 106w, https:\/\/asherhaimhalevi.ordisoftware.com\/wp-content\/uploads\/2022\/09\/Book-Cover-Leducation-Cover-1-400x567.jpg 400w, https:\/\/asherhaimhalevi.ordisoftware.com\/wp-content\/uploads\/2022\/09\/Book-Cover-Leducation-Cover-1.jpg 550w\" sizes=\"(max-width: 106px) 100vw, 106px\" \/><\/td>\n<\/tr>\n<tr>\n<td style=\"vertical-align: top; text-align: left;\">\n<h4 style=\"margin-top: 0px; text-transform: uppercase;\"><span id=\"La_justice\"><span style=\"font-size: 12pt;\"><span style=\"text-decoration: underline;\">La justice<\/span><br \/>\n<\/span><\/span><\/h4>\n<p><span style=\"font-size: 10pt;\"><em><sup>A para\u00eetre apr\u00e8s les autres ouvrages<br \/>\n<\/sup><\/em><\/span><\/p>\n<p><span style=\"font-size: 10pt;\">L'action des lois des humains<br \/>\net l'effet des lois de la torah<\/span><\/p>\n<p><span style=\"font-size: 10pt;\">Juste et honn\u00eate vs injuste et malhonn\u00eate<br \/>\nBont\u00e9 et compassion vs m\u00e9chancet\u00e9 et piti\u00e9<\/span><\/td>\n<td style=\"vertical-align: top; text-align: left; width: 5px;\"><\/td>\n<td style=\"width: 120px; vertical-align: top; text-align: center;\"><img decoding=\"async\" class=\"image-bordered-nopad aligncenter wp-image-5162\" src=\"https:\/\/asherhaimhalevi.ordisoftware.com\/wp-content\/uploads\/2022\/10\/Book-Cover-La-justice-v1-Front-141x200.jpg\" alt=\"\" width=\"106\" height=\"150\" srcset=\"https:\/\/asherhaimhalevi.ordisoftware.com\/wp-content\/uploads\/2022\/10\/Book-Cover-La-justice-v1-Front-141x200.jpg 141w, https:\/\/asherhaimhalevi.ordisoftware.com\/wp-content\/uploads\/2022\/10\/Book-Cover-La-justice-v1-Front-212x300.jpg 212w, https:\/\/asherhaimhalevi.ordisoftware.com\/wp-content\/uploads\/2022\/10\/Book-Cover-La-justice-v1-Front-106x150.jpg 106w, https:\/\/asherhaimhalevi.ordisoftware.com\/wp-content\/uploads\/2022\/10\/Book-Cover-La-justice-v1-Front-400x567.jpg 400w, https:\/\/asherhaimhalevi.ordisoftware.com\/wp-content\/uploads\/2022\/10\/Book-Cover-La-justice-v1-Front.jpg 550w\" sizes=\"(max-width: 106px) 100vw, 106px\" \/><\/td>\n<\/tr>\n<tr>\n<td style=\"vertical-align: top; text-align: left;\">\n<h4 style=\"margin-top: 0px; text-transform: uppercase;\"><span id=\"Les_civilisations\"><span style=\"font-size: 12pt;\"><span style=\"text-decoration: underline;\">Les civilisations<\/span><br \/>\n<\/span><\/span><\/h4>\n<p><span style=\"font-size: 10pt;\"><em><sup>A para\u00eetre apr\u00e8s les autres ouvrages<br \/>\n<\/sup><\/em><\/span><\/p>\n<p><span style=\"font-size: 10pt;\">Les lois de la Torah et la vie des cultures<\/span><\/p>\n<p><span style=\"font-size: 10pt;\">Cr\u00e9ation <\/span><span style=\"font-size: 10pt;\">Expansion R\u00e9cession Disparition<\/span><\/td>\n<td style=\"vertical-align: top; text-align: left; width: 5px;\"><\/td>\n<td style=\"width: 120px; vertical-align: top; text-align: center;\"><img decoding=\"async\" class=\"image-bordered-nopad aligncenter wp-image-5160\" src=\"https:\/\/asherhaimhalevi.ordisoftware.com\/wp-content\/uploads\/2022\/10\/Book-Cover-Les-civilisations-v1-Front-141x200.jpg\" alt=\"\" width=\"106\" height=\"150\" srcset=\"https:\/\/asherhaimhalevi.ordisoftware.com\/wp-content\/uploads\/2022\/10\/Book-Cover-Les-civilisations-v1-Front-141x200.jpg 141w, https:\/\/asherhaimhalevi.ordisoftware.com\/wp-content\/uploads\/2022\/10\/Book-Cover-Les-civilisations-v1-Front-212x300.jpg 212w, https:\/\/asherhaimhalevi.ordisoftware.com\/wp-content\/uploads\/2022\/10\/Book-Cover-Les-civilisations-v1-Front-106x150.jpg 106w, https:\/\/asherhaimhalevi.ordisoftware.com\/wp-content\/uploads\/2022\/10\/Book-Cover-Les-civilisations-v1-Front-400x567.jpg 400w, https:\/\/asherhaimhalevi.ordisoftware.com\/wp-content\/uploads\/2022\/10\/Book-Cover-Les-civilisations-v1-Front.jpg 550w\" sizes=\"(max-width: 106px) 100vw, 106px\" \/><\/td>\n<\/tr>\n<tr>\n<td style=\"vertical-align: top; text-align: left;\">\n<h4 style=\"margin-top: 0px; text-transform: uppercase;\"><span id=\"Epitaphe\"><span style=\"text-decoration: underline;\"><span style=\"font-size: 12pt;\"><a href=\"https:\/\/asherhaimhalevi.ordisoftware.com\/works\/epitaph\/\">\u00c9pitaphe<\/a><\/span><\/span><\/span><\/h4>\n<p><span style=\"font-size: 10pt;\"><em><sup>En cours depuis septembre 2021<\/sup><\/em><\/span><\/p>\n<p><span style=\"font-size: 10pt;\"><a href=\"https:\/\/asherhaimhalevi.ordisoftware.com\/works\/epitaph\/\">\u00c9pitaphe pour K\u00e9mistes de K\u00e9met<\/a><\/span><\/p>\n<p><span style=\"font-size: 10pt;\">Le pays des trucs bien ronds et tr\u00e8s carr\u00e9s<br \/>\navec aussi des triangles, des rectangles,<br \/>\ndes plumes et des plateaux<\/span><\/p>\n<p><span style=\"font-size: 10pt;\">Les hi\u00e9roglyphes de l'initiation<br \/>\n\u00e0 la loi en vigueur chez les humains<br \/>\n<\/span><span style=\"font-size: 10pt;\">et \u00e0 la science sacr\u00e9e de la Torah<br \/>\n<\/span><\/p>\n<p><span style=\"font-size: 10pt;\">Suivit d'une \u00e9tude de la Rosa Cosmica<\/span><\/td>\n<td style=\"vertical-align: top; text-align: left; width: 5px;\"><\/td>\n<td style=\"width: 120px; vertical-align: top; text-align: center;\"><a href=\"https:\/\/asherhaimhalevi.ordisoftware.com\/works\/epitaph\/\"><img decoding=\"async\" class=\"image-bordered-nopad aligncenter wp-image-3101\" src=\"https:\/\/asherhaimhalevi.ordisoftware.com\/wp-content\/uploads\/2022\/02\/book-cover-epitaphe-v1-front-141x200.jpg\" alt=\"\" width=\"106\" height=\"150\" srcset=\"https:\/\/asherhaimhalevi.ordisoftware.com\/wp-content\/uploads\/2022\/02\/book-cover-epitaphe-v1-front-141x200.jpg 141w, https:\/\/asherhaimhalevi.ordisoftware.com\/wp-content\/uploads\/2022\/02\/book-cover-epitaphe-v1-front-212x300.jpg 212w, https:\/\/asherhaimhalevi.ordisoftware.com\/wp-content\/uploads\/2022\/02\/book-cover-epitaphe-v1-front-106x150.jpg 106w, https:\/\/asherhaimhalevi.ordisoftware.com\/wp-content\/uploads\/2022\/02\/book-cover-epitaphe-v1-front-400x567.jpg 400w, https:\/\/asherhaimhalevi.ordisoftware.com\/wp-content\/uploads\/2022\/02\/book-cover-epitaphe-v1-front.jpg 550w\" sizes=\"(max-width: 106px) 100vw, 106px\" \/><\/a><\/td>\n<\/tr>\n<\/tbody>\n<\/table>\n<\/td>\n<\/tr>\n<\/tbody>\n<\/table>\n<h3><span id=\"Publications_secondaires\">Publications secondaires<\/span><\/h3>\n<table style=\"width: 100%; border-collapse: collapse; border: 1px solid #BBBBBB; margin-top: 25px;\">\n<tbody>\n<tr>\n<td style=\"width: 100%; padding: 0px 20px 10px 30px;\">\n<table style=\"width: 100%;\">\n<tbody>\n<tr>\n<td style=\"vertical-align: top; text-align: left;\">\n<h4 style=\"margin-top: 0px; text-transform: uppercase;\"><span id=\"Addenda_1_la_representation\"><span style=\"text-decoration: underline;\"><span style=\"font-size: 12pt;\"><a href=\"https:\/\/asherhaimhalevi.ordisoftware.com\/author\/addenda1-text\/\">Addenda 1 : la repr\u00e9sentation<\/a><\/span><\/span><\/span><\/h4>\n<p><span style=\"font-size: 10pt;\"><em><sup>Premi\u00e8re \u00e9dition imprim\u00e9e publi\u00e9e en ao\u00fbt 2022<br \/>\n<\/sup><\/em><\/span><\/p>\n<p><span style=\"font-size: 10pt;\"><a href=\"https:\/\/asherhaimhalevi.ordisoftware.com\/author\/addenda1-text\/\">Pour les pitres et les pitresses<br \/>\ndu ninternet des rabbins<\/a><\/span><\/p>\n<p><span style=\"font-size: 10pt;\">Roman dialogu\u00e9 de science romantique mise en fiction<br \/>\npar les technologies du troisi\u00e8me mill\u00e9naire EC<\/span><\/td>\n<td style=\"vertical-align: top; text-align: left; width: 5px;\"><\/td>\n<td style=\"width: 120px; vertical-align: top; text-align: center;\"><a href=\"https:\/\/asherhaimhalevi.ordisoftware.com\/author\/addenda1-text\/\"><img decoding=\"async\" class=\"image-bordered-nopad aligncenter wp-image-5084\" src=\"https:\/\/asherhaimhalevi.ordisoftware.com\/wp-content\/uploads\/2022\/09\/Book-Cover-Addenda1-v1-Front-141x200.png\" alt=\"\" width=\"106\" height=\"150\" srcset=\"https:\/\/asherhaimhalevi.ordisoftware.com\/wp-content\/uploads\/2022\/09\/Book-Cover-Addenda1-v1-Front-141x200.png 141w, https:\/\/asherhaimhalevi.ordisoftware.com\/wp-content\/uploads\/2022\/09\/Book-Cover-Addenda1-v1-Front-212x300.png 212w, https:\/\/asherhaimhalevi.ordisoftware.com\/wp-content\/uploads\/2022\/09\/Book-Cover-Addenda1-v1-Front-106x150.png 106w, https:\/\/asherhaimhalevi.ordisoftware.com\/wp-content\/uploads\/2022\/09\/Book-Cover-Addenda1-v1-Front-400x567.png 400w, https:\/\/asherhaimhalevi.ordisoftware.com\/wp-content\/uploads\/2022\/09\/Book-Cover-Addenda1-v1-Front.png 550w\" sizes=\"(max-width: 106px) 100vw, 106px\" \/><\/a><\/td>\n<\/tr>\n<tr>\n<td style=\"vertical-align: top; text-align: left;\">\n<h4 style=\"margin-top: 0px; text-transform: uppercase;\"><span id=\"Addenda_2_les_coulisses\"><a href=\"https:\/\/asherhaimhalevi.ordisoftware.com\/author\/addenda2-text\/\"><span style=\"text-decoration: underline;\"><span style=\"font-size: 12pt;\">Addenda 2 : les coulisses<\/span><\/span><\/a><\/span><\/h4>\n<p><span style=\"font-size: 10pt;\"><em><sup>Premi\u00e8re \u00e9dition imprim\u00e9e publi\u00e9e en novembre 2022<\/sup><\/em><\/span><\/p>\n<p><a href=\"https:\/\/asherhaimhalevi.ordisoftware.com\/author\/addenda2-text\/\"><span style=\"font-size: 10pt;\">Pour les pitres et les pitresses<br \/>\ndu ninternet des rabbins<\/span><\/a><\/p>\n<p><span style=\"font-size: 10pt;\">Roman dialogu\u00e9 de science romantique mise en fiction<br \/>\npar les technologies du troisi\u00e8me mill\u00e9naire EC<\/span><\/td>\n<td style=\"vertical-align: top; text-align: left; width: 5px;\"><\/td>\n<td style=\"width: 120px; vertical-align: top; text-align: center;\"><a href=\"https:\/\/asherhaimhalevi.ordisoftware.com\/author\/addenda2-text\/\"><img decoding=\"async\" class=\"image-bordered-nopad alignnone wp-image-5258\" src=\"https:\/\/asherhaimhalevi.ordisoftware.com\/wp-content\/uploads\/2022\/10\/Book-Cover-Addenda2-v1-Front-141x200.png\" alt=\"\" width=\"106\" height=\"150\" srcset=\"https:\/\/asherhaimhalevi.ordisoftware.com\/wp-content\/uploads\/2022\/10\/Book-Cover-Addenda2-v1-Front-141x200.png 141w, https:\/\/asherhaimhalevi.ordisoftware.com\/wp-content\/uploads\/2022\/10\/Book-Cover-Addenda2-v1-Front-212x300.png 212w, https:\/\/asherhaimhalevi.ordisoftware.com\/wp-content\/uploads\/2022\/10\/Book-Cover-Addenda2-v1-Front-106x150.png 106w, https:\/\/asherhaimhalevi.ordisoftware.com\/wp-content\/uploads\/2022\/10\/Book-Cover-Addenda2-v1-Front-400x567.png 400w, https:\/\/asherhaimhalevi.ordisoftware.com\/wp-content\/uploads\/2022\/10\/Book-Cover-Addenda2-v1-Front.png 550w\" sizes=\"(max-width: 106px) 100vw, 106px\" \/><\/a><\/td>\n<\/tr>\n<\/tbody>\n<\/table>\n<\/td>\n<\/tr>\n<\/tbody>\n<\/table>\n<h3><span id=\"Commentaire\">Commentaire<\/span><\/h3>\n<h4><span id=\"Ne_pas_tirer_profit_de_la_connaissance_comme_de_laide_et_la_justice\">Ne pas tirer profit de la connaissance comme de l'aide et la justice<\/span><\/h4>\n<p>Ces livres libres en fran\u00e7ais portent sur une ex\u00e9g\u00e8se physicaliste de la Torah et de la Bible h\u00e9bra\u00efque, et un peu sur les Sutras, les \u00c9vangiles, le Quran et les Hi\u00e9roglyphes avec parfois des Runes, concernant YHVH ou HaShem ou Adona\u00ef ou Th\u00e9os ou Allah ou \u00c9ternel ou ADN de Elohim ou Dieu ou D\u00e9miurge ou Cr\u00e9ateur, c'est-\u00e0-dire les lois g\u00e9n\u00e9tiques du vivant qui sont incluses dans l'ensemble total des lois de l'univers visible et invisible aux perceptions des humains et qui cr\u00e9ent, font exister, font interagir et d\u00e9truisent les choses du monde global.<\/p>\n<p>Ne pas tirer profit signifie ne pas r\u00e9clamer et accepter de compensation \u00e0 titre personnel au-del\u00e0 de couvrir sans exc\u00e8s ni plus ni moins que les frais mod\u00e9r\u00e9s de vie tels que nourriture, v\u00eatements, logement, transport, loisirs et autres n\u00e9cessit\u00e9s de consommation ou de survie, ainsi que les frais de travail un minimum confortable pour les outils, les mat\u00e9riaux et les locaux ; car en vertu de la Torah et de la loi en vigueur sur Terre via par exemple la D\u00e9claration Universelle des Droits des Humains et la Constitution fran\u00e7aise, faire du b\u00e9n\u00e9fice ne doit concerner que le commerce non vital qui n'est pas relatif \u00e0 l'administration publique, \u00e0 l'\u00e9ducation, \u00e0 la sant\u00e9, \u00e0 l'aide et \u00e0 la justice, laboratoires de recherche fondamentale, forces de d\u00e9fense et voirie des ponts et chauss\u00e9es inclus<\/p>\n<p>Quran 76.9 Litt\u00e9ral : \"Si nous [les scribes] nourrissons vous [les \u00e9tudiants] {instruire sur la Loi en vigueur} gratuitement (sans profit) [c'est pour] Allah {Allahi}, ne pas nous d\u00e9sirons de vous un b\u00e9n\u00e9fice ni une r\u00e9compense\".<\/p>\n<h4><span id=\"Le_but_de_la_Torah_est_la_paix_la_joie_et_la_sante_de_tout_le_monde\">Le but de la Torah est la paix, la joie et la sant\u00e9 de tout le monde<\/span><\/h4>\n<p>Le don de la Torah est pour que HaShem de Elohim fasse sortir les humains de Mitsra\u00efm, le monde de l'ignorance et des manigances, et ce, afin de savoir que Dieu seul cr\u00e9\u00e9 et dirige m\u00e9caniquement sans volont\u00e9 propre temporelle et par-dessus les d\u00e9cisions et les pouvoirs des humains, dans le but que ceux qui la re\u00e7oivent et l'acceptent puissent \u00e9tudier \u00e0 jamais les lois de l'univers et de la vie gr\u00e2ce \u00e0 la Doctrine qui guide et prot\u00e8ge, quelles que soient la langue et la culture ou l'ethnie et la ville, et ce, pour agir bien envers toute forme de vie et ne pas nuire \u00e0 qui que ce soit, y compris blesser ou tuer, m\u00eame les m\u00e9chants, et pour aider l'esp\u00e8ce et chaque individu \u00e0 vivre heureux et prosp\u00e8re avec le moins de probl\u00e8mes et de souffrances possibles, en am\u00e9liorant les comportements et en soignant les bless\u00e9s, dans la mesure du possible, que le mal soit d'origine humaine ou naturelle.<\/p>\n<h3 style=\"margin-top: 20px;\"><span id=\"Ressources\">Ressources<\/span><\/h3>\n<table style=\"border-collapse: collapse; width: 100%; margin-top: 20px; margin-bottom: 30px;\">\n<tbody>\n<tr>\n<td style=\"width: 25%; text-align: center;\"><a href=\"https:\/\/www.youtube.com\/playlist?list=PLSn7yTHwEx-DL6u9qWpRtF1vEAEVxe1Hk\" target=\"_blank\" rel=\"noopener\"><img decoding=\"async\" class=\"alignnone\" style=\"margin-bottom: 5px;\" src=\"\/wp-content\/theming\/buttons\/video.png\" alt=\"\" width=\"25\" height=\"25\" \/><\/a><br \/>\n<a href=\"https:\/\/www.youtube.com\/playlist?list=PLSn7yTHwEx-DL6u9qWpRtF1vEAEVxe1Hk\" target=\"_blank\" rel=\"noopener\">YouTube<\/a><\/td>\n<td style=\"width: 25%; text-align: center;\"><a href=\"https:\/\/asherhaimhalevi.ordisoftware.com\/works\/audio-video\/#audio\"><img decoding=\"async\" class=\"alignnone\" style=\"margin-bottom: 5px;\" src=\"\/wp-content\/theming\/buttons\/audio.png\" alt=\"\" width=\"25\" height=\"25\" \/><\/a><br \/>\n<a href=\"https:\/\/asherhaimhalevi.ordisoftware.com\/works\/audio-video\/#audio\">MP3<\/a><\/td>\n<td style=\"width: 25%; text-align: center;\"><a href=\"https:\/\/asherhaimhalevi.ordisoftware.com\/works\/software\/\" rel=\"noopener\"><img decoding=\"async\" class=\"alignnone\" style=\"margin-bottom: 3px; margin-top: 2px;\" src=\"\/wp-content\/theming\/buttons\/desktop.png\" alt=\"\" width=\"25\" height=\"25\" \/><\/a><br \/>\n<a href=\"https:\/\/asherhaimhalevi.ordisoftware.com\/works\/software\/\" rel=\"noopener\">Logiciels<\/a><\/td>\n<td style=\"width: 25%; text-align: center;\"><a href=\"https:\/\/github.com\/Ordisoftware\/Torah-Physicalist-Exegesis-Books\" target=\"_blank\" rel=\"noopener\"><img decoding=\"async\" class=\"alignnone\" style=\"margin-bottom: 3px; margin-top: 2px;\" src=\"\/wp-content\/theming\/buttons\/archive.png\" alt=\"\" width=\"25\" height=\"25\" \/><\/a><br \/>\n<a href=\"https:\/\/github.com\/Ordisoftware\/Torah-Physicalist-Exegesis-Books\" target=\"_blank\" rel=\"noopener\">GitHub<\/a><\/td>\n<\/tr>\n<\/tbody>\n<\/table>\n<p><a href=\"https:\/\/asherhaimhalevi.ordisoftware.com\/works\/epitaph\/\"><img decoding=\"async\" class=\"aligncenter size-full wp-image-1503\" src=\"https:\/\/asherhaimhalevi.ordisoftware.com\/wp-content\/uploads\/2021\/04\/ALM.jpg\" alt=\"\" width=\"100\" height=\"133\" \/><\/a><\/p>\n<p style=\"text-align: center; margin-top: 10px;\"><span style=\"font-size: 12pt; color: #888888; font-family: times new roman, times, serif;\"><a style=\"color: #888888;\" href=\"https:\/\/asherhaimhalevi.ordisoftware.com\/works\/epitaph\/\">\u03c0\u00b2 \u2248 G<\/a><\/span><\/p>\n<p style=\"text-align: center; margin-top: 5px;\"><span style=\"font-size: 10pt; color: #888888; font-family: times new roman, times, serif;\"><a style=\"color: #888888;\" href=\"https:\/\/asherhaimhalevi.ordisoftware.com\/works\/epitaph\/\">H<sub>2<\/sub>O<\/a><\/span><\/p>\n<p style=\"text-align: center; margin-top: 5px;\"><span style=\"font-size: 8pt; color: #888888; font-family: times new roman, times, serif;\"><a style=\"color: #888888;\" href=\"https:\/\/asherhaimhalevi.ordisoftware.com\/works\/epitaph\/\">\ud83c\udf22<\/a><\/span><\/p>\n<p style=\"text-align: center; margin-top: 5px; margin-bottom: 30px;\"><span style=\"font-size: 14pt; color: #888888; font-family: times new roman, times, serif;\"><a style=\"color: #888888;\" href=\"https:\/\/asherhaimhalevi.ordisoftware.com\/works\/epitaph\/\">\u2313<\/a><\/span><\/p>\n<p><a href=\"https:\/\/asherhaimhalevi.ordisoftware.com\/wp-content\/uploads\/2022\/11\/11Iyar5749-profile-lubavitcher-rebbe.jpg\"><img decoding=\"async\" class=\"image-bordered-p aligncenter wp-image-5526 size-medium\" src=\"https:\/\/asherhaimhalevi.ordisoftware.com\/wp-content\/uploads\/2022\/11\/11Iyar5749-profile-lubavitcher-rebbe-226x300.jpg\" alt=\"\" width=\"226\" height=\"300\" srcset=\"https:\/\/asherhaimhalevi.ordisoftware.com\/wp-content\/uploads\/2022\/11\/11Iyar5749-profile-lubavitcher-rebbe-226x300.jpg 226w, https:\/\/asherhaimhalevi.ordisoftware.com\/wp-content\/uploads\/2022\/11\/11Iyar5749-profile-lubavitcher-rebbe-771x1024.jpg 771w, https:\/\/asherhaimhalevi.ordisoftware.com\/wp-content\/uploads\/2022\/11\/11Iyar5749-profile-lubavitcher-rebbe-151x200.jpg 151w, https:\/\/asherhaimhalevi.ordisoftware.com\/wp-content\/uploads\/2022\/11\/11Iyar5749-profile-lubavitcher-rebbe-768x1020.jpg 768w, https:\/\/asherhaimhalevi.ordisoftware.com\/wp-content\/uploads\/2022\/11\/11Iyar5749-profile-lubavitcher-rebbe-113x150.jpg 113w, https:\/\/asherhaimhalevi.ordisoftware.com\/wp-content\/uploads\/2022\/11\/11Iyar5749-profile-lubavitcher-rebbe-400x531.jpg 400w, https:\/\/asherhaimhalevi.ordisoftware.com\/wp-content\/uploads\/2022\/11\/11Iyar5749-profile-lubavitcher-rebbe.jpg 800w\" sizes=\"(max-width: 226px) 100vw, 226px\" \/><\/a><\/p>\n<p style=\"text-align: center; margin-top: -15px;\"><span style=\"font-size: 10px;\">Rabbi Menachem Mendel Schneerson - CC BY-SA 4.0<\/span><\/p>\n<\/p>","protected":false},"excerpt":{"rendered":"<p>Livres libres en fran\u00e7ais sur une ex\u00e9g\u00e8se physicaliste de la Torah et de la Bible h\u00e9bra\u00efque, et un peu sur les Sutras, les \u00c9vangiles, le Quran et les Hi\u00e9roglyphes. <\/p>\n<p><span style=\"color:#333\"> &rarr; <a href=\"https:\/\/asherhaimhalevi.ordisoftware.com\/works\/\">Lire la suite<\/a><\/span><\/p>\n","protected":false},"author":1,"featured_media":0,"parent":0,"menu_order":61,"comment_status":"closed","ping_status":"closed","template":"","meta":[],"_links":{"self":[{"href":"https:\/\/asherhaimhalevi.ordisoftware.com\/wp-json\/wp\/v2\/pages\/160"}],"collection":[{"href":"https:\/\/asherhaimhalevi.ordisoftware.com\/wp-json\/wp\/v2\/pages"}],"about":[{"href":"https:\/\/asherhaimhalevi.ordisoftware.com\/wp-json\/wp\/v2\/types\/page"}],"author":[{"embeddable":true,"href":"https:\/\/asherhaimhalevi.ordisoftware.com\/wp-json\/wp\/v2\/users\/1"}],"replies":[{"embeddable":true,"href":"https:\/\/asherhaimhalevi.ordisoftware.com\/wp-json\/wp\/v2\/comments?post=160"}],"version-history":[{"count":0,"href":"https:\/\/asherhaimhalevi.ordisoftware.com\/wp-json\/wp\/v2\/pages\/160\/revisions"}],"wp:attachment":[{"href":"https:\/\/asherhaimhalevi.ordisoftware.com\/wp-json\/wp\/v2\/media?parent=160"}],"curies":[{"name":"wp","href":"https:\/\/api.w.org\/{rel}","templated":true}]}}