{"id":187,"date":"2021-03-31T10:17:54","date_gmt":"2021-03-31T08:17:54","guid":{"rendered":"https:\/\/asherhaimhalevi.ordisoftware.com\/?page_id=187"},"modified":"2022-11-11T09:45:32","modified_gmt":"2022-11-11T08:45:32","slug":"author","status":"publish","type":"page","link":"https:\/\/asherhaimhalevi.ordisoftware.com\/author\/","title":{"rendered":"Au sujet de l'auteur"},"content":{"rendered":"<p style=\"margin-bottom:25px;\"><p><sup><i><em>Premi\u00e8re r\u00e9daction <\/em>fin 2011<br \/>\nDerni\u00e8re mise \u00e0 jour d\u00e9but 2022<\/i><\/sup><\/p>\n<div style=\"margin-top: 15px;\" id=\"toc_container\" class=\"no_bullets\"><ul class=\"toc_list\"><li><a href=\"#Synopsis\">Synopsis<\/a><\/li><li><a href=\"#Presentation\">Pr\u00e9sentation<\/a><\/li><li><a href=\"#Formation\">Formation<\/a><\/li><li><a href=\"#Condition_de_vie\">Condition de vie<\/a><\/li><li><a href=\"#Affliction_imposee\">Affliction impos\u00e9e<\/a><\/li><li><a href=\"#Decision_funeste\">D\u00e9cision funeste<\/a><\/li><\/ul><\/div>\n<h3><span id=\"Synopsis\">Synopsis<\/span><\/h3>\n<div>\n<p>L'auteur est n\u00e9 immunod\u00e9prim\u00e9, mais non diagnostiqu\u00e9 durant 45 ans, le matin du 3 juillet 1973 \u00e0 la Polyclinique Saint Roch de Montpellier en France. Il est fils d'enseignants, petit-fils d'ouvriers et neveu par alliance d'un membre de la famille d'un ancien Pr\u00e9sident de Conseil R\u00e9gional, ancien Pr\u00e9sident de Conseil G\u00e9n\u00e9ral, ancien D\u00e9put\u00e9, ancien Maire, Chevalier de la L\u00e9gion d'Honneur et Officier du M\u00e9rite Agricole. Les sujets de soci\u00e9t\u00e9 essentiels et les causes humanitaires importantes pour lui sont la lutte contre l'analphab\u00e9tisme et l'ignorance, le respect des droits des humains et des animaux, la protection de la sant\u00e9 et des biens des personnes, l'administration loyale de l'aide et de la justice, ainsi que le discernement scientifique et technologique.<\/p>\n<p>Depuis mai 2004, janvier 1997 pour \u00eatre scrupuleux car c'est la date \u00e0 laquelle il a \u00e9crit pour la premi\u00e8re fois \u00e0 la Compagnie Mutuelle d'Assurance, il est dans l'attente d'\u00eatre soign\u00e9 et aid\u00e9 de mani\u00e8re adapt\u00e9e, s\u00fbre et efficace dans les meilleures conditions d'acc\u00e8s en vertu de la l\u00e9gislation en vigueur, ainsi que d'avoir l'usage du droit universel, constitutionnel et l\u00e9gal de t\u00e9moigner du pr\u00e9judice subit devant une cour de justice comp\u00e9tente assist\u00e9 d'un avocat aussi honn\u00eate et int\u00e8gre qu'incorruptible et fid\u00e8le \u00e0 la loi, afin de pouvoir travailler correctement, de payer le juste imp\u00f4t et de vivre dans de bonnes conditions, sans nuisances et sans souffrances aussi cruellement qu'inutilement et continuellement impos\u00e9es par des cong\u00e9n\u00e8res et par des dirigeants.<\/p>\n<p>Subissant r\u00e9guli\u00e8rement des infections et des traumatismes corporels caus\u00e9s par des tiers humains, c'est en l'absence d'une prise en charge auditive adapt\u00e9e et de soins locomoteurs, dentaires et immunologiques appropri\u00e9s que depuis des ann\u00e9es il est empoisonn\u00e9, calomni\u00e9, discrimin\u00e9, menac\u00e9 et tortur\u00e9 par une certaine quantit\u00e9 de personnes pour \u00eatre spoli\u00e9, ruin\u00e9, immobilis\u00e9, isol\u00e9 et abandonn\u00e9 sans assistance par les autorit\u00e9s qui lui retirent ill\u00e9galement ses droits fondamentaux tout en faisant obstruction aux demandes de recours.<\/p>\n<p>Afin de lui faire renoncer \u00e0 ses dol\u00e9ances, il a \u00e9t\u00e9 kidnapp\u00e9 par les forces de l'ordre et s\u00e9questr\u00e9 en milieu hospitalier pour \u00eatre tortur\u00e9 et empoisonn\u00e9 par deux fois, en d\u00e9cembre 2006 et de mai 2018 \u00e0 avril 2019, sur le pr\u00e9texte de \"d\u00e9lire de pr\u00e9judice corporel et revendication de justice\" puis \"d\u00e9lire hypocondriaque parano\u00efaque\", le dossier des preuves \u00e9tant ignor\u00e9 par les autorit\u00e9s. Ce mauvais traitement inhumain, supervis\u00e9 par la S\u00e9curit\u00e9 Sociale qui revendique l'impossibilit\u00e9 de recours, affirm\u00e9 de \"bon-droit\", de \"bien-fond\u00e9\" et de \"l\u00e9gal\" par le D\u00e9fenseur des Droits, est en v\u00e9rit\u00e9 qualifiable de crime contre son humanit\u00e9.<\/p>\n<p>La libre consommation internet, l'\u00e9tude et la parole sont les rares droits qui lui restent malgr\u00e9 son infirmit\u00e9 physique, malgr\u00e9 sa pauvret\u00e9, malgr\u00e9 son insolvabilit\u00e9 et malgr\u00e9 sa pr\u00e9carit\u00e9, ce que l'administration - via la Police, via l'h\u00f4pital, via l'Assurance Maladie et via le Tribunal - pr\u00e9m\u00e9dite de lui enlever, l'ayant arbitrairement \u00e9valu\u00e9 et fich\u00e9 malade mental d\u00e9lirant \u00e0 psychiatriser \u00e0 vie pour le faire taire.<\/p>\n<p>Il accuse l'\u00c9tat en France et ses services m\u00e9dico-sociaux et juridiques-judiciaires tant publics que priv\u00e9s : le premier signalement a \u00e9t\u00e9 effectu\u00e9 en toute ignorance le 5 avril 2005 en police, puis en septembre 2006 aupr\u00e8s du Procureur apr\u00e8s avoir d\u00e9couvert la m\u00e9decine m\u00e9canique et la police l'a tortur\u00e9 et empoisonn\u00e9, ainsi qu'en 2014 aupr\u00e8s du Doyen des Juges mais le crime a continu\u00e9.<\/p>\n<p>Malgr\u00e9 toutes ces choses, c'est toujours en vie qu'il a progressivement appris et d\u00e9montr\u00e9 de 2005 \u00e0 2017 et fin 2021, en vertu du dossier m\u00e9dical et de la science biologique, qu'il souffrait depuis 1984 de traumatismes corporels infect\u00e9s, c'est-\u00e0-dire d'entorses et de d\u00e9chirures avec ost\u00e9omy\u00e9lite chronique, et qu'en l'absence d'une prise en charge m\u00e9dicale durant des mois par antibiotique, chirurgie, d\u00e9grippage m\u00e9canique et mobilisation passive, cette chose se soigne en quelques ann\u00e9es, en ce qui le concerne, quoi qu'il ne sait pas dans quelle mesure ni proportion, except\u00e9 pour les dents arrach\u00e9es et les s\u00e9quelles irr\u00e9versibles, avec un r\u00e9gime hypoglucidique, de la bruy\u00e8re vulgaire pour les pyocyaniques et du tr\u00e8fle rouge pour les staphylocoques, et puis du stretching, du yoga, du qi gong et de la musculation.<\/p>\n<\/div>\n<h3><span id=\"Presentation\">Pr\u00e9sentation<\/span><\/h3>\n<p>L'auteur est sp\u00e9cialiste et expert en ordinateurs et en d\u00e9veloppement de programmes informatiques. Il a toujours \u00e9t\u00e9 f\u00e9licit\u00e9 pour la qualit\u00e9 et les r\u00e9sultats de son labeur. Il n'a \u00e9t\u00e9 pris en d\u00e9faut qu'au regard de ses handicaps dans les domaines de l'audition, de la linguistique, des relations sociales et de l'aptitude physique.<\/p>\n<p>Au cours de son adolescence, il s'est int\u00e9ress\u00e9 aux jeux de r\u00f4les et \u00e0 la science-fiction, puis \u00e0 l'\u00e9sot\u00e9risme et plus tard \u00e0 la religion. Il aimait jouer au tennis, faire des randonn\u00e9es et de la musculation, ainsi que composer de la musique instrumentale. Il aime les machines qui ne peuvent pas mentir, m\u00eame si elles peuvent faire des erreurs pr\u00e9visibles et \u00eatre mal utilis\u00e9es. Il aime les sons des instruments qui ne leurrent jamais, alors que les mots et les \u00e9v\u00e8nements peuvent duper. Il aime les sciences physiques, m\u00e9dicales et cognitives qui aident \u00e0 devenir libre de la m\u00e9chancet\u00e9 des humains, mais pas de leurs actions et de leurs inactions. Il aime le poker qui enseigne comment g\u00e9rer la variance de la survenue al\u00e9atoire des \u00e9v\u00e8nements et comment identifier ceux qui jouent bien de ceux qui jouent mal et de ceux qui sont des novices, et \u00e0 les distinguer de ceux qui jouent comme des fous et de ceux qui trichent. Il aime \u00e9galement le soleil, le vent et la nature, car nous ne pouvons pas vivre sans eux, mais peut-\u00eatre pouvons-nous vivre sans stupidit\u00e9s.<\/p>\n<p>Ses erreurs sont nombreuses et il regrette beaucoup de choses, comme par exemple la copie et le t\u00e9l\u00e9chargement de logiciels et de chansons, chose que ses camarades de classe lui avaient montr\u00e9 \u00e0 faire au cours de son adolescence et qu'il ne fait plus depuis qu'il a commenc\u00e9 son \u00e9tude en religion. Il regrette \u00e9galement d'avoir en toute ignorance travaill\u00e9 pour des hors-la-loi. Il ignore de nombreux \u00e9l\u00e9ments, mais il n'a jamais commis de crime. Il n'a relativement rien \u00e0 se reprocher et il n'a jamais voulu du tort \u00e0 qui que ce soit. Il a depuis tr\u00e8s longtemps choisi de ne pas \u00eatre d'accord avec la malveillance et avec l'hypocrisie. N'ayant aucun m\u00e9rite particulier, sinon son innocence et sa bonne volont\u00e9, et n'\u00e9tant suspectable d'aucune mauvaise intention, son m\u00e9rite est de ne pas m\u00e9riter les nuisances illicites qu'il subit.<\/p>\n<h3><span id=\"Formation\">Formation<\/span><\/h3>\n<p>L'auteur a \u00e9t\u00e9 \u00e9lev\u00e9 aux langages Basic, Assembleur et C\/C++. Sa principale aptitude est le code objet et la conceptualisation du data et de son traitement.<\/p>\n<p>Quand il avait dix ans, l'\u00e9cole a mis un micro-ordinateur dans ses mains et on lui a fait \u00e9crire un programme sur cette machine munie d'un clavier et d'un \u00e9cran. Une heure plus tard, il s'est dit que quand il serait grand, il serait programmeur.<\/p>\n<p>Comme quelques-uns de la premi\u00e8re g\u00e9n\u00e9ration, il a lu des livres et des revues. Il les lisait et relisait jusqu'\u00e0 connaitre par coeur les mots-cl\u00e9s du langage et savoir contr\u00f4ler les \u00e9l\u00e9ments de la machine. Il a saisi \u00e0 la main les codes de petits jeux et de bidouilles syst\u00e8me. Puis il a commenc\u00e9 \u00e0 \u00e9crire ses propres programmes. Au d\u00e9but il a achet\u00e9 quelques jeux, puis les gens des \u00e9coles lui ont montr\u00e9 comment copier les cassettes pour les \u00e9changer, et ensuite ils se sont mis \u00e0 lui donner eux-m\u00eames plein de copies de logiciels sur des disquettes qu'il acceptait sans savoir la valeur du travail.<\/p>\n<p>Au coll\u00e8ge la conseill\u00e8re d'orientation lui avait dit que le mieux pour lui \u00e9tait de faire un IUT informatique puis une \u00e9cole d'Ing\u00e9nieur selon ses r\u00e9sultats. Il \u00e9tait enti\u00e8rement d'accord m\u00eame s'il savait rien sur beaucoup de choses. Mais \u00e7a ne s'est pas tr\u00e8s bien pass\u00e9 comme pr\u00e9vu et il n'a pas suivi les trois quart des cours. Il a n\u00e9anmoins eu un tr\u00e8s bon professeur d'analyse et conception des syst\u00e8mes d'information. Puis son premier chef de projet lui a appris tout ce qu'il y avait \u00e0 savoir dans les grandes lignes sur son m\u00e9tier et il a travaill\u00e9 pour de grandes entreprises et pour de grandes organisations m\u00e9dicales et financi\u00e8res.<\/p>\n<p>Il consid\u00e8re aujourd'hui le droit et la n\u00e9cessit\u00e9 au code source de tout logiciel vendu ou diffus\u00e9 gratuitement, et donc ne relevant ni l'activit\u00e9 interne et l\u00e9gale d'un groupe ni de la s\u00e9curit\u00e9 nationale, d'\u00eatre aussi libre et mon\u00e9tisable par son producteur que le texte d'un livre en raison du principe immuable qu'un code cach\u00e9 au public est comme un livre cach\u00e9 au public.<\/p>\n<h3><span id=\"Condition_de_vie\">Condition de vie<\/span><\/h3>\n<p>Suite \u00e0 des traumatismes corporels et \u00e0 des accidents de voiture caus\u00e9s par des tiers depuis sa petite enfance, et \u00e0 cause de l'absence quasi-constante d'examens et de soins m\u00e9dicaux et dentaires adapt\u00e9s et corrects, l'auteur est sourd partiel et malentendant, ainsi qu'handicap\u00e9 physique laiss\u00e9-pour-compte ; mais ces choses ne se voient pas. Suite \u00e0 des actes humains ayant lieu depuis les ann\u00e9es 1994, il est invalide locomoteur\u00a0: la station debout, assise et allong\u00e9e lui est p\u00e9nible, et il ne peut pas s'appuyer sur une canne, ni supporter le transport en v\u00e9hicule ; il est la plupart du temps alit\u00e9 et il ne peut pas effectuer par lui-m\u00eame la majorit\u00e9 des achats vitaux. Il ne peut cons\u00e9quemment exercer ni son m\u00e9tier ni un autre, et il est sans domicile.<\/p>\n<p>Cette situation est th\u00e9oriquement d\u00e9finitive \u00e9tant donn\u00e9 que les autorit\u00e9s ont \u00e9tabli un diagnostic m\u00e9dical arbitraire, mensonger et malintentionn\u00e9 afin de justifier son incapacit\u00e9 \u00e0 travailler et \u00e0 payer un loyer, tout en le privant de ses droits fondamentaux\u00a0: la r\u00e9alit\u00e9 des faits comme l'incontestable existence des preuves v\u00e9rifiables de son pr\u00e9judice sont inexorablement ni\u00e9es par l'administration m\u00e9dico-sociale et juridique-judiciaire qui ment \u00e0 son sujet et qui se comporte envers lui avec cruaut\u00e9 et avec inhumanit\u00e9, tout en manquant de coh\u00e9rence et de cr\u00e9dibilit\u00e9, afin de lui nuire, de le d\u00e9savantager, de le discr\u00e9diter, de le ficher et de le signaler dangereux d\u00e9ficient mental psychotique d\u00e9lirant sur les docteurs et imaginant souffrir de graves blessures corporelles et dentaires que ne peuvent pas avoir caus\u00e9 des agressions et des mauvais soins dont la survenue est d\u00e9sormais et officiellement remise en question apr\u00e8s avoir invoqu\u00e9 la prescription. Actuellement isol\u00e9 et surveill\u00e9 dans le village o\u00f9 il a v\u00e9cu son enfance, c'est en toute impunit\u00e9, dans l'indiff\u00e9rence g\u00e9n\u00e9rale, au plus grand m\u00e9pris de la l\u00e9gislation, et en faisant obstruction de mani\u00e8re flagrante \u00e0 l'usage de ses droits tels que l'acc\u00e8s aux soins, aux aides et \u00e0 la d\u00e9fense, que cette autorit\u00e9 priv\u00e9e charg\u00e9e de mission de service public esp\u00e8re pouvoir disposer de son corps \u00e0 des fins lucratives.<\/p>\n<p>Il a enqu\u00eat\u00e9 \u00e0 ce sujet et tout a \u00e9t\u00e9 \u00e9clairci avec des faits juridiques qui sont actuellement ni\u00e9s par cette organisation privatis\u00e9e qui dirige les territoires \u00e0 l'aide d'une coutume collective profond\u00e9ment enracin\u00e9e et jug\u00e9e ill\u00e9gale par la Cour de Cassation, intitul\u00e9e \"nul ne peut se constituer de preuves \u00e0 soi-m\u00eame\". C'est ainsi contre la loi et contre le peuple que les services de recours et les tribunaux se donnent l'arbitraire pouvoir de rejeter n'importe quelle plainte de leurs choix jusqu'\u00e0 prononcer des condamnations contre les victimes alors que la l\u00e9gislation et le pr\u00e9ambule de la Constitution Fran\u00e7aise sont clairs\u00a0: c'est la Nation qui avec son service public financ\u00e9 par l'imp\u00f4t assure sans discrimination ni mauvais traitement le d\u00e9veloppement des individus, la protection de leur sant\u00e9 et de leurs biens mat\u00e9riels, le loisir et le repos, ainsi que le revenu des invalides lorsqu'un responsable ne peut pas payer.<\/p>\n<h3><span id=\"Affliction_imposee\">Affliction impos\u00e9e<\/span><\/h3>\n<p>D'apr\u00e8s les faits, l'auteur est de plus en plus en situation d'abandon collectif depuis 2004. Le mauvais traitement a commenc\u00e9 lorsqu'il \u00e9tait petit enfant. L'administration, priv\u00e9e comme publique, est inflexiblement d\u00e9termin\u00e9e \u00e0 mentir sur son \u00e9tat de sant\u00e9 et sur ses droits tout en profitant d\u00e9sormais de l'approbation et de la protection du tribunal tandis que le gouvernement refuse d'intervenir sinon par des tentatives de r\u00e9forme qui soul\u00e8vent de vastes protestations.<\/p>\n<p>Il a \u00e9puis\u00e9 toutes les voies de recours l\u00e9gales disponibles, lorsqu'elles existent, qu'elles ne sont pas sans fin et qu'elles ne requi\u00e8rent pas l'intervention d'un docteur, d'une compagnie d'assurance, d'une assistante sociale, d'un garde, d'un avocat, d'un procureur, d'un magistrat, d'un maire, d'un parlementaire, d'un gouverneur, d'un ordre, d'un religieux, d'un journaliste, d'une association, d'un syndicat, ou de toute autre autorit\u00e9 nationale comme internationale, qui veulent rien faire, et qui n'ont aucune obligation, d'apr\u00e8s leurs dires, et d'apr\u00e8s leurs non dires, et qui affirment officiellement que c'est un bon-droit et un bien-fond\u00e9 exerc\u00e9 au profit exclusif de l'autorit\u00e9 m\u00e9dicale, et que les p\u00e9titions de plus de cinq cent signatures n'ont pas de valeur, alors que les engagements contractuels d'assistances publics et priv\u00e9s ne sont pas respect\u00e9s, que des crimes sont commis, que des dizaines de lois sont enfreintes, y compris la d\u00e9claration universelle des droits des humains, et que les faux comme les vices de proc\u00e9dures et les abus de pouvoir s'ajoutent au dossier des charges qui contient ce qui peut \u00eatre consid\u00e9r\u00e9 comme des aveux \u00e9crits et sign\u00e9s par les autorit\u00e9s, ainsi que de futures intentions nuisibles.<\/p>\n<p>Ceux qui s'en prennent \u00e0 lui, m\u00eame l'air de rien, croyant sans doute accomplir une action justifi\u00e9e, persuad\u00e9s d'avoir le droit d'enfreindre les lois, se trompent de cible et de m\u00e9thode. Ceux qui refusent de le d\u00e9fendre convenablement, lorsqu'ils ne transgressent pas les r\u00e8gles, et de le soigner efficacement, lorsqu'ils ne le d\u00e9t\u00e9riorent pas, approuvent probablement. Une certaine quantit\u00e9 de ces gens qui s'en prennent \u00e0 lui afin de g\u00e2cher sa sant\u00e9 et ses chances socio-professionnelles tout en invoquant la libert\u00e9 m\u00e9ritent sans doute que des juges honn\u00eates et int\u00e8gres leur retirent le droit de travailler et ordonnent leur placement en prison afin de stopper les nuisances qu'ils causent \u00e0 autrui et afin qu'ils soient r\u00e9habilit\u00e9s gr\u00e2ce \u00e0 l'instruction sur la bienveillance humaine et sur les valeurs de la vie, puisqu'ils estiment que d\u00e9truire est n\u00e9cessaire. Informer le public est une forme de la l\u00e9gitime d\u00e9fense car ils font comme \u00e7a de telles abominables choses alors qu'ils sont charg\u00e9s de gouverner, d'\u00e9duquer, de divertir, de d\u00e9fendre, de secourir, de soigner, d'aider et de rendre justice.<\/p>\n<h3><span id=\"Decision_funeste\">D\u00e9cision funeste<\/span><\/h3>\n<p>Les autorit\u00e9s ont tacitement d\u00e9cr\u00e9t\u00e9 que l'auteur n'avait ni le droit d'\u00eatre soign\u00e9 ni le droit d'\u00eatre aid\u00e9 ni le droit d'\u00eatre d\u00e9fendu. D'apr\u00e8s la Loi, un homicide est en cours. Aucune prescription, ou quoi que ce soit d'autre, ne peut \u00eatre invoqu\u00e9 pour le justifier, puisque prohib\u00e9. Il s'inqui\u00e8te donc des choses ill\u00e9gales qu'on affirme officiellement vouloir lui faire \u00e0 nouveau subir lorsqu'il ne pourra bient\u00f4t plus s'occuper de lui m\u00eame et de ses affaires, et qu'il sera plac\u00e9 sous tutelle\u00a0: les documents revendiquent de fait une d\u00e9tention avec acharnement anti-th\u00e9rapeutique, ce qui laisse pr\u00e9sager rien de bon en cas de tr\u00e8s grave \"accident\" ou de prise en charge de ce qui est nomm\u00e9e \"d\u00e9pendance de fin de vie\". \u00c0 moins que ce processus soit rapidement stopp\u00e9, il sera dit que cette atteinte \u00e0 la vie est ordonn\u00e9e pour respecter la loi qui sera encore une fois d\u00e9tourn\u00e9e et enfreinte afin de prot\u00e9ger quelqu'un ou quelque chose de la responsabilit\u00e9 de ce grave crime et personne n\u2019aura \u00e9t\u00e9 assign\u00e9 \u00e0 compara\u00eetre.<\/p>\n<p>Malgr\u00e9 les malheurs, malgr\u00e9 les nuisances, malgr\u00e9 les hostilit\u00e9s, malgr\u00e9 les oppositions, malgr\u00e9 les tortures, malgr\u00e9 les substances dangereuses, malgr\u00e9 les mises en danger de sa vie, malgr\u00e9 les calomnies la\u00efques et religieuses, malgr\u00e9 le retrait ill\u00e9gal de ses droits et son excommunication frauduleuse, et malgr\u00e9 les menaces directes et indirectes d'agression, de s\u00e9questration, de maltraitance et d'ex\u00e9cution, sans recours ni r\u00e9paration, malgr\u00e9 toutes ces choses et pire encore, il n'a jamais cess\u00e9 de vouloir comprendre la vie et les humains.<\/p>\n<p>M\u00eame s'il succombe aux blessures et aux poisons qui lui sont inflig\u00e9s, c'est un honneur pour lui, et une grande satisfaction, que d'offrir cet ouvrage au monde des humains. Son t\u00e9moignage est ajout\u00e9 \u00e0 la fin de ce livre afin de montrer que rien ne peut justifier l'injustice sans proc\u00e8s de tels agissements abominables et inadmissibles qu'il n'est sans aucun doute pas le seul \u00e0 endurer en vertu du principe universel qui stipule que ce qui est possible pour un est possible pour tous et inversement.<\/p>\n<h6>Plus d'informations<\/h6>\n<ul>\n<li><a href=\"https:\/\/asherhaimhalevi.ordisoftware.com\/author\/testimony\/\">T\u00e9moignage<\/a><\/li>\n<li><a href=\"https:\/\/asherhaimhalevi.ordisoftware.com\/author\/evidence-files\/\">Dossier des preuves<\/a><\/li>\n<li><a href=\"https:\/\/asherhaimhalevi.ordisoftware.com\/author\/links\/\">Liens sur la sant\u00e9<\/a><\/li>\n<li><a href=\"https:\/\/asherhaimhalevi.ordisoftware.com\/\">Proposition logique pour un monde meilleur<\/a><\/li>\n<li><a href=\"https:\/\/asherhaimhalevi.ordisoftware.com\/logical-proposition\/health-help-justice-theory\/\">Th\u00e9orie de sant\u00e9-aide-justice<\/a><\/li>\n<\/ul>\n<p><img decoding=\"async\" class=\"image-bordered-p aligncenter wp-image-1704 size-full\" src=\"https:\/\/asherhaimhalevi.ordisoftware.com\/wp-content\/uploads\/2021\/04\/villain.jpg\" alt=\"\" width=\"500\" height=\"280\" srcset=\"https:\/\/asherhaimhalevi.ordisoftware.com\/wp-content\/uploads\/2021\/04\/villain.jpg 500w, https:\/\/asherhaimhalevi.ordisoftware.com\/wp-content\/uploads\/2021\/04\/villain-300x168.jpg 300w, https:\/\/asherhaimhalevi.ordisoftware.com\/wp-content\/uploads\/2021\/04\/villain-200x112.jpg 200w, https:\/\/asherhaimhalevi.ordisoftware.com\/wp-content\/uploads\/2021\/04\/villain-150x84.jpg 150w, https:\/\/asherhaimhalevi.ordisoftware.com\/wp-content\/uploads\/2021\/04\/villain-400x224.jpg 400w\" sizes=\"(max-width: 500px) 100vw, 500px\" \/><\/p>\n<p style=\"text-align: center; margin-top: -15px;\"><span style=\"font-size: 10px;\">J.J. at en.wikipedia.org CC BY-SA 3.0<\/span><\/p>\n<\/p>","protected":false},"excerpt":{"rendered":"<p>Au sujet de l'auteur. <\/p>\n<p><span style=\"color:#333\"> &rarr; <a href=\"https:\/\/asherhaimhalevi.ordisoftware.com\/author\/\">Lire la suite<\/a><\/span><\/p>\n","protected":false},"author":1,"featured_media":0,"parent":0,"menu_order":75,"comment_status":"closed","ping_status":"closed","template":"","meta":[],"_links":{"self":[{"href":"https:\/\/asherhaimhalevi.ordisoftware.com\/wp-json\/wp\/v2\/pages\/187"}],"collection":[{"href":"https:\/\/asherhaimhalevi.ordisoftware.com\/wp-json\/wp\/v2\/pages"}],"about":[{"href":"https:\/\/asherhaimhalevi.ordisoftware.com\/wp-json\/wp\/v2\/types\/page"}],"author":[{"embeddable":true,"href":"https:\/\/asherhaimhalevi.ordisoftware.com\/wp-json\/wp\/v2\/users\/1"}],"replies":[{"embeddable":true,"href":"https:\/\/asherhaimhalevi.ordisoftware.com\/wp-json\/wp\/v2\/comments?post=187"}],"version-history":[{"count":0,"href":"https:\/\/asherhaimhalevi.ordisoftware.com\/wp-json\/wp\/v2\/pages\/187\/revisions"}],"wp:attachment":[{"href":"https:\/\/asherhaimhalevi.ordisoftware.com\/wp-json\/wp\/v2\/media?parent=187"}],"curies":[{"name":"wp","href":"https:\/\/api.w.org\/{rel}","templated":true}]}}