{"id":1922,"date":"2021-08-22T20:32:44","date_gmt":"2021-08-22T18:32:44","guid":{"rendered":"https:\/\/asherhaimhalevi.ordisoftware.com\/?p=1922"},"modified":"2022-08-11T20:44:11","modified_gmt":"2022-08-11T18:44:11","slug":"de-la-mechancete-ou-les-racines-de-la-stupidite","status":"publish","type":"post","link":"https:\/\/asherhaimhalevi.ordisoftware.com\/blog\/2021\/08\/de-la-mechancete-ou-les-racines-de-la-stupidite\/","title":{"rendered":"De la m\u00e9chancet\u00e9 ou les racines de la stupidit\u00e9"},"content":{"rendered":"<p style=\"margin-bottom:25px;\"><p style=\"text-align: center; margin-bottom: 20px;\"><span style=\"font-size: 16pt;\">2 \u03c0 \u00e0 \u03c0 R \u221e\u221e \u03a6 \u03b2 \u03bb <span style=\"font-size: 20pt;\">\u05de\u05d8\u05d5\u05e4\u05e9<\/span> \u091c\u0932 <span style=\"font-size: 20pt;\">\u063a\u0628\u064a<\/span> \u611a\u8822<\/span><\/p>\n<p><a href=\"https:\/\/asherhaimhalevi.ordisoftware.com\/wp-content\/uploads\/2021\/08\/Metupash.png\"><img decoding=\"async\" class=\"aligncenter wp-image-1924\" src=\"https:\/\/asherhaimhalevi.ordisoftware.com\/wp-content\/uploads\/2021\/08\/Metupash.png\" alt=\"\" width=\"500\" height=\"529\" srcset=\"https:\/\/asherhaimhalevi.ordisoftware.com\/wp-content\/uploads\/2021\/08\/Metupash.png 690w, https:\/\/asherhaimhalevi.ordisoftware.com\/wp-content\/uploads\/2021\/08\/Metupash-284x300.png 284w, https:\/\/asherhaimhalevi.ordisoftware.com\/wp-content\/uploads\/2021\/08\/Metupash-189x200.png 189w, https:\/\/asherhaimhalevi.ordisoftware.com\/wp-content\/uploads\/2021\/08\/Metupash-142x150.png 142w, https:\/\/asherhaimhalevi.ordisoftware.com\/wp-content\/uploads\/2021\/08\/Metupash-400x423.png 400w\" sizes=\"(max-width: 500px) 100vw, 500px\" \/><\/a><\/p>\n<\/p>","protected":false},"excerpt":{"rendered":"<p style=\"margin-bottom:25px;\">\n<p style=\"text-align: center; margin-bottom: 20px;\">2 \u03c0 a \u03c0 R \u221e\u221e \u03a6 \u03b2 \u03bb \u05de\u05d8\u05d5\u05e4\u05e9 \u091c\u0932 \u063a\u0628\u064a \u611a\u8822<\/p><\/p>\n","protected":false},"author":1,"featured_media":0,"comment_status":"closed","ping_status":"closed","sticky":false,"template":"","format":"standard","meta":[],"categories":[14],"tags":[],"jetpack_featured_media_url":"","_links":{"self":[{"href":"https:\/\/asherhaimhalevi.ordisoftware.com\/wp-json\/wp\/v2\/posts\/1922"}],"collection":[{"href":"https:\/\/asherhaimhalevi.ordisoftware.com\/wp-json\/wp\/v2\/posts"}],"about":[{"href":"https:\/\/asherhaimhalevi.ordisoftware.com\/wp-json\/wp\/v2\/types\/post"}],"author":[{"embeddable":true,"href":"https:\/\/asherhaimhalevi.ordisoftware.com\/wp-json\/wp\/v2\/users\/1"}],"replies":[{"embeddable":true,"href":"https:\/\/asherhaimhalevi.ordisoftware.com\/wp-json\/wp\/v2\/comments?post=1922"}],"version-history":[{"count":0,"href":"https:\/\/asherhaimhalevi.ordisoftware.com\/wp-json\/wp\/v2\/posts\/1922\/revisions"}],"wp:attachment":[{"href":"https:\/\/asherhaimhalevi.ordisoftware.com\/wp-json\/wp\/v2\/media?parent=1922"}],"wp:term":[{"taxonomy":"category","embeddable":true,"href":"https:\/\/asherhaimhalevi.ordisoftware.com\/wp-json\/wp\/v2\/categories?post=1922"},{"taxonomy":"post_tag","embeddable":true,"href":"https:\/\/asherhaimhalevi.ordisoftware.com\/wp-json\/wp\/v2\/tags?post=1922"}],"curies":[{"name":"wp","href":"https:\/\/api.w.org\/{rel}","templated":true}]}}