{"id":1930,"date":"2021-08-22T20:33:17","date_gmt":"2021-08-22T18:33:17","guid":{"rendered":"https:\/\/asherhaimhalevi.ordisoftware.com\/?p=1930"},"modified":"2022-11-10T11:38:25","modified_gmt":"2022-11-10T10:38:25","slug":"de-lennui-et-des-ordinateurs","status":"publish","type":"post","link":"https:\/\/asherhaimhalevi.ordisoftware.com\/blog\/2021\/08\/de-lennui-et-des-ordinateurs\/","title":{"rendered":"De l'ennui et des ordinateurs"},"content":{"rendered":"<p style=\"margin-bottom:25px;\"><p>Donnez un logiciel \u00e0 quelqu'un, vous l'emp\u00eachez de s'ennuyer pendant quelques jours ; apprenez-lui \u00e0 programmer, il ne s'ennuiera plus de toute sa vie.<\/p>\n<p style=\"margin-top: 25px; margin-bottom: 25px;\">\n<a href=\"https:\/\/asherhaimhalevi.ordisoftware.com\/wp-content\/uploads\/2021\/08\/programming-books.jpg\"><img decoding=\"async\" class=\"image-bordered aligncenter wp-image-1932\" src=\"https:\/\/asherhaimhalevi.ordisoftware.com\/wp-content\/uploads\/2021\/08\/programming-books.jpg\" alt=\"\" width=\"500\" height=\"250\" \/><\/a><\/p>\n<p>En l'absence des m\u00e9chants, j'aurais d\u00fb commencer sur un <a href=\"https:\/\/fr.wikipedia.org\/wiki\/Alice_(ordinateur)\" target=\"_blank\" rel=\"noopener\">Alice<\/a> avec le m\u00eame Basic 8-bits et l'Assembleur 6803 au lieu du 6809. Alors autant dire que cela aurait \u00e9t\u00e9 tout pareil ou presque, sans donc \u00e9videmment consid\u00e9rer les crimes et les souffrances, puisque sur le chemin du <a href=\"https:\/\/fr.wikipedia.org\/wiki\/Thomson_TO9%2B\" target=\"_blank\" rel=\"noopener\">TO9+<\/a> et des PC x16 puis x32 et x64 avec le C++ et le C#, sans parler de mes outils pr\u00e9f\u00e9r\u00e9s comme Word, Total Commander et TortoiseGit ou Fast Tracker et Renoise : ma destin\u00e9e est ma destin\u00e9e.<\/p>\n<p>Alors m\u00eame d\u00e9tourn\u00e9e dans les d\u00e9tails, quelle diff\u00e9rence ? Mes choix sont mes choix : cr\u00e9er des logiciels informatiques, composer de la musique et \u00e9tudier les sciences physiques et la Torah h\u00e9bra\u00efque. Alors m\u00eame calomni\u00e9, affaibli, entrav\u00e9, vol\u00e9, estropi\u00e9, tortur\u00e9 et empoisonn\u00e9, et m\u00eame sans dipl\u00f4me, je suis <a href=\"https:\/\/fr.wikipedia.org\/wiki\/Informaticien\" target=\"_blank\" rel=\"noopener\">informaticien<\/a> et <a href=\"https:\/\/fr.wikipedia.org\/wiki\/D%C3%A9veloppeur\" target=\"_blank\" rel=\"noopener\">programmeur<\/a> ainsi qu'<a href=\"https:\/\/fr.wikipedia.org\/wiki\/Analyste_(informatique)\" target=\"_blank\" rel=\"noopener\">analyste<\/a>, <a href=\"https:\/\/fr.wikipedia.org\/wiki\/Conception_de_logiciel\" target=\"_blank\" rel=\"noopener\">concepteur<\/a>, <a href=\"https:\/\/fr.wikipedia.org\/wiki\/Architecture_(informatique)\" target=\"_blank\" rel=\"noopener\">architecte<\/a>, <a href=\"https:\/\/fr.wikipedia.org\/wiki\/G%C3%A9nie_informatique\" target=\"_blank\" rel=\"noopener\">ing\u00e9nieur<\/a>, <a href=\"https:\/\/en.wikipedia.org\/wiki\/Lead_programmer\" target=\"_blank\" rel=\"noopener\">chef technique<\/a> et <a href=\"https:\/\/fr.wikipedia.org\/wiki\/Consultant\" target=\"_blank\" rel=\"noopener\">consultant<\/a>. Et plus pr\u00e9cis\u00e9ment un codeur. Et \u00e9galement un d\u00e9codeur. C'est-\u00e0-dire que ma connaissance et mon exp\u00e9rience des microprocesseurs et des langages informatiques me permettent \u00e0 la fois de fabriquer des logiciels comme de transformer un programme \u00e9crit depuis un dialecte, vers un autre, afin d'obtenir \u00e0 peu pr\u00e8s le m\u00eame r\u00e9sultat, et ce, dans \u00e0 peu pr\u00e8s n'importe quel domaine.<\/p>\n<\/p>","protected":false},"excerpt":{"rendered":"<p style=\"margin-bottom:25px;\">\n<p>Donnez un logiciel a quelqu'un, vous l'empechez de s'ennuyer pendant quelques jours ; apprenez-lui a programmer, il ne s'ennuiera plus de toute sa vie.<\/p>\n<p style=\"margin-top: 25px; margin-bottom: 25px;\">\n<p>En l'absence des mechants, j'aurais du commencer sur un Alice avec le meme Basic 8-bits et l'Assembleur 6803 au lieu du 6809. Alors autant dire que cela aurait ete tout pareil ou presque, sans donc evidemment considerer les crimes et les souffrances, puisque sur le chemin du TO9+ et des PC x16 puis x32 et x64 avec le C++ et le C#, sans parler de mes outils preferes comme <\/p>\n<p><span style=\"color:#333\"> &rarr; <a href=\"https:\/\/asherhaimhalevi.ordisoftware.com\/blog\/2021\/08\/de-lennui-et-des-ordinateurs\/\">Lire la suite<\/a><\/span><\/p>\n","protected":false},"author":1,"featured_media":0,"comment_status":"closed","ping_status":"closed","sticky":false,"template":"","format":"standard","meta":[],"categories":[14],"tags":[],"jetpack_featured_media_url":"","_links":{"self":[{"href":"https:\/\/asherhaimhalevi.ordisoftware.com\/wp-json\/wp\/v2\/posts\/1930"}],"collection":[{"href":"https:\/\/asherhaimhalevi.ordisoftware.com\/wp-json\/wp\/v2\/posts"}],"about":[{"href":"https:\/\/asherhaimhalevi.ordisoftware.com\/wp-json\/wp\/v2\/types\/post"}],"author":[{"embeddable":true,"href":"https:\/\/asherhaimhalevi.ordisoftware.com\/wp-json\/wp\/v2\/users\/1"}],"replies":[{"embeddable":true,"href":"https:\/\/asherhaimhalevi.ordisoftware.com\/wp-json\/wp\/v2\/comments?post=1930"}],"version-history":[{"count":0,"href":"https:\/\/asherhaimhalevi.ordisoftware.com\/wp-json\/wp\/v2\/posts\/1930\/revisions"}],"wp:attachment":[{"href":"https:\/\/asherhaimhalevi.ordisoftware.com\/wp-json\/wp\/v2\/media?parent=1930"}],"wp:term":[{"taxonomy":"category","embeddable":true,"href":"https:\/\/asherhaimhalevi.ordisoftware.com\/wp-json\/wp\/v2\/categories?post=1930"},{"taxonomy":"post_tag","embeddable":true,"href":"https:\/\/asherhaimhalevi.ordisoftware.com\/wp-json\/wp\/v2\/tags?post=1930"}],"curies":[{"name":"wp","href":"https:\/\/api.w.org\/{rel}","templated":true}]}}