{"id":1938,"date":"2021-08-22T20:30:56","date_gmt":"2021-08-22T18:30:56","guid":{"rendered":"https:\/\/asherhaimhalevi.ordisoftware.com\/?p=1938"},"modified":"2022-11-10T11:38:39","modified_gmt":"2022-11-10T10:38:39","slug":"des-grades-et-des-lois","status":"publish","type":"post","link":"https:\/\/asherhaimhalevi.ordisoftware.com\/blog\/2021\/08\/des-grades-et-des-lois\/","title":{"rendered":"Des grades et des lois"},"content":{"rendered":"<p style=\"margin-bottom:25px;\"><p><em>Hauts grades - Bas grades - Milieu Grades - Non Grad\u00e9s<\/em><\/p>\n<p>Grades d'ici. Grades de l\u00e0-bas. Grades d'au-del\u00e0. Grades du Ciel. Grades de Terre. Grade des Mers. Grades de l'Enfer. Grades du Paradis. Grades d'o\u00f9 que vous voulez et de quelque association internationale, nationale, r\u00e9gionale, d\u00e9partementale ou locale... Un meurtre reste un meurtre et m\u00eame la tentative est consid\u00e9r\u00e9e comme l'obtention devant les Juges d'un Tribunal non corrompu : la prison \u00e0 perp\u00e9tuit\u00e9 lorsqu'il s'agit d'un crime contre une ou plusieurs humanit\u00e9s. Et dire que c'est pas interdit, que c'est pas punit par la Loi en vigueur, que c'est un bon-droit bien-fond\u00e9 l\u00e9gal non susceptible de recours, que c'est une question de cr\u00e9dibilit\u00e9, que c'est au profit exclusif d'une organisation anticonstitutionnelle, que cela soit perp\u00e9tr\u00e9 envers des voyous comme de innocents, tous deviennent d\u00e9linquant-victimes ou victimes-victimes, alors que les uns doivent \u00eatre r\u00e9form\u00e9s et les autres r\u00e9par\u00e9s, et cela ne change pas la v\u00e9rit\u00e9 et la r\u00e9alit\u00e9 que les escrocs, les menteurs, les voleurs et les assassins sont des fous d\u00e9fectueux nuisibles.<\/p>\n<\/p>","protected":false},"excerpt":{"rendered":"<p style=\"margin-bottom:25px;\">\n<p>Hauts grades - Bas grades - Milieu Grades - Non Grades<\/p>\n<p>Grades d'ici. Grades de la-bas. Grades d'au-dela. Grades du Ciel. Grades de Terre. Grade des Mers. Grades de l'Enfer. Grades du Paradis. Grades d'ou que vous voulez et de quelque association internationale, nationale, regionale, departementale ou locale... Un meurtre reste un meurtre et meme la tentative est consideree comme l'obtention devant les Juges d'un Tribunal non corrompu : la prison a perpetuite lorsqu'il s'agit d'un crime contre une ou plusieurs humanites. Et dire que c'est pas interdit, que c'est pas punit par la Loi en vigueur, que c'est <\/p>\n<p><span style=\"color:#333\"> &rarr; <a href=\"https:\/\/asherhaimhalevi.ordisoftware.com\/blog\/2021\/08\/des-grades-et-des-lois\/\">Lire la suite<\/a><\/span><\/p>\n","protected":false},"author":1,"featured_media":0,"comment_status":"closed","ping_status":"closed","sticky":false,"template":"","format":"standard","meta":[],"categories":[14],"tags":[],"jetpack_featured_media_url":"","_links":{"self":[{"href":"https:\/\/asherhaimhalevi.ordisoftware.com\/wp-json\/wp\/v2\/posts\/1938"}],"collection":[{"href":"https:\/\/asherhaimhalevi.ordisoftware.com\/wp-json\/wp\/v2\/posts"}],"about":[{"href":"https:\/\/asherhaimhalevi.ordisoftware.com\/wp-json\/wp\/v2\/types\/post"}],"author":[{"embeddable":true,"href":"https:\/\/asherhaimhalevi.ordisoftware.com\/wp-json\/wp\/v2\/users\/1"}],"replies":[{"embeddable":true,"href":"https:\/\/asherhaimhalevi.ordisoftware.com\/wp-json\/wp\/v2\/comments?post=1938"}],"version-history":[{"count":0,"href":"https:\/\/asherhaimhalevi.ordisoftware.com\/wp-json\/wp\/v2\/posts\/1938\/revisions"}],"wp:attachment":[{"href":"https:\/\/asherhaimhalevi.ordisoftware.com\/wp-json\/wp\/v2\/media?parent=1938"}],"wp:term":[{"taxonomy":"category","embeddable":true,"href":"https:\/\/asherhaimhalevi.ordisoftware.com\/wp-json\/wp\/v2\/categories?post=1938"},{"taxonomy":"post_tag","embeddable":true,"href":"https:\/\/asherhaimhalevi.ordisoftware.com\/wp-json\/wp\/v2\/tags?post=1938"}],"curies":[{"name":"wp","href":"https:\/\/api.w.org\/{rel}","templated":true}]}}