{"id":195,"date":"2021-03-31T10:55:03","date_gmt":"2021-03-31T08:55:03","guid":{"rendered":"https:\/\/asherhaimhalevi.ordisoftware.com\/?page_id=195"},"modified":"2022-11-01T09:17:18","modified_gmt":"2022-11-01T08:17:18","slug":"hebrew-alphabet","status":"publish","type":"page","link":"https:\/\/asherhaimhalevi.ordisoftware.com\/works\/hebrew-alphabet\/","title":{"rendered":"L'alphabet h\u00e9breu"},"content":{"rendered":"<p style=\"margin-bottom:25px;\"><h4 style=\"text-align: justify;\"><span style=\"color: #401000; text-transform: uppercase; font-size: 11pt;\">Les lettres de l'existence humain<br \/>\nLa destin\u00e9e du Youd de l'Alef au Tav<br \/>\nLa formation du couple<\/span><\/h4>\n<p><a href=\"https:\/\/www.lulu.com\/fr\/fr\/shop\/asher-ha%C3%AFm-halevi\/lalphabet-h%C3%A9breu-les-lettres-de-lexistence-humaine-la-destin%C3%A9e-du-youd-de-lalef-au-tav-la-formation-du-couple-premi%C3%A8re-%C3%A9dition\/paperback\/product-176gr9pp.html\" target=\"_blank\" rel=\"nofollow noopener\"><img decoding=\"async\" class=\"image-bordered-book-link alignnone\" src=\"https:\/\/asherhaimhalevi.ordisoftware.com\/wp-content\/theming\/icons-books\/Small%20Lulu.png\" alt=\"http:\/\/www.lulu.com\/shop\/asher-ha%C3%AFm-halevi\/lalphabet-h%C3%A9breu-les-lettres-de-lexistence-humaine-la-destin%C3%A9e-du-youd-de-lalef-au-tav-la-formation-du-couple-premi%C3%A8re-%C3%A9dition\/paperback\/product-24219062.html\" width=\"55\" height=\"35\" border=\"0\" \/><\/a><a href=\"https:\/\/www.amazon.fr\/gp\/product\/B07Y4LQRP3\/\" target=\"_blank\" rel=\"nofollow noopener\"><img decoding=\"async\" class=\"image-bordered-book-link alignnone\" src=\"https:\/\/asherhaimhalevi.ordisoftware.com\/wp-content\/theming\/icons-books\/Small%20Amazon.png\" alt=\"https:\/\/www.amazon.fr\/Lalphabet-h%C3%A9breu-lexistence-destin%C3%A9e-formation\/dp\/B07Y4LQRP3\" width=\"60\" height=\"35\" border=\"0\" \/><\/a><a href=\"https:\/\/asherhaimhalevi.ordisoftware.com\/works\/hebrew-alphabet\/chapters\/\"><img decoding=\"async\" class=\"image-bordered-book-link alignnone\" src=\"https:\/\/asherhaimhalevi.ordisoftware.com\/wp-content\/theming\/icons-books\/Small%20HTML.png\" alt=\"Version texte\" width=\"35\" height=\"35\" border=\"0\" \/><\/a><a href=\"https:\/\/asherhaimhalevi.ordisoftware.com\/download\/Alphabet-hebreu-v1.pdf\" target=\"_blank\" rel=\"noopener\"><img decoding=\"async\" class=\"image-bordered-book-link alignnone\" src=\"https:\/\/asherhaimhalevi.ordisoftware.com\/wp-content\/theming\/icons-books\/Small%20PDF.png\" alt=\"https:\/\/docs.google.com\/viewer?a=v&amp;pid=sites&amp;srcid=ZGVmYXVsdGRvbWFpbnxhc2hlcmhhaW1oYWxldml8Z3g6N2MzMGRjNWQxNjRiODUzYw\" width=\"40\" height=\"35\" border=\"0\" \/><\/a><a href=\"https:\/\/books.google.fr\/books\/about?id=dSaqDwAAQBAJ\" target=\"_blank\" rel=\"noopener\"><img decoding=\"async\" class=\"image-bordered-book-link alignnone\" src=\"https:\/\/asherhaimhalevi.ordisoftware.com\/wp-content\/theming\/icons-books\/Small%20GoogleBooks.png\" alt=\"https:\/\/books.google.fr\/books\/about?id=dSaqDwAAQBAJ\" width=\"35\" height=\"35\" border=\"0\" \/><\/a><a href=\"https:\/\/play.google.com\/store\/books\/details?id=dSaqDwAAQBAJ\" target=\"_blank\" rel=\"noopener\"><img decoding=\"async\" class=\"image-bordered-book-link alignnone\" src=\"https:\/\/asherhaimhalevi.ordisoftware.com\/wp-content\/theming\/icons-books\/Small%20GooglePlay.png\" alt=\"https:\/\/play.google.com\/store\/books\/details?id=dSaqDwAAQBAJ\" width=\"35\" height=\"35\" border=\"0\" \/><\/a><a href=\"https:\/\/asherhaimhalevi.ordisoftware.com\/works\/audio-video\/#hebrew-alphabet-anchor\"><img decoding=\"async\" class=\"image-bordered-book-link alignnone\" src=\"https:\/\/asherhaimhalevi.ordisoftware.com\/wp-content\/theming\/icons-books\/Small%20MP3.png\" alt=\"https:\/\/asherhaimhalevi.ordisoftware.com\/works\/audio-video\/#hebrew-alphabet-anchor\" width=\"50\" height=\"35\" border=\"0\" \/><\/a><a href=\"https:\/\/youtu.be\/iGBFleJpeYo?list=PLSn7yTHwEx-DL6u9qWpRtF1vEAEVxe1Hk\" target=\"_blank\" rel=\"noopener\"><img decoding=\"async\" class=\"image-bordered-book-link alignnone\" src=\"https:\/\/asherhaimhalevi.ordisoftware.com\/wp-content\/theming\/icons-books\/Small%20YouTube.png\" alt=\"https:\/\/youtu.be\/iGBFleJpeYo?list=PLSn7yTHwEx-DL6u9qWpRtF1vEAEVxe1Hk\" width=\"80\" height=\"35\" border=\"0\" \/><\/a><br \/>\n<div style=\"margin-top: 15px;\" id=\"toc_container\" class=\"no_bullets\"><ul class=\"toc_list\"><li><a href=\"#Couverture\">Couverture<\/a><\/li><li><a href=\"#Description\">Description<\/a><\/li><li><a href=\"#Lire_en_ligne\">Lire en ligne<\/a><\/li><li><a href=\"#Telecharger\">T\u00e9l\u00e9charger<\/a><\/li><li><a href=\"#Ecouter\">\u00c9couter<\/a><\/li><li><a href=\"#Exemple\">Exemple<\/a><\/li><\/ul><\/div>\n<\/p>\n<h3><span id=\"Couverture\">Couverture<\/span><\/h3>\n<table style=\"border-collapse: collapse; width: 100%;\">\n<tbody>\n<tr>\n<td style=\"width: 50%;\"><a href=\"https:\/\/asherhaimhalevi.ordisoftware.com\/wp-content\/uploads\/2021\/04\/Book-Cover-Lalphabet-hebreu-v1-Front.jpg\"><img decoding=\"async\" class=\"wp-image-838 size-medium alignnone\" src=\"https:\/\/asherhaimhalevi.ordisoftware.com\/wp-content\/uploads\/2021\/04\/Book-Cover-Lalphabet-hebreu-v1-Front-212x300.jpg\" alt=\"\" width=\"212\" height=\"300\" srcset=\"https:\/\/asherhaimhalevi.ordisoftware.com\/wp-content\/uploads\/2021\/04\/Book-Cover-Lalphabet-hebreu-v1-Front-212x300.jpg 212w, https:\/\/asherhaimhalevi.ordisoftware.com\/wp-content\/uploads\/2021\/04\/Book-Cover-Lalphabet-hebreu-v1-Front-141x200.jpg 141w, https:\/\/asherhaimhalevi.ordisoftware.com\/wp-content\/uploads\/2021\/04\/Book-Cover-Lalphabet-hebreu-v1-Front-106x150.jpg 106w, https:\/\/asherhaimhalevi.ordisoftware.com\/wp-content\/uploads\/2021\/04\/Book-Cover-Lalphabet-hebreu-v1-Front-400x567.jpg 400w, https:\/\/asherhaimhalevi.ordisoftware.com\/wp-content\/uploads\/2021\/04\/Book-Cover-Lalphabet-hebreu-v1-Front.jpg 550w\" sizes=\"(max-width: 212px) 100vw, 212px\" \/><\/a><\/td>\n<td style=\"width: 50%;\"><a href=\"https:\/\/asherhaimhalevi.ordisoftware.com\/wp-content\/uploads\/2021\/04\/Book-Cover-Lalphabet-hebreu-v1-Back.jpg\"><img decoding=\"async\" class=\"wp-image-837 size-medium alignnone\" src=\"https:\/\/asherhaimhalevi.ordisoftware.com\/wp-content\/uploads\/2021\/04\/Book-Cover-Lalphabet-hebreu-v1-Back-212x300.jpg\" alt=\"\" width=\"212\" height=\"300\" srcset=\"https:\/\/asherhaimhalevi.ordisoftware.com\/wp-content\/uploads\/2021\/04\/Book-Cover-Lalphabet-hebreu-v1-Back-212x300.jpg 212w, https:\/\/asherhaimhalevi.ordisoftware.com\/wp-content\/uploads\/2021\/04\/Book-Cover-Lalphabet-hebreu-v1-Back-141x200.jpg 141w, https:\/\/asherhaimhalevi.ordisoftware.com\/wp-content\/uploads\/2021\/04\/Book-Cover-Lalphabet-hebreu-v1-Back-106x150.jpg 106w, https:\/\/asherhaimhalevi.ordisoftware.com\/wp-content\/uploads\/2021\/04\/Book-Cover-Lalphabet-hebreu-v1-Back-400x567.jpg 400w, https:\/\/asherhaimhalevi.ordisoftware.com\/wp-content\/uploads\/2021\/04\/Book-Cover-Lalphabet-hebreu-v1-Back.jpg 550w\" sizes=\"(max-width: 212px) 100vw, 212px\" \/><\/a><\/td>\n<\/tr>\n<\/tbody>\n<\/table>\n<h3><span id=\"Description\">Description<\/span><\/h3>\n<p>Ce livret compl\u00e9mentaire au livre <a href=\"https:\/\/asherhaimhalevi.ordisoftware.com\/works\/the-religious-problem\/\">Le probl\u00e8me religieux<\/a> pr\u00e9sente chaque lettre h\u00e9bra\u00efque en double page avec calligraphie, nom, valeur simple, valeur pleine, aspect positif, aspect n\u00e9gatif, sens verbal, sens structurel, sens fonctionnel, sens kabalistique, lettrique, signification et commentaire.Sont disponible une version <a href=\"https:\/\/asherhaimhalevi.ordisoftware.com\/download\/Alphabet-hebreu-v1.pdf\" target=\"_blank\" rel=\"noopener\">PDF<\/a>, <a href=\"https:\/\/books.google.fr\/books\/about?id=dSaqDwAAQBAJ\" target=\"_blank\" rel=\"noopener\">Google Books<\/a> et <a href=\"https:\/\/play.google.com\/store\/books\/details?id=dSaqDwAAQBAJ\" target=\"_blank\" rel=\"noopener\">Google Play<\/a>.<\/p>\n<p>La version imprim\u00e9e de 72 pages est disponible :<\/p>\n<ul>\n<li>Chez <a href=\"https:\/\/www.lulu.com\/fr\/fr\/shop\/asher-ha%C3%AFm-halevi\/lalphabet-h%C3%A9breu-les-lettres-de-lexistence-humaine-la-destin%C3%A9e-du-youd-de-lalef-au-tav-la-formation-du-couple-premi%C3%A8re-%C3%A9dition\/paperback\/product-176gr9pp.html\" target=\"_blank\" rel=\"nofollow noopener\">Lulu.com<\/a> au prix de 9,40\u20ac TTC (8,90\u20ac HT) plus frais de livraison (nouveau tarif suite \u00e0 l'augmentation des frais d'impression par Lulu)<\/li>\n<\/ul>\n<ul>\n<li>Chez <a href=\"https:\/\/www.amazon.fr\/gp\/product\/B07Y4LQRP3\/\" target=\"_blank\" rel=\"nofollow noopener\">Amazon.fr<\/a> au prix sans b\u00e9n\u00e9fice d'auteur de 4,96\u20ac TTC et vous b\u00e9n\u00e9ficiez de la livraison \u00e0 0,01\u20ac.<\/li>\n<\/ul>\n<p>Des <a href=\"https:\/\/asherhaimhalevi.ordisoftware.com\/works\/software\/\" rel=\"nofollow noopener\">logiciels d'aide \u00e0 l'\u00e9tude de la Bible<\/a> sont \u00e9galement disponibles.<\/p>\n<ul>\n<li><a href=\"https:\/\/asherhaimhalevi.ordisoftware.com\/works\/notice\/\">Recommandations<\/a><\/li>\n<li><a href=\"https:\/\/asherhaimhalevi.ordisoftware.com\/legal-notice\/licence\/\">Licence<\/a><\/li>\n<li><a href=\"https:\/\/asherhaimhalevi.ordisoftware.com\/works\/erratas\/\">Erratas<\/a><\/li>\n<\/ul>\n<h3><span id=\"Lire_en_ligne\">Lire en ligne<\/span><\/h3>\n<ul>\n<li><a href=\"https:\/\/asherhaimhalevi.ordisoftware.com\/works\/hebrew-alphabet\/chapters\/\">Chapitres<\/a><\/li>\n<li><a href=\"https:\/\/asherhaimhalevi.ordisoftware.com\/works\/hebrew-alphabet\/letters\/\">Description des lettres<\/a><\/li>\n<li><a href=\"https:\/\/asherhaimhalevi.ordisoftware.com\/works\/the-religious-problem\/diagrams\/#TOC-Table-de-l-alphabet-h-bra-que\">Tableau synth\u00e9tique<\/a><\/li>\n<\/ul>\n<h3 style=\"margin-bottom: 20px;\"><span id=\"Telecharger\">T\u00e9l\u00e9charger<\/span><\/h3>\n<p style=\"margin-top:0px;margin-bottom:3px;margin-left:15px\">\r\n<img style=\"margin-bottom: 3px;vertical-align: middle\" src=\"\/wp-content\/plugins\/wp-downloadmanager\/images\/ext\/pdf.gif\" alt=\"\" title=\"\" \/>&nbsp;\r\n<strong><a href=\"https:\/\/asherhaimhalevi.ordisoftware.com\/?dl_name=Alphabet-hebreu-v1.pdf\">L'alphabet h\u00e9breu (premi\u00e8re \u00e9dition)<\/a><\/strong>\r\n<\/p>\r\n<p style=\"margin-left:40px;margin-top:0px;color:#555555;font-style:bold\">\r\n<small><i>\r\nTaille : 1,1 Mio<br \/>\r\nMise en ligne : 3 septembre 2019<br \/>\r\nMise \u00e0 jour : 3 septembre 2019<br \/>\r\nDernier t\u00e9l\u00e9chargement : 13 novembre 2022<br \/>\r\nT\u00e9l\u00e9chargements depuis avril 2021 ou mise en ligne : 94\r\n<\/i><\/small>\r\n<\/p>\r\n<p style=\"margin-left:40px;margin-top:-10px\">Texte int\u00e9gral<\/p>\n<h3><span id=\"Ecouter\">\u00c9couter<\/span><\/h3>\n<p style=\"margin-top: 40px;\"><\/p>\n<div style=\"margin-bottom: 20px;\"><\/div>\n<div  id=\"_ytid_90687\" class=\"__youtube_prefs__  __youtube_prefs_gdpr__ \" allowfullscreen data-no-lazy=\"1\" data-skipgform_ajax_framebjll=\"\"><p><strong>Please accept YouTube cookies to play this video.<\/strong> By accepting you will be accessing content from YouTube, a service provided by an external third party.<\/p>\n<p><a href=\"https:\/\/policies.google.com\/privacy\" target=\"_blank\" rel=\"noopener\">YouTube privacy policy<\/a><\/p>\n<p>If you accept this notice, your choice will be saved and the page will refresh.<\/p>\n<button type=\"button\" class=\"__youtube_prefs_gdpr__\">Accept YouTube Content<img src=\"https:\/\/asherhaimhalevi.ordisoftware.com\/wp-content\/plugins\/youtube-embed-plus\/images\/icon-check.png\" alt=\"accept\" data-no-lazy=\"1\" data-skipgform_ajax_framebjll=\"\" \/><\/button><\/div>\n<h3><span id=\"Exemple\">Exemple<\/span><\/h3>\n<p><a href=\"https:\/\/asherhaimhalevi.ordisoftware.com\/wp-content\/uploads\/2021\/04\/alphabet-sample-alef.jpg\"><img decoding=\"async\" class=\"aligncenter wp-image-1516\" src=\"https:\/\/asherhaimhalevi.ordisoftware.com\/wp-content\/uploads\/2021\/04\/alphabet-sample-alef-1024x703.jpg\" alt=\"\" width=\"600\" height=\"412\" srcset=\"https:\/\/asherhaimhalevi.ordisoftware.com\/wp-content\/uploads\/2021\/04\/alphabet-sample-alef-1024x703.jpg 1024w, https:\/\/asherhaimhalevi.ordisoftware.com\/wp-content\/uploads\/2021\/04\/alphabet-sample-alef-300x206.jpg 300w, https:\/\/asherhaimhalevi.ordisoftware.com\/wp-content\/uploads\/2021\/04\/alphabet-sample-alef-200x137.jpg 200w, https:\/\/asherhaimhalevi.ordisoftware.com\/wp-content\/uploads\/2021\/04\/alphabet-sample-alef-768x527.jpg 768w, https:\/\/asherhaimhalevi.ordisoftware.com\/wp-content\/uploads\/2021\/04\/alphabet-sample-alef-150x103.jpg 150w, https:\/\/asherhaimhalevi.ordisoftware.com\/wp-content\/uploads\/2021\/04\/alphabet-sample-alef-400x275.jpg 400w, https:\/\/asherhaimhalevi.ordisoftware.com\/wp-content\/uploads\/2021\/04\/alphabet-sample-alef.jpg 1200w\" sizes=\"(max-width: 600px) 100vw, 600px\" \/><\/a><br \/>\n<img decoding=\"async\" class=\"image-bordered aligncenter wp-image-856 size-full\" style=\"margin-top: 0px; margin-bottom: -10px;\" src=\"https:\/\/asherhaimhalevi.ordisoftware.com\/wp-content\/uploads\/2021\/04\/Alphabet-Alef-Tav.jpg\" alt=\"\" width=\"500\" height=\"290\" srcset=\"https:\/\/asherhaimhalevi.ordisoftware.com\/wp-content\/uploads\/2021\/04\/Alphabet-Alef-Tav.jpg 500w, https:\/\/asherhaimhalevi.ordisoftware.com\/wp-content\/uploads\/2021\/04\/Alphabet-Alef-Tav-300x174.jpg 300w, https:\/\/asherhaimhalevi.ordisoftware.com\/wp-content\/uploads\/2021\/04\/Alphabet-Alef-Tav-200x116.jpg 200w, https:\/\/asherhaimhalevi.ordisoftware.com\/wp-content\/uploads\/2021\/04\/Alphabet-Alef-Tav-150x87.jpg 150w, https:\/\/asherhaimhalevi.ordisoftware.com\/wp-content\/uploads\/2021\/04\/Alphabet-Alef-Tav-400x232.jpg 400w\" sizes=\"(max-width: 500px) 100vw, 500px\" \/><br \/>\n<!--\n\n\n<p style=\"text-align: justify; margin-left: 75px; margin-right: 75px; margin-top: 0px;\"><em>Concernant ces deux racines trilit\u00e8res miroirs, ceux qui ne savent pas d\u00e9j\u00e0 et qui auront lu le livret et qui se posant la question voudraient savoir ce que cela signifie au-del\u00e0 de ce qui est d\u00e9voil\u00e9 au m\u00e2le lors du cheminement de l'\u00e9tude des lettres demanderont en priv\u00e9 par e-mail et ils comprendront.<\/em>\n --><\/p>\n<\/p>","protected":false},"excerpt":{"rendered":"<p>L'alphabet h\u00e9breu ou les lettres de l'existence humaine et la destin\u00e9e du Youd de l'Alef au Tav pour la formation du couple. <\/p>\n<p><span style=\"color:#333\"> &rarr; <a href=\"https:\/\/asherhaimhalevi.ordisoftware.com\/works\/hebrew-alphabet\/\">Lire la suite<\/a><\/span><\/p>\n","protected":false},"author":1,"featured_media":0,"parent":160,"menu_order":29,"comment_status":"closed","ping_status":"closed","template":"","meta":[],"_links":{"self":[{"href":"https:\/\/asherhaimhalevi.ordisoftware.com\/wp-json\/wp\/v2\/pages\/195"}],"collection":[{"href":"https:\/\/asherhaimhalevi.ordisoftware.com\/wp-json\/wp\/v2\/pages"}],"about":[{"href":"https:\/\/asherhaimhalevi.ordisoftware.com\/wp-json\/wp\/v2\/types\/page"}],"author":[{"embeddable":true,"href":"https:\/\/asherhaimhalevi.ordisoftware.com\/wp-json\/wp\/v2\/users\/1"}],"replies":[{"embeddable":true,"href":"https:\/\/asherhaimhalevi.ordisoftware.com\/wp-json\/wp\/v2\/comments?post=195"}],"version-history":[{"count":0,"href":"https:\/\/asherhaimhalevi.ordisoftware.com\/wp-json\/wp\/v2\/pages\/195\/revisions"}],"up":[{"embeddable":true,"href":"https:\/\/asherhaimhalevi.ordisoftware.com\/wp-json\/wp\/v2\/pages\/160"}],"wp:attachment":[{"href":"https:\/\/asherhaimhalevi.ordisoftware.com\/wp-json\/wp\/v2\/media?parent=195"}],"curies":[{"name":"wp","href":"https:\/\/api.w.org\/{rel}","templated":true}]}}