{"id":196,"date":"2021-03-31T10:55:42","date_gmt":"2021-03-31T08:55:42","guid":{"rendered":"https:\/\/asherhaimhalevi.ordisoftware.com\/?page_id=196"},"modified":"2022-11-11T08:59:56","modified_gmt":"2022-11-11T07:59:56","slug":"alliance","status":"publish","type":"page","link":"https:\/\/asherhaimhalevi.ordisoftware.com\/works\/alliance\/","title":{"rendered":"L'alliance"},"content":{"rendered":"<p style=\"margin-bottom:25px;\"><h4 style=\"text-align: justify;\"><span style=\"color: #401000; text-transform: uppercase; font-size: 11pt;\">Le mariage selon la Torah<br \/>\nLe pouvoir de Dieu<\/span><\/h4>\n<p style=\"margin-bottom: 20px;\"><i><sup> En pr\u00e9paration depuis fin ao\u00fbt 2019<\/sup><\/i><\/p>\n<div style=\"margin-top: 15px;\" id=\"toc_container\" class=\"no_bullets\"><ul class=\"toc_list\"><li><a href=\"#Couverture\">Couverture<\/a><\/li><li><a href=\"#Description\">Description<\/a><\/li><li><a href=\"#Telecharger\">T\u00e9l\u00e9charger<\/a><\/li><li><a href=\"#Ecouter\">\u00c9couter<\/a><\/li><\/ul><\/div>\n<h3><span id=\"Couverture\">Couverture<\/span><\/h3>\n<table style=\"border-collapse: collapse; width: 100%;\">\n<tbody>\n<tr>\n<td style=\"width: 50%;\"><a href=\"https:\/\/asherhaimhalevi.ordisoftware.com\/wp-content\/uploads\/2021\/04\/Book-Cover-Lalliance-v1-Front.jpg\"><img decoding=\"async\" class=\"alignnone wp-image-836 size-medium\" src=\"https:\/\/asherhaimhalevi.ordisoftware.com\/wp-content\/uploads\/2021\/04\/Book-Cover-Lalliance-v1-Front-212x300.jpg\" alt=\"\" width=\"212\" height=\"300\" srcset=\"https:\/\/asherhaimhalevi.ordisoftware.com\/wp-content\/uploads\/2021\/04\/Book-Cover-Lalliance-v1-Front-212x300.jpg 212w, https:\/\/asherhaimhalevi.ordisoftware.com\/wp-content\/uploads\/2021\/04\/Book-Cover-Lalliance-v1-Front-141x200.jpg 141w, https:\/\/asherhaimhalevi.ordisoftware.com\/wp-content\/uploads\/2021\/04\/Book-Cover-Lalliance-v1-Front-106x150.jpg 106w, https:\/\/asherhaimhalevi.ordisoftware.com\/wp-content\/uploads\/2021\/04\/Book-Cover-Lalliance-v1-Front-400x567.jpg 400w, https:\/\/asherhaimhalevi.ordisoftware.com\/wp-content\/uploads\/2021\/04\/Book-Cover-Lalliance-v1-Front.jpg 550w\" sizes=\"(max-width: 212px) 100vw, 212px\" \/><\/a><\/td>\n<td style=\"width: 50%;\"><a href=\"https:\/\/asherhaimhalevi.ordisoftware.com\/wp-content\/uploads\/2021\/04\/Book-Cover-Lalliance-v1-Back.jpg\"><img decoding=\"async\" class=\"alignnone wp-image-835 size-medium\" src=\"https:\/\/asherhaimhalevi.ordisoftware.com\/wp-content\/uploads\/2021\/04\/Book-Cover-Lalliance-v1-Back-212x300.jpg\" alt=\"\" width=\"212\" height=\"300\" srcset=\"https:\/\/asherhaimhalevi.ordisoftware.com\/wp-content\/uploads\/2021\/04\/Book-Cover-Lalliance-v1-Back-212x300.jpg 212w, https:\/\/asherhaimhalevi.ordisoftware.com\/wp-content\/uploads\/2021\/04\/Book-Cover-Lalliance-v1-Back-141x200.jpg 141w, https:\/\/asherhaimhalevi.ordisoftware.com\/wp-content\/uploads\/2021\/04\/Book-Cover-Lalliance-v1-Back-106x150.jpg 106w, https:\/\/asherhaimhalevi.ordisoftware.com\/wp-content\/uploads\/2021\/04\/Book-Cover-Lalliance-v1-Back-400x567.jpg 400w, https:\/\/asherhaimhalevi.ordisoftware.com\/wp-content\/uploads\/2021\/04\/Book-Cover-Lalliance-v1-Back.jpg 550w\" sizes=\"(max-width: 212px) 100vw, 212px\" \/><\/a><\/td>\n<\/tr>\n<\/tbody>\n<\/table>\n<h3><span id=\"Description\"><span id=\"Description\">Description<\/span><\/span><\/h3>\n<p>Ce livret compl\u00e9mentaire au livre <a href=\"https:\/\/asherhaimhalevi.ordisoftware.com\/works\/the-religious-problem\/\">Le probl\u00e8me religieux<\/a> pr\u00e9sente les fondements du couple selon la Torah.<\/p>\n<p><i>Et ton \u0153il n'aura pas piti\u00e9 : une \u00e2me avec une \u00e2me, un \u0153il avec un \u0153il, une dent avec une dent, une main avec une main, un pied avec un pied.<\/i><\/p>\n<p>Doit se comprendre ainsi :<\/p>\n<p><i>Avoir de la compassion pour unir deux \u00eatres selon la sinc\u00e9rit\u00e9 des coeurs, le partage de la vision, la force de l'investissement, la tendresse des actes et la libert\u00e9 de la marche commune.<\/i><\/p>\n<p>Telles sont les sp\u00e9cifications des cinq livres de la Torah.<i><\/i><\/p>\n<ul>\n<li><a href=\"https:\/\/asherhaimhalevi.ordisoftware.com\/works\/notice\/\">Recommandations<\/a><\/li>\n<li><a href=\"https:\/\/asherhaimhalevi.ordisoftware.com\/legal-notice\/licence\/\">Licence<\/a><\/li>\n<li><a href=\"https:\/\/asherhaimhalevi.ordisoftware.com\/works\/erratas\/\">Erratas<\/a><\/li>\n<\/ul>\n<h3 style=\"margin-bottom: 20px;\"><span id=\"Telecharger\">T\u00e9l\u00e9charger<\/span><\/h3>\n<p style=\"margin-top:0px;margin-bottom:3px;margin-left:15px\">\r\n<img style=\"margin-bottom: 3px;vertical-align: middle\" src=\"\/wp-content\/plugins\/wp-downloadmanager\/images\/ext\/pdf.gif\" alt=\"\" title=\"\" \/>&nbsp;\r\n<strong><a href=\"https:\/\/asherhaimhalevi.ordisoftware.com\/?dl_name=Alliance-v1-Extrait-Evangile-YHVH.pdf\">L'\u00c9vangile de YHVH<\/a><\/strong>\r\n<\/p>\r\n<p style=\"margin-left:40px;margin-top:0px;color:#555555;font-style:bold\">\r\n<small><i>\r\nTaille : 533,5 Kio<br \/>\r\nMise en ligne : 21 d\u00e9cembre 2019<br \/>\r\nMise \u00e0 jour : 21 d\u00e9cembre 2019<br \/>\r\nDernier t\u00e9l\u00e9chargement : 9 novembre 2022<br \/>\r\nT\u00e9l\u00e9chargements depuis avril 2021 ou mise en ligne : 92\r\n<\/i><\/small>\r\n<\/p>\r\n<p style=\"margin-left:40px;margin-top:-10px\">Essai de traduction et commentaire des premiers versets de chaque \u00e9vangile \u00e0 la lumi\u00e8re des premiers versets du Quran et selon une approche physicaliste de la Torah<\/p>\n<p style=\"margin-top:0px;margin-bottom:3px;margin-left:15px\">\r\n<img style=\"margin-bottom: 3px;vertical-align: middle\" src=\"\/wp-content\/plugins\/wp-downloadmanager\/images\/ext\/pdf.gif\" alt=\"\" title=\"\" \/>&nbsp;\r\n<strong><a href=\"https:\/\/asherhaimhalevi.ordisoftware.com\/?dl_name=Alliance-v1-Extrait-Regle-31-de-Salomon.pdf\">S\u00e9fer Mishlei - La r\u00e8gle 31 de Salomon<\/a><\/strong>\r\n<\/p>\r\n<p style=\"margin-left:40px;margin-top:0px;color:#555555;font-style:bold\">\r\n<small><i>\r\nTaille : 777,7 Kio<br \/>\r\nMise en ligne : 2 mars 2020<br \/>\r\nMise \u00e0 jour : 2 mars 2020<br \/>\r\nDernier t\u00e9l\u00e9chargement : 9 novembre 2022<br \/>\r\nT\u00e9l\u00e9chargements depuis avril 2021 ou mise en ligne : 85\r\n<\/i><\/small>\r\n<\/p>\r\n<p style=\"margin-left:40px;margin-top:-10px\">Traduction et commentaire du chapitre 31 des Proverbes ou Mishlei ou Mashali relatif au don de la Torah<\/p>\n<p style=\"margin-top:0px;margin-bottom:3px;margin-left:15px\">\r\n<img style=\"margin-bottom: 3px;vertical-align: middle\" src=\"\/wp-content\/plugins\/wp-downloadmanager\/images\/ext\/pdf.gif\" alt=\"\" title=\"\" \/>&nbsp;\r\n<strong><a href=\"https:\/\/asherhaimhalevi.ordisoftware.com\/?dl_name=L'alliance-v1-Extrait-Tehilim-121.pdf\">S\u00e9fer T\u00e9hilim - Chant n\u00b0 121<\/a><\/strong>\r\n<\/p>\r\n<p style=\"margin-left:40px;margin-top:0px;color:#555555;font-style:bold\">\r\n<small><i>\r\nTaille : 207,4 Kio<br \/>\r\nMise en ligne : 29 octobre 2022<br \/>\r\nMise \u00e0 jour : 29 octobre 2022<br \/>\r\nDernier t\u00e9l\u00e9chargement : 8 novembre 2022<br \/>\r\nT\u00e9l\u00e9chargements depuis avril 2021 ou mise en ligne : 4\r\n<\/i><\/small>\r\n<\/p>\r\n<p style=\"margin-left:40px;margin-top:-10px\">Traduction et commentaire d'un po\u00e8me relatif aux fian\u00e7ailles h\u00e9bra\u00efques<\/p>\n<p style=\"margin-top:0px;margin-bottom:3px;margin-left:15px\">\r\n<img style=\"margin-bottom: 3px;vertical-align: middle\" src=\"\/wp-content\/plugins\/wp-downloadmanager\/images\/ext\/pdf.gif\" alt=\"\" title=\"\" \/>&nbsp;\r\n<strong><a href=\"https:\/\/asherhaimhalevi.ordisoftware.com\/?dl_name=L'alliance-v1-Extrait-Tehilim-150.pdf\">S\u00e9fer T\u00e9hilim - Chant n\u00b0 150<\/a><\/strong>\r\n<\/p>\r\n<p style=\"margin-left:40px;margin-top:0px;color:#555555;font-style:bold\">\r\n<small><i>\r\nTaille : 160,4 Kio<br \/>\r\nMise en ligne : 29 octobre 2022<br \/>\r\nMise \u00e0 jour : 29 octobre 2022<br \/>\r\nDernier t\u00e9l\u00e9chargement : 8 novembre 2022<br \/>\r\nT\u00e9l\u00e9chargements depuis avril 2021 ou mise en ligne : 4\r\n<\/i><\/small>\r\n<\/p>\r\n<p style=\"margin-left:40px;margin-top:-10px\">Traduction et commentaire d'un po\u00e8me relatif au couple h\u00e9breu<\/p>\n<h3><span id=\"Ecouter\">\u00c9couter<\/span><\/h3>\n<p style=\"margin-top: 40px;\"><\/p>\n<div style=\"margin-bottom: 20px;\"><\/div>\n<div  id=\"_ytid_66266\" class=\"__youtube_prefs__  __youtube_prefs_gdpr__ \" allowfullscreen data-no-lazy=\"1\" data-skipgform_ajax_framebjll=\"\"><p><strong>Please accept YouTube cookies to play this video.<\/strong> By accepting you will be accessing content from YouTube, a service provided by an external third party.<\/p>\n<p><a href=\"https:\/\/policies.google.com\/privacy\" target=\"_blank\" rel=\"noopener\">YouTube privacy policy<\/a><\/p>\n<p>If you accept this notice, your choice will be saved and the page will refresh.<\/p>\n<button type=\"button\" class=\"__youtube_prefs_gdpr__\">Accept YouTube Content<img src=\"https:\/\/asherhaimhalevi.ordisoftware.com\/wp-content\/plugins\/youtube-embed-plus\/images\/icon-check.png\" alt=\"accept\" data-no-lazy=\"1\" data-skipgform_ajax_framebjll=\"\" \/><\/button><\/div>\n<p><img decoding=\"async\" class=\"image-bordered-p aligncenter wp-image-1597 size-full\" src=\"https:\/\/asherhaimhalevi.ordisoftware.com\/wp-content\/uploads\/2021\/04\/no-life-without-dna.png\" alt=\"\" width=\"520\" height=\"350\" srcset=\"https:\/\/asherhaimhalevi.ordisoftware.com\/wp-content\/uploads\/2021\/04\/no-life-without-dna.png 520w, https:\/\/asherhaimhalevi.ordisoftware.com\/wp-content\/uploads\/2021\/04\/no-life-without-dna-300x202.png 300w, https:\/\/asherhaimhalevi.ordisoftware.com\/wp-content\/uploads\/2021\/04\/no-life-without-dna-200x135.png 200w, https:\/\/asherhaimhalevi.ordisoftware.com\/wp-content\/uploads\/2021\/04\/no-life-without-dna-150x101.png 150w, https:\/\/asherhaimhalevi.ordisoftware.com\/wp-content\/uploads\/2021\/04\/no-life-without-dna-400x269.png 400w\" sizes=\"(max-width: 520px) 100vw, 520px\" \/><\/p>\n<\/p>","protected":false},"excerpt":{"rendered":"<p>L'alliance ou le mariage selon la Torah et le pouvoir de Dieu. <\/p>\n<p><span style=\"color:#333\"> &rarr; <a href=\"https:\/\/asherhaimhalevi.ordisoftware.com\/works\/alliance\/\">Lire la suite<\/a><\/span><\/p>\n","protected":false},"author":1,"featured_media":0,"parent":160,"menu_order":30,"comment_status":"closed","ping_status":"closed","template":"","meta":[],"_links":{"self":[{"href":"https:\/\/asherhaimhalevi.ordisoftware.com\/wp-json\/wp\/v2\/pages\/196"}],"collection":[{"href":"https:\/\/asherhaimhalevi.ordisoftware.com\/wp-json\/wp\/v2\/pages"}],"about":[{"href":"https:\/\/asherhaimhalevi.ordisoftware.com\/wp-json\/wp\/v2\/types\/page"}],"author":[{"embeddable":true,"href":"https:\/\/asherhaimhalevi.ordisoftware.com\/wp-json\/wp\/v2\/users\/1"}],"replies":[{"embeddable":true,"href":"https:\/\/asherhaimhalevi.ordisoftware.com\/wp-json\/wp\/v2\/comments?post=196"}],"version-history":[{"count":0,"href":"https:\/\/asherhaimhalevi.ordisoftware.com\/wp-json\/wp\/v2\/pages\/196\/revisions"}],"up":[{"embeddable":true,"href":"https:\/\/asherhaimhalevi.ordisoftware.com\/wp-json\/wp\/v2\/pages\/160"}],"wp:attachment":[{"href":"https:\/\/asherhaimhalevi.ordisoftware.com\/wp-json\/wp\/v2\/media?parent=196"}],"curies":[{"name":"wp","href":"https:\/\/api.w.org\/{rel}","templated":true}]}}