{"id":1965,"date":"2021-08-22T20:31:29","date_gmt":"2021-08-22T18:31:29","guid":{"rendered":"https:\/\/asherhaimhalevi.ordisoftware.com\/?p=1965"},"modified":"2022-11-10T11:38:30","modified_gmt":"2022-11-10T10:38:30","slug":"du-petit-et-du-grand-nombre","status":"publish","type":"post","link":"https:\/\/asherhaimhalevi.ordisoftware.com\/blog\/2021\/08\/du-petit-et-du-grand-nombre\/","title":{"rendered":"Du petit et du grand nombre"},"content":{"rendered":"<p style=\"margin-bottom:25px;\"><p><span data-offset-key=\"cq9ap-0-0\"><em>Entre int\u00e9r\u00eats personnel et int\u00e9r\u00eats collectifs : les int\u00e9r\u00eats des groupes<\/em> <\/span><\/p>\n<p>Quel que soit le but, m\u00eame affirm\u00e9 \u00eatre une cause juste pour le plus grand nombre, voire pour un pays ou l'esp\u00e8ce, en g\u00e9n\u00e9ral en sous-entendu d'un petit groupe, toute blessure et tout crime volontaire, et toute guerre qui ne serait pas l\u00e9gitime d\u00e9fense, en dehors d'un acte m\u00e9dical visant \u00e0 soigner et non pas nuire, et au-del\u00e0 de toute notion de grades ou de pouvoirs, n'a pour objectif que de servir les int\u00e9r\u00eats personnels d'une personne ou de comit\u00e9s organisateurs collusionneurs qui ne sont que des mauvais joueurs criminels qui trichent et qui n'ont rien \u00e0 faire des r\u00e8gles et des lois qu'ils ha\u00efssent puisqu'ils les soumettent et les pi\u00e9tinent par abus de pouvoir, et qu'au lieu de les aimer en tant que moyens et buts d'\u00e9duquer, aider, soigner et d\u00e9fendre, sans nuire m\u00eame aux m\u00e9chants, ils les trafiquent et alt\u00e8rent contre les int\u00e9r\u00eats des victimes.<\/p>\n<\/p>","protected":false},"excerpt":{"rendered":"<p style=\"margin-bottom:25px;\">\n<p>Entre interets personnel et interets collectifs : les interets des groupes <\/p>\n<p>Quel que soit le but, meme affirme etre une cause juste pour le plus grand nombre, voire pour un pays ou l'espece, en general en sous-entendu d'un petit groupe, toute blessure et tout crime volontaire, et toute guerre qui ne serait pas legitime defense, en dehors d'un acte medical visant a soigner et non pas nuire, et au-dela de toute notion de grades ou de pouvoirs, n'a pour objectif que de servir les interets personnels d'une personne ou de comites organisateurs collusionneurs qui ne sont que des <\/p>\n<p><span style=\"color:#333\"> &rarr; <a href=\"https:\/\/asherhaimhalevi.ordisoftware.com\/blog\/2021\/08\/du-petit-et-du-grand-nombre\/\">Lire la suite<\/a><\/span><\/p>\n","protected":false},"author":1,"featured_media":0,"comment_status":"closed","ping_status":"closed","sticky":false,"template":"","format":"standard","meta":[],"categories":[14],"tags":[],"jetpack_featured_media_url":"","_links":{"self":[{"href":"https:\/\/asherhaimhalevi.ordisoftware.com\/wp-json\/wp\/v2\/posts\/1965"}],"collection":[{"href":"https:\/\/asherhaimhalevi.ordisoftware.com\/wp-json\/wp\/v2\/posts"}],"about":[{"href":"https:\/\/asherhaimhalevi.ordisoftware.com\/wp-json\/wp\/v2\/types\/post"}],"author":[{"embeddable":true,"href":"https:\/\/asherhaimhalevi.ordisoftware.com\/wp-json\/wp\/v2\/users\/1"}],"replies":[{"embeddable":true,"href":"https:\/\/asherhaimhalevi.ordisoftware.com\/wp-json\/wp\/v2\/comments?post=1965"}],"version-history":[{"count":0,"href":"https:\/\/asherhaimhalevi.ordisoftware.com\/wp-json\/wp\/v2\/posts\/1965\/revisions"}],"wp:attachment":[{"href":"https:\/\/asherhaimhalevi.ordisoftware.com\/wp-json\/wp\/v2\/media?parent=1965"}],"wp:term":[{"taxonomy":"category","embeddable":true,"href":"https:\/\/asherhaimhalevi.ordisoftware.com\/wp-json\/wp\/v2\/categories?post=1965"},{"taxonomy":"post_tag","embeddable":true,"href":"https:\/\/asherhaimhalevi.ordisoftware.com\/wp-json\/wp\/v2\/tags?post=1965"}],"curies":[{"name":"wp","href":"https:\/\/api.w.org\/{rel}","templated":true}]}}