{"id":197,"date":"2021-03-31T10:57:30","date_gmt":"2021-03-31T08:57:30","guid":{"rendered":"https:\/\/asherhaimhalevi.ordisoftware.com\/?page_id=197"},"modified":"2022-07-02T13:12:06","modified_gmt":"2022-07-02T11:12:06","slug":"sefirot","status":"publish","type":"page","link":"https:\/\/asherhaimhalevi.ordisoftware.com\/works\/sefirot\/","title":{"rendered":"Les s\u00e9firot"},"content":{"rendered":"<p style=\"margin-bottom:25px;\"><h4 style=\"text-align: justify;\"><span style=\"color: #401000; text-transform: uppercase; font-size: 11pt;\">Les dix dynamiques de la sortie de Mitsra\u00efm<br \/>\nLa lib\u00e9ration des illusions et des mensonges<\/span><\/h4>\n<p style=\"margin-bottom: 20px;\"><sup><i>En pr\u00e9paration depuis fin ao\u00fbt 2019<\/i><\/sup><\/p>\n<div style=\"margin-top: 15px;\" id=\"toc_container\" class=\"no_bullets\"><ul class=\"toc_list\"><li><a href=\"#Couverture\">Couverture<\/a><\/li><li><a href=\"#Description\">Description<\/a><\/li><li><a href=\"#Telecharger\">T\u00e9l\u00e9charger<\/a><\/li><li><a href=\"#Ecouter\">\u00c9couter<\/a><\/li><li><a href=\"#Exemple_Daat\">Exemple : Da'at<\/a><\/li><\/ul><\/div>\n<h3><span id=\"Couverture\">Couverture<\/span><\/h3>\n<table style=\"border-collapse: collapse; width: 100%;\">\n<tbody>\n<tr>\n<td style=\"width: 50%;\"><a href=\"https:\/\/asherhaimhalevi.ordisoftware.com\/wp-content\/uploads\/2021\/04\/Book-Cover-Les-sefirot-v1-Front.jpg\"><img decoding=\"async\" class=\"alignnone wp-image-842 size-medium\" src=\"https:\/\/asherhaimhalevi.ordisoftware.com\/wp-content\/uploads\/2021\/04\/Book-Cover-Les-sefirot-v1-Front-212x300.jpg\" alt=\"\" width=\"212\" height=\"300\" srcset=\"https:\/\/asherhaimhalevi.ordisoftware.com\/wp-content\/uploads\/2021\/04\/Book-Cover-Les-sefirot-v1-Front-212x300.jpg 212w, https:\/\/asherhaimhalevi.ordisoftware.com\/wp-content\/uploads\/2021\/04\/Book-Cover-Les-sefirot-v1-Front-141x200.jpg 141w, https:\/\/asherhaimhalevi.ordisoftware.com\/wp-content\/uploads\/2021\/04\/Book-Cover-Les-sefirot-v1-Front-106x150.jpg 106w, https:\/\/asherhaimhalevi.ordisoftware.com\/wp-content\/uploads\/2021\/04\/Book-Cover-Les-sefirot-v1-Front-400x567.jpg 400w, https:\/\/asherhaimhalevi.ordisoftware.com\/wp-content\/uploads\/2021\/04\/Book-Cover-Les-sefirot-v1-Front.jpg 550w\" sizes=\"(max-width: 212px) 100vw, 212px\" \/><\/a><\/td>\n<td style=\"width: 50%;\"><a href=\"https:\/\/asherhaimhalevi.ordisoftware.com\/wp-content\/uploads\/2021\/04\/Book-Cover-Les-sefirot-v1-Back.jpg\"><img decoding=\"async\" class=\"alignnone wp-image-841 size-medium\" src=\"https:\/\/asherhaimhalevi.ordisoftware.com\/wp-content\/uploads\/2021\/04\/Book-Cover-Les-sefirot-v1-Back-212x300.jpg\" alt=\"\" width=\"212\" height=\"300\" srcset=\"https:\/\/asherhaimhalevi.ordisoftware.com\/wp-content\/uploads\/2021\/04\/Book-Cover-Les-sefirot-v1-Back-212x300.jpg 212w, https:\/\/asherhaimhalevi.ordisoftware.com\/wp-content\/uploads\/2021\/04\/Book-Cover-Les-sefirot-v1-Back-141x200.jpg 141w, https:\/\/asherhaimhalevi.ordisoftware.com\/wp-content\/uploads\/2021\/04\/Book-Cover-Les-sefirot-v1-Back-106x150.jpg 106w, https:\/\/asherhaimhalevi.ordisoftware.com\/wp-content\/uploads\/2021\/04\/Book-Cover-Les-sefirot-v1-Back-400x567.jpg 400w, https:\/\/asherhaimhalevi.ordisoftware.com\/wp-content\/uploads\/2021\/04\/Book-Cover-Les-sefirot-v1-Back.jpg 550w\" sizes=\"(max-width: 212px) 100vw, 212px\" \/><\/a><\/td>\n<\/tr>\n<\/tbody>\n<\/table>\n<h3><span id=\"Description\"><span id=\"Description\">Description<\/span><\/span><\/h3>\n<p>Ce livret compl\u00e9mentaire au livre <a href=\"https:\/\/asherhaimhalevi.ordisoftware.com\/works\/the-religious-problem\/\">Le probl\u00e8me religieux<\/a> pr\u00e9sente une kabalah relative aux quatre mondes de l'existence humaine cr\u00e9\u00e9e par l'ensemble des forces de l'univers et de la vie, subdivis\u00e9s en dix sph\u00e8res d'influences prodiguant les \u00e9tapes de la lib\u00e9ration du mal intrins\u00e8que \u00e0 l'univers chromosomique des cieux-fonctions de l'ADN non-codant et de la terre-structure de l'ADN codant.<\/p>\n<ul>\n<li><a href=\"https:\/\/asherhaimhalevi.ordisoftware.com\/works\/notice\/\">Recommandations<\/a><\/li>\n<li><a href=\"https:\/\/asherhaimhalevi.ordisoftware.com\/legal-notice\/licence\/\">Licence<\/a><\/li>\n<li><a href=\"https:\/\/asherhaimhalevi.ordisoftware.com\/works\/erratas\/\">Erratas<\/a><\/li>\n<\/ul>\n<h3 style=\"margin-bottom: 20px;\"><span id=\"Telecharger\">T\u00e9l\u00e9charger<\/span><\/h3>\n<p style=\"margin-top:0px;margin-bottom:3px;margin-left:15px\">\r\n<img style=\"margin-bottom: 3px;vertical-align: middle\" src=\"\/wp-content\/plugins\/wp-downloadmanager\/images\/ext\/pdf.gif\" alt=\"\" title=\"\" \/>&nbsp;\r\n<strong><a href=\"https:\/\/asherhaimhalevi.ordisoftware.com\/?dl_name=Sefirot-v1-Extrait-Dix-Etapes-Liberation.pdf\">Pessa'h - Les dix \u00e9tapes de l'\u00e9volution<\/a><\/strong>\r\n<\/p>\r\n<p style=\"margin-left:40px;margin-top:0px;color:#555555;font-style:bold\">\r\n<small><i>\r\nTaille : 634,6 Kio<br \/>\r\nMise en ligne : 8 avril 2020<br \/>\r\nMise \u00e0 jour : 27 f\u00e9vrier 2022<br \/>\r\nDernier t\u00e9l\u00e9chargement : 8 novembre 2022<br \/>\r\nT\u00e9l\u00e9chargements depuis avril 2021 ou mise en ligne : 105\r\n<\/i><\/small>\r\n<\/p>\r\n<p style=\"margin-left:40px;margin-top:-10px\">Pessa'h et la sortie de Mitsra\u00efm en dix phases pour la lib\u00e9ration des illusions et des mensonges gr\u00e2ce \u00e0 l'alliance du rachat du premier n\u00e9 pour les suivants ou \u00e0 l'aide de la fille du pharaon afin de ne pas se laisser submerger par le grand fleuve du monde majoritairement compos\u00e9 d'oeuvres trompeuses et afin d'y r\u00e9pandre de l'authenticit\u00e9<\/p>\n<p style=\"margin-top:0px;margin-bottom:3px;margin-left:15px\">\r\n<img style=\"margin-bottom: 3px;vertical-align: middle\" src=\"\/wp-content\/plugins\/wp-downloadmanager\/images\/ext\/pdf.gif\" alt=\"\" title=\"\" \/>&nbsp;\r\n<strong><a href=\"https:\/\/asherhaimhalevi.ordisoftware.com\/?dl_name=Le-probleme-religieux-v2-Extrait-Kabalah-Pessah.pdf\">Pessa'h - La Kabalah de la lib\u00e9ration<\/a><\/strong>\r\n<\/p>\r\n<p style=\"margin-left:40px;margin-top:0px;color:#555555;font-style:bold\">\r\n<small><i>\r\nTaille : 843,6 Kio<br \/>\r\nMise en ligne : 8 avril 2020<br \/>\r\nMise \u00e0 jour : 3 mars 2022<br \/>\r\nDernier t\u00e9l\u00e9chargement : 13 novembre 2022<br \/>\r\nT\u00e9l\u00e9chargements depuis avril 2021 ou mise en ligne : 138\r\n<\/i><\/small>\r\n<\/p>\r\n<p style=\"margin-left:40px;margin-top:-10px\">La sortie de Mitsra\u00efm ou la lib\u00e9ration de l'ignorance et de l'esclavage est le fondement du but de Pessa'h via l'expatriation spirituelle depuis le monde des mensonges et des illusions ou Maya vers le monde du vrai et de la bienveillance ou Brahma gr\u00e2ce \u00e0 la science dite sacr\u00e9e<\/p>\n<h3><span id=\"Ecouter\">\u00c9couter<\/span><\/h3>\n<p style=\"margin-top: 40px;\"><\/p>\n<div style=\"margin-bottom: 20px;\"><\/div>\n<div  id=\"_ytid_36037\" class=\"__youtube_prefs__  __youtube_prefs_gdpr__ \" allowfullscreen data-no-lazy=\"1\" data-skipgform_ajax_framebjll=\"\"><p><strong>Please accept YouTube cookies to play this video.<\/strong> By accepting you will be accessing content from YouTube, a service provided by an external third party.<\/p>\n<p><a href=\"https:\/\/policies.google.com\/privacy\" target=\"_blank\" rel=\"noopener\">YouTube privacy policy<\/a><\/p>\n<p>If you accept this notice, your choice will be saved and the page will refresh.<\/p>\n<button type=\"button\" class=\"__youtube_prefs_gdpr__\">Accept YouTube Content<img src=\"https:\/\/asherhaimhalevi.ordisoftware.com\/wp-content\/plugins\/youtube-embed-plus\/images\/icon-check.png\" alt=\"accept\" data-no-lazy=\"1\" data-skipgform_ajax_framebjll=\"\" \/><\/button><\/div>\n<h3><span id=\"Exemple_Daat\">Exemple : Da'at<\/span><\/h3>\n<p><img decoding=\"async\" class=\"image-bordered aligncenter wp-image-831 size-full\" style=\"margin-top: 20px;\" src=\"https:\/\/asherhaimhalevi.ordisoftware.com\/wp-content\/uploads\/2021\/04\/Les-sefirot-v1-Extrait-DAAT.png\" alt=\"\" width=\"500\" height=\"670\" srcset=\"https:\/\/asherhaimhalevi.ordisoftware.com\/wp-content\/uploads\/2021\/04\/Les-sefirot-v1-Extrait-DAAT.png 500w, https:\/\/asherhaimhalevi.ordisoftware.com\/wp-content\/uploads\/2021\/04\/Les-sefirot-v1-Extrait-DAAT-224x300.png 224w, https:\/\/asherhaimhalevi.ordisoftware.com\/wp-content\/uploads\/2021\/04\/Les-sefirot-v1-Extrait-DAAT-149x200.png 149w, https:\/\/asherhaimhalevi.ordisoftware.com\/wp-content\/uploads\/2021\/04\/Les-sefirot-v1-Extrait-DAAT-112x150.png 112w, https:\/\/asherhaimhalevi.ordisoftware.com\/wp-content\/uploads\/2021\/04\/Les-sefirot-v1-Extrait-DAAT-400x536.png 400w\" sizes=\"(max-width: 500px) 100vw, 500px\" \/><\/p>\n<\/p>","protected":false},"excerpt":{"rendered":"<p>Les S\u00e9firot ou les dix dynamiques de la sortie de Mitsra\u00efm et la lib\u00e9ration des illusions et des mensonges. <\/p>\n<p><span style=\"color:#333\"> &rarr; <a href=\"https:\/\/asherhaimhalevi.ordisoftware.com\/works\/sefirot\/\">Lire la suite<\/a><\/span><\/p>\n","protected":false},"author":1,"featured_media":0,"parent":160,"menu_order":32,"comment_status":"closed","ping_status":"closed","template":"","meta":[],"_links":{"self":[{"href":"https:\/\/asherhaimhalevi.ordisoftware.com\/wp-json\/wp\/v2\/pages\/197"}],"collection":[{"href":"https:\/\/asherhaimhalevi.ordisoftware.com\/wp-json\/wp\/v2\/pages"}],"about":[{"href":"https:\/\/asherhaimhalevi.ordisoftware.com\/wp-json\/wp\/v2\/types\/page"}],"author":[{"embeddable":true,"href":"https:\/\/asherhaimhalevi.ordisoftware.com\/wp-json\/wp\/v2\/users\/1"}],"replies":[{"embeddable":true,"href":"https:\/\/asherhaimhalevi.ordisoftware.com\/wp-json\/wp\/v2\/comments?post=197"}],"version-history":[{"count":0,"href":"https:\/\/asherhaimhalevi.ordisoftware.com\/wp-json\/wp\/v2\/pages\/197\/revisions"}],"up":[{"embeddable":true,"href":"https:\/\/asherhaimhalevi.ordisoftware.com\/wp-json\/wp\/v2\/pages\/160"}],"wp:attachment":[{"href":"https:\/\/asherhaimhalevi.ordisoftware.com\/wp-json\/wp\/v2\/media?parent=197"}],"curies":[{"name":"wp","href":"https:\/\/api.w.org\/{rel}","templated":true}]}}