{"id":2,"date":"2021-03-29T09:53:29","date_gmt":"2021-03-29T07:53:29","guid":{"rendered":"https:\/\/asherhaimhalevi.ordisoftware.com\/?page_id=2"},"modified":"2021-05-04T21:54:21","modified_gmt":"2021-05-04T19:54:21","slug":"contact","status":"publish","type":"page","link":"https:\/\/asherhaimhalevi.ordisoftware.com\/contact\/","title":{"rendered":"Contact"},"content":{"rendered":"<p style=\"margin-bottom:25px;\"><p>Vous pouvez \u00e9crire \u00e0 Olivier Aim\u00e9 Louis Rogier dit <a href=\"https:\/\/asherhaimhalevi.ordisoftware.com\/legal-notice\/\">Asher 'Ha\u00efm HaLevi<\/a> en utilisant le formulaire suivant.<\/p>\n<p style=\"margin-bottom: 25px;\">En cliquant sur le bouton Envoyer, vous autorisez l'auteur \u00e0 utiliser les donn\u00e9es renseign\u00e9es selon les conditions d\u00e9finies dans les <a href=\"https:\/\/asherhaimhalevi.ordisoftware.com\/legal-notice\/\">informations l\u00e9gales<\/a> et selon la <a href=\"https:\/\/fr.wikipedia.org\/wiki\/Vie_priv%C3%A9e_et_informatique\" target=\"_blank\" rel=\"noopener noreferrer\">l\u00e9gislation en vigueur<\/a>.<\/p>\n<div id=\"usermessagea\" class=\"cf_info \"><\/div><form enctype=\"multipart\/form-data\" action=\"\/wp-json\/wp\/v2\/pages\/2#usermessagea\" method=\"post\" class=\"cform cformsdirect contactformfr \" id=\"cformsform\"><ol class=\"cf-ol\"><li id=\"li--1\" class=\"\"><label id=\"label--1\" for=\"Sujet\"><span>Sujet<\/span><\/label><input type=\"text\" name=\"Sujet\" id=\"Sujet\" class=\"single fldrequired\" value=\"\" title=\"\"\/><span class=\"reqtxt\">(requis)<\/span><\/li><li id=\"li--2\" class=\"\"><label id=\"label--2\" for=\"Nom\"><span>Nom<\/span><\/label><input type=\"text\" name=\"Nom\" id=\"Nom\" class=\"single fldrequired\" value=\"\" title=\"\"\/><span class=\"reqtxt\">(requis)<\/span><\/li><li id=\"li--3\" class=\"\"><label id=\"label--3\" for=\"Email\"><span>Email<\/span><\/label><input type=\"text\" name=\"Email\" id=\"Email\" class=\"single fldemail fldrequired\" value=\"\" title=\"\"\/><span class=\"emailreqtxt\">(email valide requis)<\/span><\/li><li id=\"li--4\" class=\"\"><label id=\"label--4\" for=\"Organisation\"><span>Organisation<\/span><\/label><input type=\"text\" name=\"Organisation\" id=\"Organisation\" class=\"single\" value=\"\" title=\"\"\/><\/li><li id=\"li--5\" class=\"\"><label id=\"label--5\" for=\"Site-web\"><span>Site web<\/span><\/label><input type=\"text\" name=\"Site-web\" id=\"Site-web\" class=\"single\" value=\"\" title=\"\"\/><\/li><li id=\"li--6\" class=\"\"><label id=\"label--6\" for=\"Message\"><span>Message<\/span><\/label><textarea cols=\"30\" rows=\"8\" name=\"Message\" id=\"Message\" class=\"area fldrequired\" title=\"\"><\/textarea><span class=\"reqtxt\">(requis)<\/span><\/li><li id=\"li--7\" class=\"\">\n<!-- BEGIN recaptcha, injected by plugin wp-recaptcha-integration  -->\n<div  id=\"g-recaptcha-0\" class=\"g-recaptcha\" data-sitekey=\"6LdyiLMZAAAAANTQ4SyJ1yTXNUEuX0f-sCN-zAbQ\" data-theme=\"light\"><\/div><noscript>Please enable JavaScript to submit this form.<br><\/noscript>\n<!-- END recaptcha -->\n<\/li><\/ol><fieldset class=\"cf_hidden\"><legend>&nbsp;<\/legend><input type=\"hidden\" name=\"cf_working\" id=\"cf_working\" value=\"<span>Envoi du message...<\/span>\"\/><input type=\"hidden\" name=\"cf_failure\" id=\"cf_failure\" value=\"<span>Veuillez renseigner tous les champs requis.<\/span>\"\/><input type=\"hidden\" name=\"cf_customerr\" id=\"cf_customerr\" value=\"y\"\/><\/fieldset><p class=\"cf-sb\"><input type=\"submit\" name=\"sendbutton\" id=\"sendbutton\" class=\"sendbutton\" value=\"Envoyer\" \/><\/p><\/form>\n<\/p>","protected":false},"excerpt":{"rendered":"<p>Envoyer un message \u00e0 l'auteur. <\/p>\n<p><span style=\"color:#333\"> &rarr; <a href=\"https:\/\/asherhaimhalevi.ordisoftware.com\/contact\/\">Lire la suite<\/a><\/span><\/p>\n","protected":false},"author":1,"featured_media":0,"parent":0,"menu_order":80,"comment_status":"closed","ping_status":"closed","template":"","meta":[],"_links":{"self":[{"href":"https:\/\/asherhaimhalevi.ordisoftware.com\/wp-json\/wp\/v2\/pages\/2"}],"collection":[{"href":"https:\/\/asherhaimhalevi.ordisoftware.com\/wp-json\/wp\/v2\/pages"}],"about":[{"href":"https:\/\/asherhaimhalevi.ordisoftware.com\/wp-json\/wp\/v2\/types\/page"}],"author":[{"embeddable":true,"href":"https:\/\/asherhaimhalevi.ordisoftware.com\/wp-json\/wp\/v2\/users\/1"}],"replies":[{"embeddable":true,"href":"https:\/\/asherhaimhalevi.ordisoftware.com\/wp-json\/wp\/v2\/comments?post=2"}],"version-history":[{"count":0,"href":"https:\/\/asherhaimhalevi.ordisoftware.com\/wp-json\/wp\/v2\/pages\/2\/revisions"}],"wp:attachment":[{"href":"https:\/\/asherhaimhalevi.ordisoftware.com\/wp-json\/wp\/v2\/media?parent=2"}],"curies":[{"name":"wp","href":"https:\/\/api.w.org\/{rel}","templated":true}]}}