{"id":2123,"date":"2021-09-04T23:01:21","date_gmt":"2021-09-04T21:01:21","guid":{"rendered":"https:\/\/asherhaimhalevi.ordisoftware.com\/?p=2123"},"modified":"2022-11-10T12:17:43","modified_gmt":"2022-11-10T11:17:43","slug":"epitaphe","status":"publish","type":"post","link":"https:\/\/asherhaimhalevi.ordisoftware.com\/blog\/2021\/09\/epitaphe\/","title":{"rendered":"\u00c9pitaphe pour K\u00e9mistes de K\u00e9met"},"content":{"rendered":"<p style=\"margin-bottom:25px;\"><h4 style=\"text-align: justify;\">\u00c9pitaphe pour K\u00e9mistes de K\u00e9met ou pays des trucs bien ronds et tr\u00e8s carr\u00e9s avec aussi des triangles, des rectangles, des plumes et des plateaux<\/h4>\n<p style=\"text-align: justify;\">Regarde, K\u00e9miste de K\u00e9met, toi qui a gravit les \u00e9chelons verticaux de l'ignorance \u00e0 la connaissance gr\u00e2ce \u00e0 la lumi\u00e8re qui \u00e9claire l'obscurit\u00e9, toi qui a appris le mouvement et le sens de la mesure et de la projection \u00e0 travers les axes et les \u00e2ges, apr\u00e8s l'\u00e9tude et les questions vient le travail et l'enseignement selon ton m\u00e9tier et un emploi, gr\u00e2ce \u00e0 tes aptitudes et \u00e0 tes affinit\u00e9s voire \u00e0 certaines obligations ou n\u00e9cessit\u00e9s, tout en continuant d'inspecter les lois et les faits du monde et des humains jusqu'\u00e0 ta mort qui ne sera rien d'autre que l'arr\u00eat de l'activit\u00e9 cellulaire, et puis plus rien sinon ce que tu auras laiss\u00e9 aux autres en bien et en mal, tes oeuvres issues de ton ADN cr\u00e9\u00e9 lors de la fusion des gam\u00e8tes, ton seul Dieu et plus grand Ma\u00eetre qui a cr\u00e9\u00e9 ton corps gr\u00e2ce aux lois-vecteurs YHVH de Elohim.<\/p>\n<p><em>Commentaire avec analyse de quelques shenous egyptiens :<\/em><br \/>\n<a href=\"http:\/\/asherhaimhalevi.ordisoftware.com\/works\/epitaph\">asherhaimhalevi.ordisoftware.com\/works\/epitaph<\/a><\/p>\n<\/p>","protected":false},"excerpt":{"rendered":"<p style=\"margin-bottom:25px;\">Epitaphe pour Kemistes de Kemet ou pays des trucs bien ronds et tres carres avec aussi des triangles, des rectangles, des plumes et des plateaux <\/p>\n<p style=\"text-align: justify;\">Regarde, Kemiste de Kemet, toi qui a gravit les echelons verticaux de l'ignorance a la connaissance grace a la lumiere qui eclaire l'obscurite, toi qui a appris le mouvement et le sens de la mesure et de la projection a travers les axes et les ages, apres l'etude et les questions vient le travail et l'enseignement selon ton metier et un emploi, grace a tes aptitudes et a tes affinites voire a <\/p>\n<p><span style=\"color:#333\"> &rarr; <a href=\"https:\/\/asherhaimhalevi.ordisoftware.com\/blog\/2021\/09\/epitaphe\/\">Lire la suite<\/a><\/span><\/p>\n","protected":false},"author":1,"featured_media":0,"comment_status":"closed","ping_status":"closed","sticky":false,"template":"","format":"standard","meta":[],"categories":[10],"tags":[],"jetpack_featured_media_url":"","_links":{"self":[{"href":"https:\/\/asherhaimhalevi.ordisoftware.com\/wp-json\/wp\/v2\/posts\/2123"}],"collection":[{"href":"https:\/\/asherhaimhalevi.ordisoftware.com\/wp-json\/wp\/v2\/posts"}],"about":[{"href":"https:\/\/asherhaimhalevi.ordisoftware.com\/wp-json\/wp\/v2\/types\/post"}],"author":[{"embeddable":true,"href":"https:\/\/asherhaimhalevi.ordisoftware.com\/wp-json\/wp\/v2\/users\/1"}],"replies":[{"embeddable":true,"href":"https:\/\/asherhaimhalevi.ordisoftware.com\/wp-json\/wp\/v2\/comments?post=2123"}],"version-history":[{"count":0,"href":"https:\/\/asherhaimhalevi.ordisoftware.com\/wp-json\/wp\/v2\/posts\/2123\/revisions"}],"wp:attachment":[{"href":"https:\/\/asherhaimhalevi.ordisoftware.com\/wp-json\/wp\/v2\/media?parent=2123"}],"wp:term":[{"taxonomy":"category","embeddable":true,"href":"https:\/\/asherhaimhalevi.ordisoftware.com\/wp-json\/wp\/v2\/categories?post=2123"},{"taxonomy":"post_tag","embeddable":true,"href":"https:\/\/asherhaimhalevi.ordisoftware.com\/wp-json\/wp\/v2\/tags?post=2123"}],"curies":[{"name":"wp","href":"https:\/\/api.w.org\/{rel}","templated":true}]}}