{"id":2140,"date":"2021-09-05T00:41:13","date_gmt":"2021-09-04T22:41:13","guid":{"rendered":"https:\/\/asherhaimhalevi.ordisoftware.com\/?page_id=2140"},"modified":"2022-11-11T09:06:09","modified_gmt":"2022-11-11T08:06:09","slug":"epitaph","status":"publish","type":"page","link":"https:\/\/asherhaimhalevi.ordisoftware.com\/works\/epitaph\/","title":{"rendered":"\u00c9pitaphe"},"content":{"rendered":"<p style=\"margin-bottom:25px;\"><p style=\"text-align: justify;\"><span style=\"color: #401000; text-transform: uppercase; font-size: 11pt;\">\u00c9pitaphe pour K\u00e9mistes de K\u00e9met ou pays des trucs bien ronds et tr\u00e8s carr\u00e9s avec aussi des triangles, des rectangles, des plumes et des plateaux<sup><span style=\"font-size: 7pt;\">*<\/span><\/sup><\/span><\/p>\n<p style=\"text-align: justify;\"><span style=\"color: #401000; text-transform: uppercase; font-size: 11pt;\">Les hi\u00e9roglyphes de l'initiation \u00e0 la loi en vigueur chez les humains et \u00e0 la science sacr\u00e9e de la Torah<\/span><\/p>\n<p><span style=\"font-size: 9pt;\"><sup><span style=\"color: #606060;\"><em>* \u00c9tendue plate de montagne ou de fond de mer, surface plane, plan de table, support de texte, sc\u00e8ne<\/em><\/span><\/sup><\/span><\/p>\n<p><sup><i>En pr\u00e9paration depuis septembre 2021<\/i><\/sup><\/p>\n<div style=\"margin-top: 15px;\" id=\"toc_container\" class=\"no_bullets\"><ul class=\"toc_list\"><li><a href=\"#Couverture\">Couverture<\/a><\/li><li><a href=\"#Description\">Description<\/a><\/li><li><a href=\"#Inscription\">Inscription<\/a><\/li><li><a href=\"#Lire_en_ligne\">Lire en ligne<\/a><\/li><\/ul><\/div>\n<h3><span id=\"Couverture\">Couverture<\/span><\/h3>\n<table style=\"border-collapse: collapse; width: 100%;\">\n<tbody>\n<tr>\n<td style=\"width: 50%;\"><a href=\"https:\/\/asherhaimhalevi.ordisoftware.com\/wp-content\/uploads\/2022\/02\/book-cover-epitaphe-v1-front.jpg\"><img decoding=\"async\" class=\"alignnone wp-image-842 size-medium\" src=\"https:\/\/asherhaimhalevi.ordisoftware.com\/wp-content\/uploads\/2022\/02\/book-cover-epitaphe-v1-front-212x300.jpg\" alt=\"\" width=\"212\" height=\"300\" \/><\/a><\/td>\n<td style=\"width: 50%;\"><a href=\"https:\/\/asherhaimhalevi.ordisoftware.com\/wp-content\/uploads\/2022\/02\/book-cover-epitaphe-v1-back.jpg\"><img decoding=\"async\" class=\"alignnone wp-image-841 size-medium\" src=\"https:\/\/asherhaimhalevi.ordisoftware.com\/wp-content\/uploads\/2022\/02\/book-cover-epitaphe-v1-back-212x300.jpg\" alt=\"\" width=\"212\" height=\"300\" \/><\/a><\/td>\n<\/tr>\n<\/tbody>\n<\/table>\n<h3><span id=\"Description\"><span id=\"Description\">Description<\/span><\/span><\/h3>\n<p>Ce livret compl\u00e9mentaire au livre <a href=\"https:\/\/asherhaimhalevi.ordisoftware.com\/works\/the-religious-problem\/\">Le probl\u00e8me religieux<\/a> pr\u00e9sente une analyse de quelques shenous ou cartouches hi\u00e9roglyphiques \u00e0 la lumi\u00e8re de la Doctrine h\u00e9bra\u00efque.<\/p>\n<p>Suivit d'une \u00e9tude de la Rosa Cosmica.<\/p>\n<ul>\n<li><a href=\"https:\/\/asherhaimhalevi.ordisoftware.com\/works\/notice\/\">Recommandations<\/a><\/li>\n<li><a href=\"https:\/\/asherhaimhalevi.ordisoftware.com\/legal-notice\/licence\/\">Licence<\/a><\/li>\n<li><a href=\"https:\/\/asherhaimhalevi.ordisoftware.com\/works\/erratas\/\">Erratas<\/a><\/li>\n<\/ul>\n<h3 style=\"margin-top: 0px;\"><span id=\"Inscription\">Inscription<\/span><\/h3>\n<p style=\"text-align: justify;\">Regarde, K\u00e9miste de K\u00e9met, toi qui a gravit les \u00e9chelons verticaux de l'ignorance \u00e0 la connaissance gr\u00e2ce \u00e0 la lumi\u00e8re qui \u00e9claire l'obscurit\u00e9, toi qui a appris le mouvement et le sens de la mesure et de la projection \u00e0 travers les axes et les \u00e2ges, apr\u00e8s l'\u00e9tude et les questions vient le travail et l'enseignement selon ton m\u00e9tier et un emploi, gr\u00e2ce \u00e0 tes aptitudes et \u00e0 tes affinit\u00e9s voire \u00e0 certaines obligations ou n\u00e9cessit\u00e9s, tout en continuant d'inspecter les lois et les faits du monde et des humains jusqu'\u00e0 ta mort qui ne sera rien d'autre que l'arr\u00eat de l'activit\u00e9 cellulaire, et puis plus rien sinon ce que tu auras laiss\u00e9 aux autres en bien et en mal, tes oeuvres issues de ton ADN cr\u00e9\u00e9 lors de la fusion des gam\u00e8tes, ton seul Dieu et plus grand Ma\u00eetre qui a cr\u00e9\u00e9 ton corps gr\u00e2ce aux lois-vecteurs YHVH de Elohim<sup><span style=\"font-size: 7pt;\">*<\/span>.<\/sup><\/p>\n<p><span style=\"font-size: 9pt;\"><em><sup>* YHVH ou HaShem ou Adona\u00ef ou Th\u00e9os ou Allah ou \u00c9ternel ou ADN de Elohim ou Dieu ou D\u00e9miurge ou Cr\u00e9ateur i.e. les lois g\u00e9n\u00e9tiques du vivant qui sont incluses dans l'ensemble total des lois de l'univers visible et invisible aux perceptions des humains et qui cr\u00e9ent, font exister, font interagir et d\u00e9truisent les choses du monde global.<br \/>\n<\/sup><\/em><\/span><\/p>\n<table style=\"width: 100%; border-collapse: collapse; border: 5px solid #00aaaa;\">\n<tbody>\n<tr>\n<td style=\"width: 100%;\"><a href=\"https:\/\/asherhaimhalevi.ordisoftware.com\/wp-content\/uploads\/2021\/09\/shenou-kemet.png\"><img decoding=\"async\" class=\"image-bordered-p wp-image-2148 aligncenter\" src=\"https:\/\/asherhaimhalevi.ordisoftware.com\/wp-content\/uploads\/2021\/09\/shenou-kemet-200x183.png\" alt=\"\" width=\"140\" height=\"128\" srcset=\"https:\/\/asherhaimhalevi.ordisoftware.com\/wp-content\/uploads\/2021\/09\/shenou-kemet-200x183.png 200w, https:\/\/asherhaimhalevi.ordisoftware.com\/wp-content\/uploads\/2021\/09\/shenou-kemet-300x275.png 300w, https:\/\/asherhaimhalevi.ordisoftware.com\/wp-content\/uploads\/2021\/09\/shenou-kemet-150x138.png 150w, https:\/\/asherhaimhalevi.ordisoftware.com\/wp-content\/uploads\/2021\/09\/shenou-kemet.png 325w\" sizes=\"(max-width: 140px) 100vw, 140px\" \/><\/a><\/p>\n<p style=\"margin-top: 20px; margin-bottom: 20px; text-align: center;\"><span style=\"font-size: 7pt;\">Regarde, K\u00e9miste de K\u00e9met,<br \/>\nToi qui a gravit les \u00e9chelons verticaux de l'ignorance \u00e0 la connaissance gr\u00e2ce \u00e0 la lumi\u00e8re qui \u00e9claire l'obscurit\u00e9,<br \/>\nToi qui a appris le mouvement et le sens de la mesure et de la projection \u00e0 travers les axes et les \u00e2ges,<br \/>\nApr\u00e8s l'\u00e9tude et les questions vient le travail et l'enseignement selon ton m\u00e9tier et un emploi,<br \/>\nGr\u00e2ce \u00e0 tes aptitudes et \u00e0 tes affinit\u00e9s voire \u00e0 certaines obligations ou n\u00e9cessit\u00e9s,<br \/>\nTout en continuant d'inspecter les lois et les faits du monde et des humains<br \/>\nJusqu'\u00e0 ta mort qui ne sera rien d'autre que l'arr\u00eat de l'activit\u00e9 cellulaire,<br \/>\nEt puis plus rien sinon ce que tu auras laiss\u00e9 aux autres en bien et en mal,<br \/>\nTes oeuvres issues de ton ADN cr\u00e9\u00e9 lors de la fusion des gam\u00e8tes,<br \/>\nTon seul Dieu et plus grand Ma\u00eetre qui a cr\u00e9\u00e9 ton corps<br \/>\nGr\u00e2ce aux lois-vecteurs YHVH de Elohim<\/span><\/p>\n<\/td>\n<\/tr>\n<\/tbody>\n<\/table>\n<h3><span id=\"Lire_en_ligne\">Lire en ligne<\/span><\/h3>\n<ul>\n<li><a href=\"https:\/\/asherhaimhalevi.ordisoftware.com\/works\/epitaph\/commentaire\/\">Commentaire avec analyse de quelques shenous<\/a><\/li>\n<li><a href=\"https:\/\/asherhaimhalevi.ordisoftware.com\/works\/epitaph\/rosa-cosmica\/\">\u00c9tude de la fractale alchimique Rosa Cosmica<\/a><\/li>\n<\/ul>\n<p><a href=\"https:\/\/asherhaimhalevi.ordisoftware.com\/wp-content\/uploads\/2022\/07\/MAZZUCHELLI-Pier-Francesco-dit-MORAZZONE-ecole-de-Joseph-et-Marie-1573-1626.jpg\"><img decoding=\"async\" class=\"image-bordered-p aligncenter wp-image-4543\" src=\"https:\/\/asherhaimhalevi.ordisoftware.com\/wp-content\/uploads\/2022\/07\/MAZZUCHELLI-Pier-Francesco-dit-MORAZZONE-ecole-de-Joseph-et-Marie-1573-1626-1024x741.jpg\" alt=\"\" width=\"440\" height=\"318\" srcset=\"https:\/\/asherhaimhalevi.ordisoftware.com\/wp-content\/uploads\/2022\/07\/MAZZUCHELLI-Pier-Francesco-dit-MORAZZONE-ecole-de-Joseph-et-Marie-1573-1626-1024x741.jpg 1024w, https:\/\/asherhaimhalevi.ordisoftware.com\/wp-content\/uploads\/2022\/07\/MAZZUCHELLI-Pier-Francesco-dit-MORAZZONE-ecole-de-Joseph-et-Marie-1573-1626-300x217.jpg 300w, https:\/\/asherhaimhalevi.ordisoftware.com\/wp-content\/uploads\/2022\/07\/MAZZUCHELLI-Pier-Francesco-dit-MORAZZONE-ecole-de-Joseph-et-Marie-1573-1626-200x145.jpg 200w, https:\/\/asherhaimhalevi.ordisoftware.com\/wp-content\/uploads\/2022\/07\/MAZZUCHELLI-Pier-Francesco-dit-MORAZZONE-ecole-de-Joseph-et-Marie-1573-1626-768x556.jpg 768w, https:\/\/asherhaimhalevi.ordisoftware.com\/wp-content\/uploads\/2022\/07\/MAZZUCHELLI-Pier-Francesco-dit-MORAZZONE-ecole-de-Joseph-et-Marie-1573-1626-150x109.jpg 150w, https:\/\/asherhaimhalevi.ordisoftware.com\/wp-content\/uploads\/2022\/07\/MAZZUCHELLI-Pier-Francesco-dit-MORAZZONE-ecole-de-Joseph-et-Marie-1573-1626-400x290.jpg 400w, https:\/\/asherhaimhalevi.ordisoftware.com\/wp-content\/uploads\/2022\/07\/MAZZUCHELLI-Pier-Francesco-dit-MORAZZONE-ecole-de-Joseph-et-Marie-1573-1626.jpg 1365w\" sizes=\"(max-width: 440px) 100vw, 440px\" \/><\/a><\/p>\n<\/p>","protected":false},"excerpt":{"rendered":"<p>\u00c9pitaphe pour K\u00e9mistes de K\u00e9met ou pays des trucs bien ronds et tr\u00e8s carr\u00e9s avec aussi des triangles, des rectangles, des plumes et des plateaux. <\/p>\n<p><span style=\"color:#333\"> &rarr; <a href=\"https:\/\/asherhaimhalevi.ordisoftware.com\/works\/epitaph\/\">Lire la suite<\/a><\/span><\/p>\n","protected":false},"author":1,"featured_media":0,"parent":160,"menu_order":36,"comment_status":"closed","ping_status":"closed","template":"","meta":[],"_links":{"self":[{"href":"https:\/\/asherhaimhalevi.ordisoftware.com\/wp-json\/wp\/v2\/pages\/2140"}],"collection":[{"href":"https:\/\/asherhaimhalevi.ordisoftware.com\/wp-json\/wp\/v2\/pages"}],"about":[{"href":"https:\/\/asherhaimhalevi.ordisoftware.com\/wp-json\/wp\/v2\/types\/page"}],"author":[{"embeddable":true,"href":"https:\/\/asherhaimhalevi.ordisoftware.com\/wp-json\/wp\/v2\/users\/1"}],"replies":[{"embeddable":true,"href":"https:\/\/asherhaimhalevi.ordisoftware.com\/wp-json\/wp\/v2\/comments?post=2140"}],"version-history":[{"count":0,"href":"https:\/\/asherhaimhalevi.ordisoftware.com\/wp-json\/wp\/v2\/pages\/2140\/revisions"}],"up":[{"embeddable":true,"href":"https:\/\/asherhaimhalevi.ordisoftware.com\/wp-json\/wp\/v2\/pages\/160"}],"wp:attachment":[{"href":"https:\/\/asherhaimhalevi.ordisoftware.com\/wp-json\/wp\/v2\/media?parent=2140"}],"curies":[{"name":"wp","href":"https:\/\/api.w.org\/{rel}","templated":true}]}}