{"id":218,"date":"2021-03-31T13:29:33","date_gmt":"2021-03-31T11:29:33","guid":{"rendered":"https:\/\/asherhaimhalevi.ordisoftware.com\/?page_id=218"},"modified":"2021-04-06T13:09:39","modified_gmt":"2021-04-06T11:09:39","slug":"licence","status":"publish","type":"page","link":"https:\/\/asherhaimhalevi.ordisoftware.com\/legal-notice\/licence\/","title":{"rendered":"Licence"},"content":{"rendered":"<p style=\"margin-bottom:25px;\"><h3><\/h3>\n<h4>Cette \u0153uvre est mise \u00e0 disposition selon les termes de la licence<\/h4>\n<p>Creative Commons version 4.0 International<br \/>\nAttribution - Pas d'utilisation commerciale - Pas de modification<a href=\"https:\/\/creativecommons.org\/licenses\/by-nc-nd\/4.0\/legalcode\" target=\"_blank\" rel=\"nofollow noopener\"><br \/>\ncreativecommons.org\/licenses\/by-nc-nd\/4.0\/legalcode<\/a><\/p>\n<h4>Vous \u00eates libre de<\/h4>\n<p><i>Partager<\/i> : copier et distribuer l'\u0153uvre via n'importe quel support ou format.<\/p>\n<p>L'offrant ne peut retirer les autorisations conc\u00e9d\u00e9es par la licence tant que vous appliquez les termes de cette licence.<\/p>\n<h4>Selon les conditions suivantes<\/h4>\n<p><i>Attribution <\/i>: vous devez reconna\u00eetre publiquement le cr\u00e9ateur de l'\u0153uvre, fournir un lien vers la licence, et indiquer si des modifications ont \u00e9t\u00e9 effectu\u00e9es ; vous pouvez indiquer cela par n'importe moyen raisonnable, mais pas d'une mani\u00e8re qui sugg\u00e8re que le conc\u00e9dant de licence approuve vous ou votre utilisation.<\/p>\n<p><i>Pas d'utilisation commerciale<\/i> : vous n'\u00eates pas autoris\u00e9 \u00e0 faire un usage commercial de cette \u0153uvre.<\/p>\n<p><i>Pas d'\u0153uvres d\u00e9riv\u00e9es<\/i> : dans le cas o\u00f9 vous effectuez un remix, une transformation ou une cr\u00e9ation bas\u00e9e sur l'\u0153uvre originale, vous n'\u00eates pas autoris\u00e9 \u00e0 distribuer ou mettre \u00e0 disposition l'\u0153uvre modifi\u00e9e.<\/p>\n<p>Pas de restrictions compl\u00e9mentaires - Vous n'\u00eates pas autoris\u00e9 \u00e0 appliquer des conditions l\u00e9gales ou des mesures techniques qui restreindraient l\u00e9galement autrui \u00e0 utiliser l'\u0153uvre dans les conditions d\u00e9crites par la licence.<\/p>\n<h4>Note<\/h4>\n<p>Vous n'\u00eates pas dans l'obligation de respecter la licence pour les \u00e9l\u00e9ments ou l'\u0153uvre appartenant au domaine public ou dans le cas o\u00f9 l'utilisation que vous souhaitez faire est couverte par une exception.<\/p>\n<p>Aucune garantie n'est donn\u00e9e. Il se peut que la licence ne vous donne pas toutes les permissions n\u00e9cessaires pour votre utilisation. Par exemple, certains droits comme les droits moraux, le droit des donn\u00e9es personnelles et le droit \u00e0 l'image sont susceptibles de limiter votre utilisation.<\/p>\n<\/p>","protected":false},"excerpt":{"rendered":"<p>Licence du site et des ouvrages. <\/p>\n<p><span style=\"color:#333\"> &rarr; <a href=\"https:\/\/asherhaimhalevi.ordisoftware.com\/legal-notice\/licence\/\">Lire la suite<\/a><\/span><\/p>\n","protected":false},"author":1,"featured_media":0,"parent":3,"menu_order":3,"comment_status":"closed","ping_status":"closed","template":"","meta":[],"_links":{"self":[{"href":"https:\/\/asherhaimhalevi.ordisoftware.com\/wp-json\/wp\/v2\/pages\/218"}],"collection":[{"href":"https:\/\/asherhaimhalevi.ordisoftware.com\/wp-json\/wp\/v2\/pages"}],"about":[{"href":"https:\/\/asherhaimhalevi.ordisoftware.com\/wp-json\/wp\/v2\/types\/page"}],"author":[{"embeddable":true,"href":"https:\/\/asherhaimhalevi.ordisoftware.com\/wp-json\/wp\/v2\/users\/1"}],"replies":[{"embeddable":true,"href":"https:\/\/asherhaimhalevi.ordisoftware.com\/wp-json\/wp\/v2\/comments?post=218"}],"version-history":[{"count":0,"href":"https:\/\/asherhaimhalevi.ordisoftware.com\/wp-json\/wp\/v2\/pages\/218\/revisions"}],"up":[{"embeddable":true,"href":"https:\/\/asherhaimhalevi.ordisoftware.com\/wp-json\/wp\/v2\/pages\/3"}],"wp:attachment":[{"href":"https:\/\/asherhaimhalevi.ordisoftware.com\/wp-json\/wp\/v2\/media?parent=218"}],"curies":[{"name":"wp","href":"https:\/\/api.w.org\/{rel}","templated":true}]}}