{"id":234,"date":"2021-03-31T21:23:47","date_gmt":"2021-03-31T19:23:47","guid":{"rendered":"https:\/\/asherhaimhalevi.ordisoftware.com\/?page_id=234"},"modified":"2022-11-10T11:38:11","modified_gmt":"2022-11-10T10:38:11","slug":"administrative-directory","status":"publish","type":"page","link":"https:\/\/asherhaimhalevi.ordisoftware.com\/logical-proposition\/administrative-directory\/","title":{"rendered":"Annuaire administratif"},"content":{"rendered":"<p style=\"margin-bottom:25px;\"><p><sup><em>Compil\u00e9 en 2015<br \/>\nUne cinquantaine d'entit\u00e9s influentes sont \u00e0 ajouter<\/em><\/sup><\/p>\n<p>Liste non exhaustive issue des d\u00e9marches infructueuses effectu\u00e9es par l'auteur de 2005 \u00e0 2012 pour obtenir des soins m\u00e9dicaux, de l'aide sociale et humanitaire, ainsi que l'acc\u00e8s \u00e0 une cour de justice comp\u00e9tente, plus quelques autres d\u00e9couvertes depuis, dont le syst\u00e8me des Associations Internationales.<\/p>\n<p>Toute organisation de quelque nature que ce soit est une autorit\u00e9 charg\u00e9e de l'application des lois et des buts de son groupe, ainsi que de d\u00e9fendre les int\u00e9r\u00eats de ses membres. Par exemple un \u00c9tat est charg\u00e9 de prot\u00e9ger et de d\u00e9fendre ses citoyens, sans faire pencher la balance de la justice : \u00e0 ce niveau, toute inaction ou toute obstruction face \u00e0 un probl\u00e8me est absolument interdit et ill\u00e9gal, car c'est au minimum un accord complice laissant se d\u00e9rouler ou se r\u00e9p\u00e9ter le probl\u00e8me, qui reste ainsi sans r\u00e9solution.<\/p>\n<p>Autorit\u00e9 : droit de pouvoir commander, d'\u00eatre ob\u00e9i, ce qui implique la notion de l\u00e9gitimit\u00e9.<br \/>\n<a href=\"https:\/\/fr.wikipedia.org\/wiki\/Autorit%C3%A9\" target=\"_blank\" rel=\"nofollow noopener\">fr.wikipedia.org\/wiki\/Autorit\u00e9<\/a><\/p>\n<h3>Cat\u00e9gories<\/h3>\n<ul style=\"margin-bottom: 30px;\">\n<li><a href=\"https:\/\/asherhaimhalevi.ordisoftware.com\/logical-proposition\/administrative-directory\/international-authorities\/\">Autorit\u00e9s internationales<\/a><\/li>\n<li><a href=\"https:\/\/asherhaimhalevi.ordisoftware.com\/logical-proposition\/administrative-directory\/international-associations\/\">Associations internationales<\/a><\/li>\n<li><a href=\"https:\/\/asherhaimhalevi.ordisoftware.com\/logical-proposition\/administrative-directory\/legislative-authorities\/\">Autorit\u00e9s l\u00e9gislatives<\/a><\/li>\n<li><a href=\"https:\/\/asherhaimhalevi.ordisoftware.com\/logical-proposition\/administrative-directory\/legal-authorities\/\">Autorit\u00e9s juridiques<\/a><\/li>\n<li><a href=\"https:\/\/asherhaimhalevi.ordisoftware.com\/logical-proposition\/administrative-directory\/security-authorities\/\">Autorit\u00e9s s\u00e9curitaires<\/a><\/li>\n<li><a href=\"https:\/\/asherhaimhalevi.ordisoftware.com\/logical-proposition\/administrative-directory\/health-authorities\/\">Autorit\u00e9s sanitaires<\/a><\/li>\n<li><a href=\"https:\/\/asherhaimhalevi.ordisoftware.com\/logical-proposition\/administrative-directory\/political-organizations\/\">Organisations politiques<\/a><\/li>\n<li><a href=\"https:\/\/asherhaimhalevi.ordisoftware.com\/logical-proposition\/administrative-directory\/employer-organizations\/\">Organisation patronales<\/a><\/li>\n<li><a href=\"https:\/\/asherhaimhalevi.ordisoftware.com\/logical-proposition\/administrative-directory\/religious-organizations\/\">Organisations religieuses<\/a><\/li>\n<li><a href=\"https:\/\/asherhaimhalevi.ordisoftware.com\/logical-proposition\/administrative-directory\/humanitarian-organizations\/\">Organisations humanitaires<\/a><\/li>\n<li><a href=\"https:\/\/asherhaimhalevi.ordisoftware.com\/logical-proposition\/administrative-directory\/newspapers-television\/\">Journaux et t\u00e9l\u00e9visions<\/a><\/li>\n<li><a href=\"https:\/\/asherhaimhalevi.ordisoftware.com\/logical-proposition\/administrative-directory\/various-addresses\/\">Adresses diverse<\/a><\/li>\n<\/ul>\n<\/p>","protected":false},"excerpt":{"rendered":"<p>Annuaire administratif des principales autorit\u00e9s publiques et priv\u00e9es qui dirigent la France et le Monde. <\/p>\n<p><span style=\"color:#333\"> &rarr; <a href=\"https:\/\/asherhaimhalevi.ordisoftware.com\/logical-proposition\/administrative-directory\/\">Lire la suite<\/a><\/span><\/p>\n","protected":false},"author":1,"featured_media":0,"parent":48,"menu_order":8,"comment_status":"closed","ping_status":"closed","template":"","meta":[],"_links":{"self":[{"href":"https:\/\/asherhaimhalevi.ordisoftware.com\/wp-json\/wp\/v2\/pages\/234"}],"collection":[{"href":"https:\/\/asherhaimhalevi.ordisoftware.com\/wp-json\/wp\/v2\/pages"}],"about":[{"href":"https:\/\/asherhaimhalevi.ordisoftware.com\/wp-json\/wp\/v2\/types\/page"}],"author":[{"embeddable":true,"href":"https:\/\/asherhaimhalevi.ordisoftware.com\/wp-json\/wp\/v2\/users\/1"}],"replies":[{"embeddable":true,"href":"https:\/\/asherhaimhalevi.ordisoftware.com\/wp-json\/wp\/v2\/comments?post=234"}],"version-history":[{"count":0,"href":"https:\/\/asherhaimhalevi.ordisoftware.com\/wp-json\/wp\/v2\/pages\/234\/revisions"}],"up":[{"embeddable":true,"href":"https:\/\/asherhaimhalevi.ordisoftware.com\/wp-json\/wp\/v2\/pages\/48"}],"wp:attachment":[{"href":"https:\/\/asherhaimhalevi.ordisoftware.com\/wp-json\/wp\/v2\/media?parent=234"}],"curies":[{"name":"wp","href":"https:\/\/api.w.org\/{rel}","templated":true}]}}