{"id":239,"date":"2021-03-31T21:42:13","date_gmt":"2021-03-31T19:42:13","guid":{"rendered":"https:\/\/asherhaimhalevi.ordisoftware.com\/?page_id=239"},"modified":"2022-11-11T09:46:43","modified_gmt":"2022-11-11T08:46:43","slug":"evidence-files","status":"publish","type":"page","link":"https:\/\/asherhaimhalevi.ordisoftware.com\/author\/evidence-files\/","title":{"rendered":"Dossier des preuves"},"content":{"rendered":"<p style=\"margin-bottom:25px;\"><p><sup><i>Rendu public en 2014 avec une centaine de documents sur les 700 pages du dossier complet<br \/>\nQuantit\u00e9 r\u00e9duite en 2020 \u00e0 une dizaine les plus r\u00e9cents et pertinents avec mes derniers courriers<br \/>\nCe nombre a \u00e9t\u00e9 port\u00e9 en 2021 \u00e0 une trentaine pour la nouvelle version du site<br \/>\nMes lettres incluses \u00e0 titre d'information ne constituent pas de preuves en soit<br \/>\nMais leurs rejets pour recours comme le d\u00e9nouement infectieux est preuve<br \/>\n<\/i><\/sup><sup><i>Derni\u00e8re mise \u00e0 jour fin octobre 2022<\/i><\/sup><br \/>\n<div style=\"margin-top: 15px;\" id=\"toc_container\" class=\"no_bullets\"><ul class=\"toc_list\"><li><a href=\"#Presentation\">Pr\u00e9sentation<\/a><\/li><li><a href=\"#Description\">Description<\/a><\/li><li><a href=\"#Consideration\">Consid\u00e9ration<\/a><\/li><li><a href=\"#Remarque\">Remarque<\/a><\/li><li><a href=\"#Extrait\">Extrait<\/a><ul><li><a href=\"#05031984_-_Certificat_medical_suite_a_coup_de_poing_dans_oreille\">05\/03\/1984 - Certificat m\u00e9dical suite \u00e0 coup de poing dans oreille<\/a><\/li><li><a href=\"#08102001_-_Reponse_de_la_Compagnie_Mutuelle_dAssurance_a_un_avocat\">08\/10\/2001 - R\u00e9ponse de la Compagnie Mutuelle d'Assurance \u00e0 un avocat<\/a><\/li><li><a href=\"#18052004_-_Certificat_medical_etablit_suite_a_lacte_chiropratique\">18\/05\/2004 - Certificat m\u00e9dical \u00e9tablit suite \u00e0 l'acte chiropratique<\/a><\/li><li><a href=\"#05042005_-_Plainte_contre_assurances_et_docteurs_pour_mauvais_traitement\">05\/04\/2005 - Plainte contre assurances et docteurs pour mauvais traitement<\/a><\/li><li><a href=\"#29092006_-_Reponse_de_non-intervention_par_lOrdre_des_Medecins\">29\/09\/2006 - R\u00e9ponse de non-intervention par l'Ordre des M\u00e9decins<\/a><\/li><li><a href=\"#24112006_-_Faux_certificat_medical_ordonnant_hospitalisation_en_psychiatrie\">24\/11\/2006 - Faux certificat m\u00e9dical ordonnant hospitalisation en psychiatrie<\/a><\/li><li><a href=\"#09022007_-_Avis_de_classement_sans_suite_plainte_pour_mauvais_traitement\">09\/02\/2007 - Avis de classement sans suite plainte pour mauvais traitement<\/a><\/li><li><a href=\"#06032007_-_Reponse_a_ma_plainte_pour_violences_policieres\">06\/03\/2007 - R\u00e9ponse \u00e0 ma plainte pour violences polici\u00e8res<\/a><\/li><li><a href=\"#06072007_-_Reponse_de_non-intervention_par_Ordre_Chirurgiens-Dentistes\">06\/07\/2007 - R\u00e9ponse de non-intervention par Ordre Chirurgiens-Dentistes<\/a><\/li><li><a href=\"#26052008_-_Faux_rapport_medical_pour_justifier_mon_incapacite_a_travailler\">26\/05\/2008 - Faux rapport m\u00e9dical pour justifier mon incapacit\u00e9 \u00e0 travailler<\/a><\/li><li><a href=\"#22102009_-_Certificat_de_soins_vertebraux\">22\/10\/2009 - Certificat de soins vert\u00e9braux<\/a><\/li><li><a href=\"#14012010_-_Compte-rendu_radiologique_sequelles_dentorses_vertebrales\">14\/01\/2010 - Compte-rendu radiologique s\u00e9quelles d'entorses vert\u00e9brales<\/a><\/li><li><a href=\"#14122010_-_Jugement_du_TASS_pour_incompetence\">14\/12\/2010 - Jugement du TASS pour incomp\u00e9tence<\/a><\/li><li><a href=\"#21062011_-_Attestation_de_non-reponse_plainte_Cour_Penale_Internationale\">21\/06\/2011 - Attestation de non-r\u00e9ponse plainte Cour P\u00e9nale Internationale<\/a><\/li><li><a href=\"#29062011_-_Compte-rendu_echographique_sequelles_de_dechirure\">29\/06\/2011 - Compte-rendu \u00e9chographique s\u00e9quelles de d\u00e9chirure<\/a><\/li><li><a href=\"#01072011_-_Reponse_dincompetence_Haut-Commissariat_des_Nations_Unies\">01\/07\/2011 - R\u00e9ponse d'incomp\u00e9tence Haut-Commissariat des Nations Unies<\/a><\/li><li><a href=\"#14062012_-_Reponse_de_non-intervention_par_la_Cour_Europeenne_des_Droits\">14\/06\/2012 - R\u00e9ponse de non-intervention par la Cour Europ\u00e9enne des Droits<\/a><\/li><li><a href=\"#27022013_-_Reponse_du_Conseil_dEtat_stipulant_la_competence_du_TASS\">27\/02\/2013 - R\u00e9ponse du Conseil d'\u00c9tat stipulant la comp\u00e9tence du TASS<\/a><\/li><li><a href=\"#25032013_-_Reponse_Cour_dAppel_confirmant_classement_sans_suite_plainte\">25\/03\/2013 - R\u00e9ponse Cour d'Appel confirmant classement sans suite plainte<\/a><\/li><li><a href=\"#15012015_-_Ordonnance_dirrecevabilite_plainte_pour_mauvais_traitement\">15\/01\/2015 - Ordonnance d'irrecevabilit\u00e9 plainte pour mauvais traitement<\/a><\/li><li><a href=\"#17052018_-_Premier_jugement_suite_a_la_deuxieme_psychiatrisation_doffice\">17\/05\/2018 - Premier jugement suite \u00e0 la deuxi\u00e8me psychiatrisation d'office<\/a><\/li><li><a href=\"#24092018_-_Rappel_a_la_loi_abusif_au_sujet_des_appels_a_laide_au_15\">24\/09\/2018 - Rappel \u00e0 la loi abusif au sujet des appels \u00e0 l'aide au 15<\/a><\/li><li><a href=\"#19042019_-_Rejet_du_pourvoi_par_la_Cour_de_Cassation\">19\/04\/2019 - Rejet du pourvoi par la Cour de Cassation<\/a><\/li><li><a href=\"#29042019_-_Certificat_de_diagnostic_de_deficit_immunitaire\">29\/04\/2019 - Certificat de diagnostic de d\u00e9ficit immunitaire<\/a><\/li><li><a href=\"#05052019_-_Courrier_de_contestation_aupres_du_Juge_des_Libertes\">05\/05\/2019 - Courrier de contestation aupr\u00e8s du Juge des Libert\u00e9s<\/a><\/li><li><a href=\"#06052019_-_Courrier_de_reclamation_aupres_de_lAssurance_Maladie\">06\/05\/2019 - Courrier de r\u00e9clamation aupr\u00e8s de l'Assurance Maladie<\/a><\/li><li><a href=\"#07052019_-_Quatrieme_deposition_de_plainte_pour_mauvais_traitement\">07\/05\/2019 - Quatri\u00e8me d\u00e9position de plainte pour mauvais traitement<\/a><\/li><li><a href=\"#21052019_-_Ordonnance_de_liberation_psychiatrique_par_le_Juge_des_Libertes\">21\/05\/2019 - Ordonnance de lib\u00e9ration psychiatrique par le Juge des Libert\u00e9s<\/a><\/li><li><a href=\"#25082019_-_Plainte_contre_lEtat_pour_crime_contre_mon_humanite\">25\/08\/2019 - Plainte contre l'\u00c9tat pour crime contre mon humanit\u00e9<\/a><\/li><li><a href=\"#21122019_-_Avis_classement_sans_suite_plainte_crime_contre_mon_humanite\">21\/12\/2019 - Avis classement sans suite plainte crime contre mon humanit\u00e9<\/a><\/li><li><a href=\"#08042020_-_Certificat_medical_attestant_de_mon_etat_traumatise_corporel\">08\/04\/2020 - Certificat m\u00e9dical attestant de mon \u00e9tat traumatis\u00e9 corporel<\/a><\/li><li><a href=\"#19052021_-_Demande_etrange_de_la_CPAM_et_reponse\">19\/05\/2021 - Demande \u00e9trange de la CPAM et r\u00e9ponse<\/a><\/li><\/ul><\/li><\/ul><\/div>\n<\/p>\n<h3><span id=\"Presentation\">Pr\u00e9sentation<\/span><\/h3>\n<p>Cette page pr\u00e9sente un extrait du dossier des preuves du grave crime en cours commis contre moi en toute impunit\u00e9 par l'organisation m\u00e9dico-sociale et juridique-judiciaire privatis\u00e9e qui dirige les comit\u00e9s publics territoriaux citadins, d\u00e9partementaux, r\u00e9gionaux et nationaux jusqu'\u00e0 l\u2019\u00c9tat lui-m\u00eame en France, en Europe et en Nations Unies.<\/p>\n<p>Celui-ci avait \u00e9t\u00e9 rendu public en 2006 pour les quelques \u00e9l\u00e9ments disponibles \u00e0 l'\u00e9poque, soit une cinquaine de documents. Je l'ai retir\u00e9 en 2007 suite au premier attentat \u00e0 la vie par la police psychiatrique afin de justifier l'abandon collectif et le refus de me porter secours par la r\u00e9gion n\u00b01. Remis en ligne en 2015 avec une centaine de documents suite \u00e0 la cl\u00f4ture d\u00e9finitive de la plainte de 2005 par le Doyen des Juges, je l'ai \u00e0 nouveau retir\u00e9 en 2018 suite au deuxi\u00e8me attentat \u00e0 la vie par les urgences de l'h\u00f4pital psychiatrique afin de justifier le refus de soins collectif par la r\u00e9gion n\u00b02 alors que mon \u00e9tat de sant\u00e9 s'empirait grandement depuis des ann\u00e9es.<\/p>\n<p><span lang=\"en\">Cette version actuelle fait <\/span>suite \u00e0 la lib\u00e9ration par le Tribunal - les mensonges des psychiatres \u00e9tant devenus \u00e9vidents et insoutenables aupr\u00e8s des Juges - avec maintient du fichage calomnieux, et \u00e0 la d\u00e9cision arbitraire sans recours possible du procureur de d\u00e9cr\u00e9ter que le crime en cours n'est d\u00e9sormais non pas prescrit, mais pas punit par le code p\u00e9nal, et ce, malgr\u00e9 les nouvelles preuves. Cette fois-ci j'ai fait l'impasse sur la partie m\u00e9dicale ant\u00e9rieure \u00e0 2004 concernant la gestion de ma surdit\u00e9 et de la dizaine de traumatismes corporels qui rel\u00e8ve de l'escroquerie et de la non assistance \u00e0 personne en danger ainsi que du mauvais traitement, car apr\u00e8s, cela rel\u00e8ve directement de la tentative d'homicide et du crime contre mon humanit\u00e9 organis\u00e9 par l'\u00c9tat via les forces de l'ordre et les entit\u00e9s priv\u00e9es m\u00e9dico-sociales et juridiques-judiciaires qui dirigent de faits les services-publics de cet \u00c9tat, puisque tels sont les statuts actuels de ces organisations qui oeuvrent ainsi contre la R\u00e9publique, contre la Constitution et contre la D\u00e9claration des Droits des Humains tel qu'expos\u00e9 dans la <a href=\"https:\/\/asherhaimhalevi.ordisoftware.com\/logical-proposition\/health-help-justice-theory\/\">Th\u00e9orie de sant\u00e9-aide-justice<\/a>.<\/p>\n<p>Le dossier complet fait plus de 600 pages et contient tous les documents mis \u00e0 ma disposition depuis ma naissance jusque fin 2020. Ignor\u00e9 de l'assurance maladie, des procureurs et des juges, il est qualifi\u00e9 de \"d\u00e9lire hypocondriaque parano\u00efaque\" par une quinzaine de psychiatres et un expert qui affirment que ma surdit\u00e9 partielle ayant engendr\u00e9 une neuroatypicit\u00e9 s'aggravant au fil des ans et des traumatismes corporels et des mauvais soins, que les infections chroniques mal soign\u00e9es ayant failli me tuer quelques fois, et que les douleurs du syst\u00e8me locomoteur mal soign\u00e9es r\u00e9sultant de ces traumatismes corporels caus\u00e9s par des tiers humains, au sujet desquels la Compagnie Mutuelle d'Assurance charg\u00e9e de la protection de ma sant\u00e9 et de mes biens, avec l'Assurance Maladie et les Ordres M\u00e9dicaux et de Justice, m'a reconnu comme victime non responsable, sont une imagination de ma part et n'existent pas.<\/p>\n<p>Tous affirment ainsi mensong\u00e8rement sans preuves ni arguments scientifiques v\u00e9rifiables que je suis dangereux, non pour moi-m\u00eame, mais pour autrui et pour la soci\u00e9t\u00e9, pour cette organisation, parce que je dis la v\u00e9rit\u00e9 et montre les preuves au sujet du mal subit et au sujet de la politique administrative actuelle qui est anticonstitutionnelle et donc ill\u00e9gale et nuisible pour le peuple, pour les Nations, et pour l'esp\u00e8ce.<\/p>\n<p>On d\u00e9truit ainsi mon corps, ma sant\u00e9, mon travail, mon salaire et ma vie parce que je suis victime, en disant, en r\u00e9sum\u00e9, que c'est \"un bon-droit bien-fond\u00e9 l\u00e9gal non susceptible de recours et non punit par un code de loi en vigueur, pour le profit exclusif d'une organisation priv\u00e9e qui dirige un \u00c9tat de droit\" ; au lieu de m'aider, de me soigner et de compenser la perte de salaire.<\/p>\n<h3><span id=\"Description\">Description<\/span><\/h3>\n<p>Ce dossier est ill\u00e9galement ignor\u00e9 par les autorit\u00e9s depuis 2005, y compris par les procureurs et les juges, et il a \u00e9t\u00e9 attent\u00e9 \u00e0 ma vie par cinq fois dans le but avou\u00e9 de me faire taire et oublier mes dol\u00e9ances, et donc de fait juridique de me faire disparaitre de la circulation :<\/p>\n<ul>\n<li>1977 (4 ans) : Agression sexuelle par une petite fille de 8 ans qui a voulu me \"montrer comment on fait les b\u00e9b\u00e9s\". Surprise par un employ\u00e9 de la mairie, il a cri\u00e9 sur moi au lieu de questionner et expliquer.<\/li>\n<\/ul>\n<ul>\n<li>F\u00e9vrier 1984 (10 ans) : Agression physique par coup de poing violent dans l'oreille lors d'un traquenard par un adolescent qui m'avait dit qu'il allait me \"tuer\", ce qui m'a fait tomber par terre et qui m'a rendu sourd partiel et malentendant. Personne n'a dit qu'il y avait \u00e9galement des l\u00e9sions locomotrices que les assureurs ont par la suite r\u00e9fut\u00e9 comme \u00e9tant d'origine traumatique.<\/li>\n<\/ul>\n<ul>\n<li>Septembre 1987 (14 ans) : Mauvais soins d'un abc\u00e8s de l'oreille \u00e0 germes mortels r\u00e9sistants. J'ai \u00e9t\u00e9 sauv\u00e9 in-extremis par le g\u00e9n\u00e9raliste \u00e0 son retour de vacance qui a obtenu de force une hospitalisation en urgence dans un h\u00f4pital hors r\u00e9gion sous peine de mourir en quelques heures. Attribu\u00e9, par un professeur et les experts des assurances, au coup de poing qui m'a infect\u00e9.<\/li>\n<\/ul>\n<ul>\n<li>1994-1998 (21-25 ans) : Six voitures percutent \u00e0 vitesse de ville mon v\u00e9hicule, plus trois petits chocs, cr\u00e9ant ainsi un \"mal au dos\" qui ne fait qu'augmenter au fil des \"accidents\" et qui m'emp\u00eache de vivre et d'obtenir un dipl\u00f4me d'\u00e9tudes sup\u00e9rieures. Les docteurs ne font que me prescrire des m\u00e9dicaments et me dire que les douleurs sont psychosomatiques : je ne comprends pas, les kin\u00e9s me boxent et les ost\u00e9opathes ne font rien de bien, contrairement aux docteurs en m\u00e9decine m\u00e9canique d\u00e9couverts l'\u00e9t\u00e9 2005. L'assureur affirme depuis mensong\u00e8rement que mon mal au dos d\u00e9clench\u00e9 par ces traumatismes est du \u00e0 une cause non traumatique, c'est-\u00e0-dire, ais-je d\u00e9couvert plus tard, \"psychiatrique\"...<\/li>\n<\/ul>\n<ul>\n<li>Avril 2004 (31 ans) : Agression physique par chiropracteur, que je consultais pour mes douleurs dorsales \"mod\u00e9r\u00e9es\" mais persistantes depuis les accidents de voiture, qui m'a estropi\u00e9 en me disant que j'\u00e9tais un \"malade mental\". Je vis depuis entre le lit et la chaise de l'ordinateur dans une chambre en h\u00e9bergement \u00e0 titre gracieux.<\/li>\n<\/ul>\n<ul>\n<li>Janvier 2005 \u00e0 janvier 2006 (32 ans) : Refus collectif de soigner une infection dentaire jusqu'\u00e0 presque me laisser mourir.<\/li>\n<\/ul>\n<ul>\n<li>D\u00e9cembre 2006 (33 ans) : Agression physique par des policiers \u00e0 l'IGS puis hospitalisation sous contrainte en psychiatrie durant 45 jours afin de justifier le mauvais traitement m\u00e9dical, le refus de soins anti-infectieux et locomoteurs, les attentats \u00e0 ma vie, et l'obstruction judiciaire. J'ai \u00e9t\u00e9 lib\u00e9r\u00e9 parce que j'avais \u00e9crit au Juge des Libert\u00e9s et le psychiatre a dit qu'il avait peur d'une expertise parce je n'avais pas de maladie mentale. Mais une fois rel\u00e2ch\u00e9 on m'a dit qu'on avait obtenu ce qu'on voulait puisque j'\u00e9tais fich\u00e9 malade mental dangereux. J'ai constat\u00e9 par la suite que cela est utilis\u00e9 par tout le monde pour me retirer l'usage de mes droits fondamentaux et pour dire que je dois \u00eatre \"trait\u00e9\" en psychiatrie jusqu'\u00e0 la fin de mes jours sans m\u00eame avoir besoin d'argumenter et de prouver quoi que ce soit : il suffit de dire que j'ai \u00e9t\u00e9 hospitalis\u00e9 une fois pour nier les faits et les preuves.<\/li>\n<\/ul>\n<ul>\n<li>Mai 2016 \u00e0 mai 2017 (43 ans) : Refus collectif de soigner une infection dentaire jusqu'\u00e0 presque me laisser mourir.<\/li>\n<\/ul>\n<ul>\n<li>Mai 2018 \u00e0 mai 2019 (45 ans) : Hospitalisation psychiatrique sans consentement par les Urgences de l'h\u00f4pital pr\u00e9vue \u00e0 vie, afin de justifier le refus collectif de soins anti-infectieux et locomoteurs. J'ai \u00e9t\u00e9 rel\u00e2ch\u00e9, en restant doublement fich\u00e9, suite au diagnostic de d\u00e9ficit immunitaire de mai 2019 qui prouve de fait, avec les comptes rendus radiologiques \u00e9tablis depuis 35 ans, que tous les psychiatres mentent en haut-lieu \u00e0 mon sujet et qu'un crime est en cours depuis des d\u00e9cennies.<\/li>\n<\/ul>\n<ul>\n<li>Octobre 2020 (47 ans) : Agression physique par un kin\u00e9sith\u00e9rapeute qui a port\u00e9 plainte contre moi pour harc\u00e8lement apr\u00e8s lui avoir t\u00e9l\u00e9phon\u00e9 pour lui dire qu'il m'avait mentit et fait tr\u00e8s mal en utilisant sur ma colonne vert\u00e9brale un pistolet \u00e0 ondes de chocs sonores que j'ai appris \u00eatre contre-indiqu\u00e9 sur les vert\u00e8bres, alors que je lui avais demand\u00e9 de la mobilisation passive tel qu'indiqu\u00e9 sur l'ordonnance. Mon \u00e9tat physique a r\u00e9gress\u00e9 comme suite \u00e0 l'acte chiropratique, annulant ainsi les effets de la m\u00e9decine m\u00e9canique \u00e0 laquelle je n'ai plus acc\u00e8s, et \u00e0 ce jour je n'ai trouv\u00e9 personne pour me soigner, m'aider et me d\u00e9fendre dans la r\u00e9gion o\u00f9 je suis confin\u00e9 et isol\u00e9, idem en France, en Europe et \u00e0 l'international, la survenue des traumatismes corporels et l'existence des radiographies et des comptes rendus, ou la comp\u00e9tence, \u00e9tant inlassablement ni\u00e9s depuis des d\u00e9cennies.<\/li>\n<\/ul>\n<p>Il y a au total une vingtaine de traumatismes corporels depuis 1984, plus les infections chroniques, parfois graves, qui ont \u00e9t\u00e9 volontairement pas ou mal soign\u00e9es, ou pire. En 36 ans j'ai failli mourir une dizaine de fois, que ce soit \u00e0 cause de bact\u00e9ries et de virus ou de la volont\u00e9 humaine.<\/p>\n<p>En v\u00e9rit\u00e9, les psychiatres et plein de gens qui dirigent affirment que se plaindre \u00eatre sourd, avoir des infections \u00e0 r\u00e9p\u00e9tition et avoir mal au dos \u00e0 cause de tiers humains, et que demander des soins \u00e0 ce sujet, ainsi que la r\u00e9paration en justice pour obtenir l'arr\u00eat du crime en cours et la compensation seulement de la perte de salaire, est une maladie mentale n\u00e9cessitant kidnapping, s\u00e9questration et empoisonnement sur d\u00e9cision de quelques docteurs de l'Assurance Maladie, de la Compagnie Mutuelle d'Assurance et de l'h\u00f4pital, ainsi que des procureurs et des juges et des avocats, sans que personne fasse quoi que ce soit depuis plus de 17 ans pour interrompre ce crime qui me laisse de nombreuses et graves s\u00e9quelles irr\u00e9versibles pour ne seulement compter que ce qui m'a \u00e9t\u00e9 fait jusqu'\u00e0 ce jour.<\/p>\n<p>En dessous du seuil de pauvret\u00e9 et sans logement, incapable de marcher plus de quelques minutes et travailler, souffrant en permanence avec parfois des douleurs fulgurantes, le bureau de l'aide juridictionnelle et l'ordre des avocats me refusent l'acc\u00e8s \u00e0 un avocat commis d'office et tous mes recours sont d\u00e9bout\u00e9s en invoquant via des d\u00e9crets ill\u00e9gaux et le d\u00e9fenseur des droits un \"bon-droit bien-fond\u00e9 l\u00e9gal non susceptible de recours\".<\/p>\n<p>Je n'ai pourtant pas fait ce qu'autrui, qui ne m\u00e9rite pas un tel sort cruel, sans aucune forme de proc\u00e8s, ayant ainsi protection et impunit\u00e9, a fait.<\/p>\n<h3><span id=\"Consideration\">Consid\u00e9ration<\/span><\/h3>\n<p>Sans parler des souffrances physiques et aussi sociales grandissantes et endur\u00e9es depuis 27 et 37 ans, cela fait en ce d\u00e9but 2021 d\u00e9j\u00e0 17 ans de tortures corporelles chaque seconde de chaque minute de chaque heure de chaque jour de chaque semaine de chaque mois de chaque ann\u00e9e : comment justifier un tel supplice et les nombreux attentats \u00e0 ma vie quand on use de calomnie, d'abus de pouvoir, de corruption, de d\u00e9ni des preuves et d'impunit\u00e9 pour commettre ce qui forme un seul et grave crime, pour de toute \u00e9vidence ne pas payer les frais de soins et la perte de salaire, et pour je sais pas quoi d'autre : c'est en th\u00e9orie impossible, c'est l\u00e9galement interdit, et c'est p\u00e9nalement punissable. Mais en pratique il suffit d'un accord collectif, puis de mentir sur les faits et de nier les preuves, pour commettre des crimes, au nom de la plus \u00e9ternelle et immuable des lois humaine m\u00eame au sein des groupes dirigeants grands et petits : la d\u00e9mocratie, dont les premi\u00e8res dynamiques de <span data-dobid=\"hdw\">mall\u00e9abilit\u00e9<\/span> sont le plaisir, la peur et l'argent. Alors la psychiatrie actuelle est l'ultime rouage du pouvoir dirigeant pour faire taire les contestations et faire dispara\u00eetre les victimes.<\/p>\n<h3><span id=\"Remarque\">Remarque<\/span><\/h3>\n<p>Depuis 1992, plein de gens autour de moi, docteurs, kin\u00e9s, ost\u00e9opathes, chiropracteurs, et d'autres personnes de partout, \u00e0 l'\u00e9cole et sur le lieu de travail, ont cherch\u00e9 \u00e0 me parler d'\u00e9nergies invisibles et de diverses \"techniques\" de magn\u00e9tisme gu\u00e9risseur, ainsi que d'astrologie, de voyance, de m\u00e9diumnit\u00e9, de spiritisme, d\u2019envo\u00fbtements, de karma, de justice, de vies avant et apr\u00e8s la mort, de r\u00e9incarnation, de fant\u00f4mes, d'aliens, d'\u00eatres sup\u00e9rieurs, et m\u00eame de Dieu et d'amour, ainsi que de plein d'autres choses relevant des religions et de l'\u00e9sot\u00e9risme, auxquelles je n'ai jamais cru puisqu'\u00e9tant des fables, du fait des mauvaises traductions des textes scientifiques originaux ais-je d\u00e9couvert, et de la science-fiction i.e. des \u00e9tude de cas fictifs ou imaginaires relatifs aux possibilit\u00e9 technologiques de la science. Mais pour comprendre, j'ai \u00e9tudi\u00e9 ce qu'on appelle \"arts spirituels\" et qu'on nomme en v\u00e9rit\u00e9, parfois, quoique certains tromp\u00e9s par l'\u00e9go se disent au-del\u00e0 de ces choses : la magie blanche ou divine, i.e. la science sacr\u00e9e qui est l'action de compassion qui \u00e9duque, soigne, aide, d\u00e9fend et r\u00e9pare ; et la magie noire ou sorcellerie, i.e. la manigance qui est l'utilisation impropre et malveillante de ces sciences dites mentales ou occultes, ainsi nomm\u00e9es car r\u00e9serv\u00e9s aux \u00e9lites dirigeantes, et qui ne sont rien d'autre que du mentalisme, ou des neurosciences appliqu\u00e9es. J'ai donc finalement appris que c'\u00e9tait la science de ce qui est adapt\u00e9 et souhaitable : l'administration du bien qui porte secours aux victimes sans nuire m\u00eame aux criminels. Et celle du mal et de la malhonn\u00eatet\u00e9 qui convoite : celle des vanit\u00e9s, des moqueries, des mensonges, des collusions, des duperies, des escroqueries, des trafics, des corruptions, des crimes et des meurtres ; et que le but de cette science-l\u00e0 \u00e9tait seulement le plaisir de contr\u00f4ler des victimes, de fabriquer des bourreaux, de faire souffrir et de gagner de l'argent. Ces gens, donc, qui m'ont entour\u00e9 d\u00e8s mon enfance, venus s'installer dans le voisinage, o\u00f9 que je loge, membres d'innombrables grands et petits groupes de pens\u00e9es de renomm\u00e9e mondiale, que ce soient de religions officielles ou d'organisations parall\u00e8les, nomm\u00e9es branches, partenaires ou dissidentes, r\u00e9p\u00e9taient que j'\u00e9tais responsable de tout - et donc, soyons logiques, y compris de l'existence des atomes eux-m\u00eames - et que ma souffrance physique \u00e9tait ma faute, que les \"accidents\" et les infections \u00e9taient ma faute, ou alors certains disaient que c'\u00e9tait la volont\u00e9 de leur Dieu et qu'il fallait que je pardonne ; la majorit\u00e9 me demandant de devenir membre de leurs diverses associations se disant alli\u00e9s et ennemis les uns des autres. Mais moi mon truc c'est la programmation informatique, les math\u00e9matiques et les sciences physiques, pas le social, et encore moins la politique qui est l'application ins\u00e9parable de la pens\u00e9e religieuse, qui ne se limite pas \u00e0 la notion de d\u00e9it\u00e9 - tout comme l'ADN codant ne peut pas \u00eatre s\u00e9par\u00e9 de l'ADN non-codant sans tuer la cellule que rien d'autre n'anime sinon les lois de la vie incluses dans les lois de l'univers. Ainsi donc ces gens sont mal tr\u00e8s tomb\u00e9s, oserais-je dire, car je d\u00e9teste les mensonges, les sornettes, les moqueries et la m\u00e9chancet\u00e9.<\/p>\n<h3 style=\"margin-top: 30px;\"><span id=\"Extrait\">Extrait<\/span><\/h3>\n<h4><span id=\"05031984_-_Certificat_medical_suite_a_coup_de_poing_dans_oreille\">05\/03\/1984 - Certificat m\u00e9dical suite \u00e0 coup de poing dans oreille<\/span><\/h4>\n<p>L'agression a eu lieu le lundi 27 f\u00e9vrier \u00e0 la r\u00e9cr\u00e9ation du matin : un ami m'a fait passer par un chemin longeant un mur, et un m\u00e9chant s'est lev\u00e9 et m'a envoy\u00e9 un coup de poing par surprise. Je suis tomb\u00e9 par terre, je saignais de l'oreille, et j'entendais plus rien. Personne a dit \u00e0 moi et \u00e0 ma famille que j'\u00e9tais sourd partiel et malentendant, qu'on devait faire des examens de la m\u00e2choire, du cou et du bassin, et que je devais consulter un docteur en m\u00e9decine m\u00e9canique. Les docteurs, ainsi que la Compagnie Mutuelle d'Assurance et ses partenaires commerciaux et humanitaires dans la vie, nomm\u00e9es \"parties adverses\", ont en toute connaissance seulement parl\u00e9 de baisse d'audition sans quasiment rien faire sinon prescrire des m\u00e9dicaments toute ma vie, et prendre en charge une tympanoplastie, ainsi que verser quelques milliers de francs pour \"pr\u00e9judice\" ; finalement le prix d'une vie de tortures, incapable de travailler, calomni\u00e9 et m\u00e9pris\u00e9 des autorit\u00e9s, des forces de l'ordre, des tribunaux et des \u00e9lus, pour quelque chose que je n'ai pas fait et que 20 ans plus tard en priv\u00e9 on m'a accus\u00e9 d'avoir fait, alors que c'est un autre. Ce m\u00e9decin-l\u00e0 demandait \u00e0 me voir chaque mois pour utiliser un aspirateur \u00e0 c\u00e9rumen, emp\u00eachant ainsi la cicatrisation. L'\u00e9t\u00e9 1987, j'ai failli mourir d'une septic\u00e9mie avec 41\u00b0C de temp\u00e9rature \u00e0 cause d'un \u00e9norme \u0153d\u00e8me \u00e0 l'oreille avec pour seul soin des s\u00e9ances de laser : lorsque le m\u00e9decin de famille est rentr\u00e9 de vacances, il a trouv\u00e9 \u00e7a honteux, a cri\u00e9 au t\u00e9l\u00e9phone toute une journ\u00e9e en disant que j'allais mourir dans la nuit, et a demand\u00e9 d'urgence mon hospitalisation chez un grand professeur d'un autre d\u00e9partement. J'ai pass\u00e9 ma vie dans les cabinets des docteurs et dans les h\u00f4pitaux, \u00e0 souffrir de plus en plus, sans parler des dentistes qui me limaient les dents sans que je sache pourquoi ils faisaient \u00e7a. Plus tard, les assurances ont dit que les accidents de voiture ne m'avaient rien fait, ce qui est un mensonge : les d\u00e9g\u00e2ts sont consign\u00e9s dans des dizaines de comptes rendus radiologiques d\u00e8s 1986, et dans les rapports d'expertise d\u00e8s 1996 dont les conclusions ont \u00e9t\u00e9 \u00e9tablies de mani\u00e8re corrompue afin de dire que puisque mon dos et ma m\u00e2choire \u00e9taient ab\u00eem\u00e9 avant les accidents de voiture, sans dire que c'\u00e9tait depuis le coup de poing, alors j'avais une pathologie non traumatique... donc en sous-entendu psychiatrique, puisque ce qui n'est pas physique est forc\u00e9ment mental d'apr\u00e8s la th\u00e9orie psychiatrique qui a de toute mani\u00e8re un opinion implacable et irr\u00e9futable du point de vue des autorit\u00e9s dirigeantes : toute somatique est d'origine mentale et n\u2019int\u00e9resse ni le \"diagnostic\" ni le \"traitement\" des victimes qui peuvent \u00eatre kidnapp\u00e9es et s\u00e9questr\u00e9es pour \u00eatre empoisonn\u00e9es d'autant qu'elles se plaignent de subir et souffrir des choses, et qu'elles parlent et\/ou \u00e9crivent avec des arguments et des preuves.<\/p>\n<p><img decoding=\"async\" class=\"image-bordered-p aligncenter wp-image-1710 size-full\" src=\"https:\/\/asherhaimhalevi.ordisoftware.com\/wp-content\/uploads\/2021\/04\/Preuve-1984.03.05.jpg\" alt=\"\" width=\"600\" height=\"540\" srcset=\"https:\/\/asherhaimhalevi.ordisoftware.com\/wp-content\/uploads\/2021\/04\/Preuve-1984.03.05.jpg 600w, https:\/\/asherhaimhalevi.ordisoftware.com\/wp-content\/uploads\/2021\/04\/Preuve-1984.03.05-300x270.jpg 300w, https:\/\/asherhaimhalevi.ordisoftware.com\/wp-content\/uploads\/2021\/04\/Preuve-1984.03.05-200x180.jpg 200w, https:\/\/asherhaimhalevi.ordisoftware.com\/wp-content\/uploads\/2021\/04\/Preuve-1984.03.05-150x135.jpg 150w, https:\/\/asherhaimhalevi.ordisoftware.com\/wp-content\/uploads\/2021\/04\/Preuve-1984.03.05-400x360.jpg 400w\" sizes=\"(max-width: 600px) 100vw, 600px\" \/><\/p>\n<h4><span id=\"08102001_-_Reponse_de_la_Compagnie_Mutuelle_dAssurance_a_un_avocat\">08\/10\/2001 - R\u00e9ponse de la Compagnie Mutuelle d'Assurance \u00e0 un avocat<\/span><\/h4>\n<p>Ces derni\u00e8res ann\u00e9es j'ai appris \u00e0 lire et comprendre les mots des docteurs : ainsi je sais que les experts des assurances et des tribunaux mentent \u00e0 mon sujet et d\u00e9forment les r\u00e9sultats d'examens radiologiques et sanguins. Cet avocat, ainsi qu'un autre et un expert m\u00e9dical consult\u00e9s par la suite, m'ont dit de \"laisser tomber\", m\u00eame si cette assurance priv\u00e9e charg\u00e9e de mission de service public, qui avait reconnu que le traumatisme de 1984 m'avait infect\u00e9 et avait faillit me tuer en 1987, mentait sur l'origine de cette pathologie vert\u00e9brale, le traumatisme de 1984, aggrav\u00e9e par les \"accidents\" de voiture de 1995 \u00e0 1998, par le chiropracteur d\u00e9but 2004, par la police fin 2006, par la mauvaise literie de la psychiatrie en 2018 et par un kin\u00e9sith\u00e9rapeute fin 2019.<\/p>\n<p><img decoding=\"async\" class=\"image-bordered-proof aligncenter wp-image-871 size-full\" src=\"https:\/\/asherhaimhalevi.ordisoftware.com\/wp-content\/uploads\/2021\/04\/Preuve-2001.10.08.jpg\" alt=\"\" width=\"600\" height=\"797\" srcset=\"https:\/\/asherhaimhalevi.ordisoftware.com\/wp-content\/uploads\/2021\/04\/Preuve-2001.10.08.jpg 600w, https:\/\/asherhaimhalevi.ordisoftware.com\/wp-content\/uploads\/2021\/04\/Preuve-2001.10.08-226x300.jpg 226w, https:\/\/asherhaimhalevi.ordisoftware.com\/wp-content\/uploads\/2021\/04\/Preuve-2001.10.08-151x200.jpg 151w, https:\/\/asherhaimhalevi.ordisoftware.com\/wp-content\/uploads\/2021\/04\/Preuve-2001.10.08-113x150.jpg 113w, https:\/\/asherhaimhalevi.ordisoftware.com\/wp-content\/uploads\/2021\/04\/Preuve-2001.10.08-400x531.jpg 400w\" sizes=\"(max-width: 600px) 100vw, 600px\" \/><\/p>\n<h4><span id=\"18052004_-_Certificat_medical_etablit_suite_a_lacte_chiropratique\">18\/05\/2004 - Certificat m\u00e9dical \u00e9tablit suite \u00e0 l'acte chiropratique<\/span><\/h4>\n<p>Le g\u00e9n\u00e9raliste m'a adress\u00e9 \u00e0 un psychiatre qui a voulu me mettre sous antid\u00e9presseur et \u00e0 un kin\u00e9sith\u00e9rapeutes qui a box\u00e9 mon dos alors j'ai vite arr\u00eat\u00e9. Je suis all\u00e9 voir une assistante sociale de la mairie qui m'a dit de demander \u00e0 \u00eatre plac\u00e9 sous curatelle. Je n'ai pas compris.<\/p>\n<p><img decoding=\"async\" class=\"image-bordered-proof aligncenter wp-image-872 size-full\" src=\"https:\/\/asherhaimhalevi.ordisoftware.com\/wp-content\/uploads\/2021\/04\/Preuve-2004.05.18.jpg\" alt=\"\" width=\"600\" height=\"704\" srcset=\"https:\/\/asherhaimhalevi.ordisoftware.com\/wp-content\/uploads\/2021\/04\/Preuve-2004.05.18.jpg 600w, https:\/\/asherhaimhalevi.ordisoftware.com\/wp-content\/uploads\/2021\/04\/Preuve-2004.05.18-256x300.jpg 256w, https:\/\/asherhaimhalevi.ordisoftware.com\/wp-content\/uploads\/2021\/04\/Preuve-2004.05.18-170x200.jpg 170w, https:\/\/asherhaimhalevi.ordisoftware.com\/wp-content\/uploads\/2021\/04\/Preuve-2004.05.18-128x150.jpg 128w, https:\/\/asherhaimhalevi.ordisoftware.com\/wp-content\/uploads\/2021\/04\/Preuve-2004.05.18-400x469.jpg 400w\" sizes=\"(max-width: 600px) 100vw, 600px\" \/><\/p>\n<h4><span id=\"05042005_-_Plainte_contre_assurances_et_docteurs_pour_mauvais_traitement\">05\/04\/2005 - Plainte contre assurances et docteurs pour mauvais traitement<\/span><\/h4>\n<p>A l'\u00e9poque, je ne savais pas grand-chose sur tout ce que j'allais d\u00e9couvrir par la suite en enqu\u00eatant sur mon dossier m\u00e9dical, sur l'organisation m\u00e9dico-sociale et juridique-judiciaire, et sur l'administration, ainsi qu'en subissant de nombreux crimes commis en toute impunit\u00e9 par les autorit\u00e9s. Tout ce que j'avais \u00e9tait une dizaine de documents m\u00e9dicaux et autant de courrier de l'assurance, et tout ce que je savais \u00e9tait que j'\u00e9tais polytraumatis\u00e9 corporel depuis 1984, que j'\u00e9tais tout le temps malade depuis 1984, et que j'avais mal au dos depuis 1984, beaucoup depuis 1994, et encore plus depuis 2004 au point d'\u00eatre alit\u00e9 suite \u00e0 l'acte chiropratique, sans parler de ceux qui consid\u00e8rent qu'une infection ne met pas la vie en danger tant qu'on est pas aux urgences pour septic\u00e9mie, ni m\u00eame de ceux qui consid\u00e8rent qu'une septic\u00e9mie ne met pas la vie en danger tant qu'on est par mort...<\/p>\n<p><img decoding=\"async\" class=\"image-bordered-proof aligncenter wp-image-1558 size-full\" src=\"https:\/\/asherhaimhalevi.ordisoftware.com\/wp-content\/uploads\/2021\/04\/Preuve-2005.04.05.jpg\" alt=\"\" width=\"600\" height=\"980\" srcset=\"https:\/\/asherhaimhalevi.ordisoftware.com\/wp-content\/uploads\/2021\/04\/Preuve-2005.04.05.jpg 600w, https:\/\/asherhaimhalevi.ordisoftware.com\/wp-content\/uploads\/2021\/04\/Preuve-2005.04.05-184x300.jpg 184w, https:\/\/asherhaimhalevi.ordisoftware.com\/wp-content\/uploads\/2021\/04\/Preuve-2005.04.05-122x200.jpg 122w, https:\/\/asherhaimhalevi.ordisoftware.com\/wp-content\/uploads\/2021\/04\/Preuve-2005.04.05-92x150.jpg 92w, https:\/\/asherhaimhalevi.ordisoftware.com\/wp-content\/uploads\/2021\/04\/Preuve-2005.04.05-400x653.jpg 400w\" sizes=\"(max-width: 600px) 100vw, 600px\" \/><\/p>\n<h4><span id=\"29092006_-_Reponse_de_non-intervention_par_lOrdre_des_Medecins\">29\/09\/2006 - R\u00e9ponse de non-intervention par l'Ordre des M\u00e9decins<\/span><\/h4>\n<p><img decoding=\"async\" class=\"image-bordered-proof aligncenter wp-image-1252 size-full\" src=\"https:\/\/asherhaimhalevi.ordisoftware.com\/wp-content\/uploads\/2021\/04\/Preuve-2006.09.29.jpg\" alt=\"\" width=\"600\" height=\"930\" \/><\/p>\n<h4><span id=\"24112006_-_Faux_certificat_medical_ordonnant_hospitalisation_en_psychiatrie\">24\/11\/2006 - Faux certificat m\u00e9dical ordonnant hospitalisation en psychiatrie<\/span><\/h4>\n<p>Fait suite \u00e0 l'attentat \u00e0 ma vie dans un commissariat alors que je venais d\u00e9poser un compl\u00e9ment \u00e0 ma plainte de 2005 apr\u00e8s avoir d\u00e9couvert et commenc\u00e9 les soins de m\u00e9decine m\u00e9canique. J'ai tout le temps \u00e9t\u00e9 calme, disant souffrir le martyre de toutes mes articulations et ne pas pouvoir marcher, en plus des douleurs dentaires. J'ai affirm\u00e9, comme en 2005, que les assureurs et les docteurs impliqu\u00e9s dans la gestion de ma sant\u00e9 depuis mon adolescence avaient mentit et port\u00e9 atteinte \u00e0 l'int\u00e9grit\u00e9 de ma vie ainsi mise en danger, et que j'avais rassembl\u00e9 quelques preuves. A l'\u00e9poque je ne savais pas grand-chose et je n'avais encore pas r\u00e9uni beaucoup de documents, alors je ne savais pas trop quoi dire d'autre. Mais je savais qu'on m'arnaquait, que c'\u00e9tait ill\u00e9gal, et qu'il fallait stopper et r\u00e9parer cela\u2026 et non l'empirer encore plus gravement et irr\u00e9versiblement. Ainsi ce certificat a \u00e9t\u00e9 \u00e9tablit apr\u00e8s avoir parl\u00e9 avec moi moins de deux minutes. Puis j'ai \u00e9t\u00e9 victime de ce qu'on peut qualifier d'une tentative d'ex\u00e9cution, apr\u00e8s le chiropracteur qui a failli me tuer en 2004 et une dizaine de dentistes qui me laissaient mourir d'une septic\u00e9mie en 2005 ; une dizaine d'autres ont d'ailleurs recommenc\u00e9 en 2016-2017, puis un service d'Urgences m'a psychiatris\u00e9 sous contrainte en 2018 alors que mes infections chroniques s'aggravaient et qu'on venait finalement de m'arracher une troisi\u00e8me dent \"pour pas me laisser mourir\", tandis que tout le monde dans la r\u00e9gion refusait de me soigner, et que les procureurs et juges des tribunaux font ce que leurs documents qu'ils signent prouvent qu'ils font...<\/p>\n<p><img decoding=\"async\" class=\"image-bordered-proof aligncenter wp-image-1253 size-full\" src=\"https:\/\/asherhaimhalevi.ordisoftware.com\/wp-content\/uploads\/2021\/04\/Preuve-2006.11.24.jpg\" alt=\"\" width=\"600\" height=\"750\" \/><\/p>\n<h4><span id=\"09022007_-_Avis_de_classement_sans_suite_plainte_pour_mauvais_traitement\">09\/02\/2007 - Avis de classement sans suite plainte pour mauvais traitement<\/span><\/h4>\n<p>J'avais d\u00e9pos\u00e9 plainte contre la Compagnie Mutuelle d'Assurance gestionnaire des infections chroniques et des traumatismes corporels caus\u00e9s par des tiers humains de 1984 \u00e0 1998, et contre des docteurs, des kin\u00e9s et des dentistes, y compris de fait le chiropracteur se pr\u00e9sentant comme docteur. La police m'avait alors menac\u00e9 d'internement psychiatrique mais je n'ai pas compris. A l'\u00e9poque je ne savais pas que le r\u00f4le de cette Compagnie \u00e9tait de prot\u00e9ger les parties dites \"adverses\", les autres assurances pusiqu'\u00e9tant partenaires, avec l'aide des corps m\u00e9dicaux, des tribunaux et des forces de l'ordre.<\/p>\n<p><img decoding=\"async\" class=\"image-bordered-proof aligncenter wp-image-873 size-full\" src=\"https:\/\/asherhaimhalevi.ordisoftware.com\/wp-content\/uploads\/2021\/04\/Preuve-2007.02.09.jpg\" alt=\"\" width=\"600\" height=\"830\" srcset=\"https:\/\/asherhaimhalevi.ordisoftware.com\/wp-content\/uploads\/2021\/04\/Preuve-2007.02.09.jpg 600w, https:\/\/asherhaimhalevi.ordisoftware.com\/wp-content\/uploads\/2021\/04\/Preuve-2007.02.09-217x300.jpg 217w, https:\/\/asherhaimhalevi.ordisoftware.com\/wp-content\/uploads\/2021\/04\/Preuve-2007.02.09-145x200.jpg 145w, https:\/\/asherhaimhalevi.ordisoftware.com\/wp-content\/uploads\/2021\/04\/Preuve-2007.02.09-108x150.jpg 108w, https:\/\/asherhaimhalevi.ordisoftware.com\/wp-content\/uploads\/2021\/04\/Preuve-2007.02.09-400x553.jpg 400w\" sizes=\"(max-width: 600px) 100vw, 600px\" \/><\/p>\n<h4><span id=\"06032007_-_Reponse_a_ma_plainte_pour_violences_policieres\">06\/03\/2007 - R\u00e9ponse \u00e0 ma plainte pour violences polici\u00e8res<\/span><\/h4>\n<p>Une dizaine d'agents de police m'avaient tabass\u00e9 \u00e0 l'Inspection G\u00e9n\u00e9rale des Services durant plus d'une heure ou deux : jet\u00e9 au sol puis sur un bureau, j'ai \u00e9t\u00e9 fich\u00e9 casseur de local de police, plusieurs agents se sont assis sur moi et on m'a tordu le cou pour me relever alors que je perdais presque connaissance puis on m'a envoy\u00e9 en psychiatrie. On m'a constamment refus\u00e9 un avocat. Je n'ai pas compris.<\/p>\n<p><img decoding=\"async\" class=\"image-bordered-proof aligncenter wp-image-874 size-full\" src=\"https:\/\/asherhaimhalevi.ordisoftware.com\/wp-content\/uploads\/2021\/04\/Preuve-2007.03.06.jpg\" alt=\"\" width=\"600\" height=\"895\" srcset=\"https:\/\/asherhaimhalevi.ordisoftware.com\/wp-content\/uploads\/2021\/04\/Preuve-2007.03.06.jpg 600w, https:\/\/asherhaimhalevi.ordisoftware.com\/wp-content\/uploads\/2021\/04\/Preuve-2007.03.06-201x300.jpg 201w, https:\/\/asherhaimhalevi.ordisoftware.com\/wp-content\/uploads\/2021\/04\/Preuve-2007.03.06-134x200.jpg 134w, https:\/\/asherhaimhalevi.ordisoftware.com\/wp-content\/uploads\/2021\/04\/Preuve-2007.03.06-101x150.jpg 101w, https:\/\/asherhaimhalevi.ordisoftware.com\/wp-content\/uploads\/2021\/04\/Preuve-2007.03.06-400x597.jpg 400w\" sizes=\"(max-width: 600px) 100vw, 600px\" \/><\/p>\n<h4><span id=\"06072007_-_Reponse_de_non-intervention_par_Ordre_Chirurgiens-Dentistes\">06\/07\/2007 - R\u00e9ponse de non-intervention par Ordre Chirurgiens-Dentistes<\/span><\/h4>\n<p><img decoding=\"async\" class=\"image-bordered-proof aligncenter wp-image-1254 size-full\" src=\"https:\/\/asherhaimhalevi.ordisoftware.com\/wp-content\/uploads\/2021\/04\/Preuve-2007.07.06.jpg\" alt=\"\" width=\"600\" height=\"800\" \/><\/p>\n<h4><span id=\"26052008_-_Faux_rapport_medical_pour_justifier_mon_incapacite_a_travailler\">26\/05\/2008 - Faux rapport m\u00e9dical pour justifier mon incapacit\u00e9 \u00e0 travailler<\/span><\/h4>\n<p>Lors de la convocation j'ai donn\u00e9 un petit dossier m\u00e9dical de polytraumatis\u00e9 corporel ayant tout le temps des infections depuis 1984, certificats et comptes rendus d'examens, y compris des expertises de la Compagnie Mutuelle d'Assurance. Le docteur n'a rien lu et n'a m\u00eame pas regard\u00e9 les radiographies. Je n'ai pas compris.<\/p>\n<p><img decoding=\"async\" class=\"image-bordered-proof aligncenter wp-image-875 size-full\" src=\"https:\/\/asherhaimhalevi.ordisoftware.com\/wp-content\/uploads\/2021\/04\/Preuve-2008.05.26.jpg\" alt=\"\" width=\"600\" height=\"792\" srcset=\"https:\/\/asherhaimhalevi.ordisoftware.com\/wp-content\/uploads\/2021\/04\/Preuve-2008.05.26.jpg 600w, https:\/\/asherhaimhalevi.ordisoftware.com\/wp-content\/uploads\/2021\/04\/Preuve-2008.05.26-227x300.jpg 227w, https:\/\/asherhaimhalevi.ordisoftware.com\/wp-content\/uploads\/2021\/04\/Preuve-2008.05.26-152x200.jpg 152w, https:\/\/asherhaimhalevi.ordisoftware.com\/wp-content\/uploads\/2021\/04\/Preuve-2008.05.26-114x150.jpg 114w, https:\/\/asherhaimhalevi.ordisoftware.com\/wp-content\/uploads\/2021\/04\/Preuve-2008.05.26-400x528.jpg 400w\" sizes=\"(max-width: 600px) 100vw, 600px\" \/><\/p>\n<h4><span id=\"22102009_-_Certificat_de_soins_vertebraux\">22\/10\/2009 - Certificat de soins vert\u00e9braux<\/span><\/h4>\n<p>R\u00e9sum\u00e9 des sept s\u00e9ances de d\u00e9grippages sur table re\u00e7us de 2005 \u00e0 2009. \"Fonctionnel\" et \"DIM\" d\u00e9signent selon le vocabulaire m\u00e9dical des probl\u00e8mes physiques r\u00e9sultant de traumatismes corporels \u00e0 l'exclusion de toute autre cause.<\/p>\n<p><img decoding=\"async\" class=\"image-bordered-proof aligncenter wp-image-1729 size-full\" src=\"https:\/\/asherhaimhalevi.ordisoftware.com\/wp-content\/uploads\/2021\/04\/Preuve-2009.10.22.jpg\" alt=\"\" width=\"600\" height=\"526\" srcset=\"https:\/\/asherhaimhalevi.ordisoftware.com\/wp-content\/uploads\/2021\/04\/Preuve-2009.10.22.jpg 600w, https:\/\/asherhaimhalevi.ordisoftware.com\/wp-content\/uploads\/2021\/04\/Preuve-2009.10.22-300x263.jpg 300w, https:\/\/asherhaimhalevi.ordisoftware.com\/wp-content\/uploads\/2021\/04\/Preuve-2009.10.22-200x175.jpg 200w, https:\/\/asherhaimhalevi.ordisoftware.com\/wp-content\/uploads\/2021\/04\/Preuve-2009.10.22-150x132.jpg 150w, https:\/\/asherhaimhalevi.ordisoftware.com\/wp-content\/uploads\/2021\/04\/Preuve-2009.10.22-400x351.jpg 400w\" sizes=\"(max-width: 600px) 100vw, 600px\" \/><\/p>\n<h4><span id=\"14012010_-_Compte-rendu_radiologique_sequelles_dentorses_vertebrales\">14\/01\/2010 - Compte-rendu radiologique s\u00e9quelles d'entorses vert\u00e9brales<\/span><\/h4>\n<p>Mon dossier comporte des dizaines et des dizaines de Rx, Scanners et IRM prescrits depuis 1986, soit beaucoup d'irradiations, mais les propos des radiologues n'ont jamais \u00e9t\u00e9 utilis\u00e9s pour vraiment soigner ma colonne vert\u00e9brale, sinon par les docteurs en m\u00e9decine m\u00e9canique : tous les autres, y compris les assurances, disant officiellement, comme pour les infections et ma dentition, que tout est \"normal\" et \"parfait\"... et que mes douleurs proviennent d'une \"maladie mentale\", soi-disant \"g\u00e9n\u00e9tique\", et que m'en plaindre est du \"harc\u00e8lement dangereux qui prouve cette maladie\" n\u00e9cessitant de multiples fichages dans les dossiers des forces de l'ordre et de autorit\u00e9s m\u00e9dicales.<\/p>\n<p><img decoding=\"async\" class=\"image-bordered-proof aligncenter wp-image-1724 size-full\" src=\"https:\/\/asherhaimhalevi.ordisoftware.com\/wp-content\/uploads\/2021\/04\/Preuve-2010.01.14.jpg\" alt=\"\" width=\"600\" height=\"1128\" srcset=\"https:\/\/asherhaimhalevi.ordisoftware.com\/wp-content\/uploads\/2021\/04\/Preuve-2010.01.14.jpg 600w, https:\/\/asherhaimhalevi.ordisoftware.com\/wp-content\/uploads\/2021\/04\/Preuve-2010.01.14-160x300.jpg 160w, https:\/\/asherhaimhalevi.ordisoftware.com\/wp-content\/uploads\/2021\/04\/Preuve-2010.01.14-545x1024.jpg 545w, https:\/\/asherhaimhalevi.ordisoftware.com\/wp-content\/uploads\/2021\/04\/Preuve-2010.01.14-106x200.jpg 106w, https:\/\/asherhaimhalevi.ordisoftware.com\/wp-content\/uploads\/2021\/04\/Preuve-2010.01.14-80x150.jpg 80w, https:\/\/asherhaimhalevi.ordisoftware.com\/wp-content\/uploads\/2021\/04\/Preuve-2010.01.14-400x752.jpg 400w\" sizes=\"(max-width: 600px) 100vw, 600px\" \/><\/p>\n<h4><span id=\"14122010_-_Jugement_du_TASS_pour_incompetence\">14\/12\/2010 - Jugement du TASS pour incomp\u00e9tence<\/span><\/h4>\n<p>J'ai contest\u00e9 le faux diagnostic m\u00e9dical de maladie mentale niant les infections chroniques et les s\u00e9quelles de traumatismes corporels g\u00e9r\u00e9s par les assurances publique et priv\u00e9es. Je n'ai rien compris et je n'avais aucun moyen de recours. Le Conseil d'\u00c9tat a par la suite confirm\u00e9 que la Tribunal des Affaires de S\u00e9curit\u00e9 Sociale, rare instance saisissable sans avocat en France et m\u00eame dans le monde, \u00e9tait comp\u00e9tente, m\u00eame celui de mon domicile actuel et non celui de l'ancien. Qu'il y ait eu par la suite un transfert de mon dossier entre r\u00e9gion n'a rien \u00e0 voir avec le fait que la CPAM - comme la Caisse nationale d'Assurance Maladie qui ne m'a jamais r\u00e9pondu et contre laquelle on m'a refus\u00e9 toute aide juridique ainsi qu'envers la police, l'h\u00f4pital et les assurances - a de toute \u00e9vidence de mauvaises intentions \u00e0 mon sujet, et que toutes les autorit\u00e9s cautionnent cela, m\u00eame encore \u00e0 ce jour, puisqu'on continue de me nuire et de constamment me d\u00e9bouter\u2026<\/p>\n<p><img decoding=\"async\" class=\"image-bordered-proof aligncenter wp-image-1255 size-full\" src=\"https:\/\/asherhaimhalevi.ordisoftware.com\/wp-content\/uploads\/2021\/04\/Preuve-2010.12.14a.jpg\" alt=\"\" width=\"600\" height=\"800\" \/> <img decoding=\"async\" class=\"image-bordered-proof aligncenter wp-image-1256 size-full\" src=\"https:\/\/asherhaimhalevi.ordisoftware.com\/wp-content\/uploads\/2021\/04\/Preuve-2010.12.14b.jpg\" alt=\"\" width=\"600\" height=\"1020\" \/><\/p>\n<h4><span id=\"21062011_-_Attestation_de_non-reponse_plainte_Cour_Penale_Internationale\">21\/06\/2011 - Attestation de non-r\u00e9ponse plainte Cour P\u00e9nale Internationale<\/span><\/h4>\n<p>Comme aupr\u00e8s du Haut-Commissariat aux Droits de l'Homme, j'avais d\u00e9pos\u00e9 un dossier de plus de 500 pages d\u00e9voilant les pratiques ill\u00e9gales, malveillantes, nuisibles et pr\u00e9judiciables de nombreux praticiens m\u00e9dicaux et assureurs, ainsi qu'\u00e9galement celles de diverses organisations m\u00e9dico-sociales et juridiques-judiciaires priv\u00e9es et publiques fran\u00e7aises, y compris le fait que le Gouvernement laissait faire sans intervenir alors qu'Il en a l'obligation.<\/p>\n<p><img decoding=\"async\" class=\"image-bordered-proof aligncenter wp-image-1257 size-full\" src=\"https:\/\/asherhaimhalevi.ordisoftware.com\/wp-content\/uploads\/2021\/04\/Preuve-2011.06.21.jpg\" alt=\"\" width=\"600\" height=\"740\" \/><\/p>\n<h4><span id=\"29062011_-_Compte-rendu_echographique_sequelles_de_dechirure\">29\/06\/2011 - Compte-rendu \u00e9chographique s\u00e9quelles de d\u00e9chirure<\/span><\/h4>\n<p><img decoding=\"async\" class=\"image-bordered-proof aligncenter wp-image-1725 size-full\" src=\"https:\/\/asherhaimhalevi.ordisoftware.com\/wp-content\/uploads\/2021\/04\/Preuve-2011.06.29-.jpg\" alt=\"\" width=\"600\" height=\"708\" srcset=\"https:\/\/asherhaimhalevi.ordisoftware.com\/wp-content\/uploads\/2021\/04\/Preuve-2011.06.29-.jpg 600w, https:\/\/asherhaimhalevi.ordisoftware.com\/wp-content\/uploads\/2021\/04\/Preuve-2011.06.29--254x300.jpg 254w, https:\/\/asherhaimhalevi.ordisoftware.com\/wp-content\/uploads\/2021\/04\/Preuve-2011.06.29--169x200.jpg 169w, https:\/\/asherhaimhalevi.ordisoftware.com\/wp-content\/uploads\/2021\/04\/Preuve-2011.06.29--127x150.jpg 127w, https:\/\/asherhaimhalevi.ordisoftware.com\/wp-content\/uploads\/2021\/04\/Preuve-2011.06.29--400x472.jpg 400w\" sizes=\"(max-width: 600px) 100vw, 600px\" \/><\/p>\n<h4><span id=\"01072011_-_Reponse_dincompetence_Haut-Commissariat_des_Nations_Unies\">01\/07\/2011 - R\u00e9ponse d'incomp\u00e9tence Haut-Commissariat des Nations Unies<\/span><\/h4>\n<p><img decoding=\"async\" class=\"image-bordered-proof aligncenter wp-image-1258 size-full\" src=\"https:\/\/asherhaimhalevi.ordisoftware.com\/wp-content\/uploads\/2021\/04\/Preuve-2011.07.01-.jpg\" alt=\"\" width=\"603\" height=\"700\" \/><\/p>\n<h4><span id=\"14062012_-_Reponse_de_non-intervention_par_la_Cour_Europeenne_des_Droits\">14\/06\/2012 - R\u00e9ponse de non-intervention par la Cour Europ\u00e9enne des Droits<\/span><\/h4>\n<p><img decoding=\"async\" class=\"image-bordered-proof aligncenter wp-image-1259 size-full\" src=\"https:\/\/asherhaimhalevi.ordisoftware.com\/wp-content\/uploads\/2021\/04\/Preuve-2012.06.14.jpg\" alt=\"\" width=\"600\" height=\"890\" \/><\/p>\n<h4><span id=\"27022013_-_Reponse_du_Conseil_dEtat_stipulant_la_competence_du_TASS\">27\/02\/2013 - R\u00e9ponse du Conseil d'\u00c9tat stipulant la comp\u00e9tence du TASS<\/span><\/h4>\n<p><img decoding=\"async\" class=\"image-bordered-proof aligncenter wp-image-1260 size-full\" src=\"https:\/\/asherhaimhalevi.ordisoftware.com\/wp-content\/uploads\/2021\/04\/Preuve-2013.02.27.jpg\" alt=\"\" width=\"600\" height=\"640\" \/><\/p>\n<h4><span id=\"25032013_-_Reponse_Cour_dAppel_confirmant_classement_sans_suite_plainte\">25\/03\/2013 - R\u00e9ponse Cour d'Appel confirmant classement sans suite plainte<\/span><\/h4>\n<p><img decoding=\"async\" class=\"image-bordered-proof aligncenter wp-image-1261 size-full\" src=\"https:\/\/asherhaimhalevi.ordisoftware.com\/wp-content\/uploads\/2021\/04\/Preuve-2013.03.25.jpg\" alt=\"\" width=\"603\" height=\"700\" \/><\/p>\n<h4><span id=\"15012015_-_Ordonnance_dirrecevabilite_plainte_pour_mauvais_traitement\">15\/01\/2015 - Ordonnance d'irrecevabilit\u00e9 plainte pour mauvais traitement<\/span><\/h4>\n<p>Lors de l'audience je n'ai pas pu m'exprimer et le juge m'a dit que je n'avais aucun droit m\u00eame pas celui d'\u00eatre assist\u00e9 d'un avocat. Tous les documents pr\u00e9sent\u00e9s ont \u00e9t\u00e9 ignor\u00e9s. On m'a dit que \"nulle (victime) n'a le droit de (se) constituer de (dossier) de preuves \u00e0 soi-m\u00eame (par elle-m\u00eame, en les compilant dans un dossier)\". Je n'ai pas compris et j'ai d\u00e9couvert que cette coutume avait \u00e9t\u00e9 jug\u00e9e ill\u00e9gale par la Cour de cassation, tout comme le refus de soins collectif i.e. l'abandon m\u00e9dical, qui rel\u00e8ve en r\u00e9alit\u00e9 de la tentative d'homicide passive. J'ai commenc\u00e9 \u00e0 comprendre que l'organisation m\u00e9dico-sociale et juridique-judiciaire \u00e9tait corrompue afin de prot\u00e9ger des assurances priv\u00e9es y compris l'assurance maladie qui est en r\u00e9alit\u00e9 elle aussi priv\u00e9e sous tutelle du minist\u00e8re de la sant\u00e9, ainsi que le chiropracteur et quelques praticiens m\u00e9dicaux, et je ne sais pas qui d'autre.<\/p>\n<p><img decoding=\"async\" class=\"image-bordered-proof aligncenter wp-image-876 size-full\" src=\"https:\/\/asherhaimhalevi.ordisoftware.com\/wp-content\/uploads\/2021\/04\/Preuve-2015.01.15.jpg\" alt=\"\" width=\"600\" height=\"1072\" srcset=\"https:\/\/asherhaimhalevi.ordisoftware.com\/wp-content\/uploads\/2021\/04\/Preuve-2015.01.15.jpg 600w, https:\/\/asherhaimhalevi.ordisoftware.com\/wp-content\/uploads\/2021\/04\/Preuve-2015.01.15-168x300.jpg 168w, https:\/\/asherhaimhalevi.ordisoftware.com\/wp-content\/uploads\/2021\/04\/Preuve-2015.01.15-573x1024.jpg 573w, https:\/\/asherhaimhalevi.ordisoftware.com\/wp-content\/uploads\/2021\/04\/Preuve-2015.01.15-112x200.jpg 112w, https:\/\/asherhaimhalevi.ordisoftware.com\/wp-content\/uploads\/2021\/04\/Preuve-2015.01.15-84x150.jpg 84w, https:\/\/asherhaimhalevi.ordisoftware.com\/wp-content\/uploads\/2021\/04\/Preuve-2015.01.15-400x715.jpg 400w\" sizes=\"(max-width: 600px) 100vw, 600px\" \/><\/p>\n<h4><span id=\"17052018_-_Premier_jugement_suite_a_la_deuxieme_psychiatrisation_doffice\">17\/05\/2018 - Premier jugement suite \u00e0 la deuxi\u00e8me psychiatrisation d'office<\/span><\/h4>\n<p>Dictature m\u00e9dicale nuisible est l'expression de rigueur.<\/p>\n<p><img decoding=\"async\" class=\"image-bordered-proof aligncenter wp-image-4990 size-full\" src=\"https:\/\/asherhaimhalevi.ordisoftware.com\/wp-content\/uploads\/2022\/09\/Preuve-2018.05.17.jpg\" alt=\"\" width=\"600\" height=\"1425\" srcset=\"https:\/\/asherhaimhalevi.ordisoftware.com\/wp-content\/uploads\/2022\/09\/Preuve-2018.05.17.jpg 600w, https:\/\/asherhaimhalevi.ordisoftware.com\/wp-content\/uploads\/2022\/09\/Preuve-2018.05.17-126x300.jpg 126w, https:\/\/asherhaimhalevi.ordisoftware.com\/wp-content\/uploads\/2022\/09\/Preuve-2018.05.17-431x1024.jpg 431w, https:\/\/asherhaimhalevi.ordisoftware.com\/wp-content\/uploads\/2022\/09\/Preuve-2018.05.17-84x200.jpg 84w, https:\/\/asherhaimhalevi.ordisoftware.com\/wp-content\/uploads\/2022\/09\/Preuve-2018.05.17-63x150.jpg 63w, https:\/\/asherhaimhalevi.ordisoftware.com\/wp-content\/uploads\/2022\/09\/Preuve-2018.05.17-400x950.jpg 400w\" sizes=\"(max-width: 600px) 100vw, 600px\" \/><\/p>\n<h4><span id=\"24092018_-_Rappel_a_la_loi_abusif_au_sujet_des_appels_a_laide_au_15\">24\/09\/2018 - Rappel \u00e0 la loi abusif au sujet des appels \u00e0 l'aide au 15<\/span><\/h4>\n<p>Il n'y avait aucune intention malveillante dans mes appels \u00e0 l'aide et \u00e0 l'\u00e9poque je n'avais plus de g\u00e9n\u00e9raliste, tous disant que l'assurance maladie avait raison de me qualifier de malade mental imaginant avoir des infections chroniques et mal au dos malgr\u00e9 le dossier m\u00e9dical et tous les m\u00e9dicaments antibiotiques, anti-inflammatoires et antalgiques prescrits mensuellement depuis 1984 : malgr\u00e9 la troisi\u00e8me dent arrach\u00e9e en 10 ans, mon \u00e9tat infectieux s'aggravait mois apr\u00e8s mois et je ne trouvais aucun docteur lib\u00e9ral pour me soigner et j'ai eu une mauvaise grippe cet hivers-l\u00e0 o\u00f9 j'ai cru mourir d'un arr\u00eat respiratoire, le 15 me tenant m\u00eame une heure au t\u00e9l\u00e9phone un matin alors que je ne pouvais plus parler, et tant les dentistes que deux h\u00f4pitaux de deux r\u00e9gions consult\u00e9s dans plusieurs services pendant trois ans disaient ne pas comprendre et d'aller consulter en psychiatrie sans m\u00eame consid\u00e9rer les sympt\u00f4mes et les r\u00e9sultats d'examens, dont l'existence \u00e9tait ni\u00e9e, que je ne comprenais pas, et qui pourtant d\u00e9montraient tout ais-je finalement d\u00e9couvert plus tard - je n'\u00e9tais pas encore diagnostiqu\u00e9 en d\u00e9ficit immunitaire. Il a finalement \u00e9t\u00e9 \u00e9tablit de fait par le Juge des Libert\u00e9s, sans rien faire de plus que me lib\u00e9rer des psychiatres, que l'h\u00f4pital \u00e9tait en faute et qu'on mentait \u00e0 mon sujet et qu'on m'avait psychiatris\u00e9 et empoisonn\u00e9, causant ainsi de graves s\u00e9quelles irr\u00e9versibles, en me traitant de \"criminel d\u00e9lirant hypocondriaque parano\u00efaque\". J'ai contest\u00e9 ce rappel \u00e0 la loi abusif par deux fois aupr\u00e8s du procureur mais je n'ai pas re\u00e7u de r\u00e9ponse m\u00eame apr\u00e8s la lib\u00e9ration psychiatrique suite au diagnostic de d\u00e9ficit immunitaire - ayant \u00e9t\u00e9 enfin re\u00e7u en m\u00e9decine interne malgr\u00e9 les menaces des psychiatres, qui disaient vouloir me garder \u00e0 vie en cellule, d'augmenter les doses de neuroleptiques - qui prouve de fait qu'une quinzaine de psychiatres et un expert des tribunaux mentent \u00e0 totalement mon sujet sur tout depuis plus de 15 ans... Il s'est finalement av\u00e9r\u00e9 que mon \u00e9tat de sant\u00e9 se d\u00e9t\u00e9riorait \u00e0 nouveau rapidement depuis 2016 et encore pire d\u00e8s le d\u00e9but 2022 \u00e0 cause des canalisations de la rue perc\u00e9es et infest\u00e9es de moisissures et de bact\u00e9ries, la situation a \u00e9t\u00e9 arrang\u00e9e l'\u00e9t\u00e9 2022 par leur changement. Vrai de vrai !<\/p>\n<p><img decoding=\"async\" class=\"image-bordered-proof aligncenter wp-image-1761 size-full\" src=\"https:\/\/asherhaimhalevi.ordisoftware.com\/wp-content\/uploads\/2021\/04\/Preuve-2018.09.24.jpg\" alt=\"\" width=\"600\" height=\"772\" srcset=\"https:\/\/asherhaimhalevi.ordisoftware.com\/wp-content\/uploads\/2021\/04\/Preuve-2018.09.24.jpg 600w, https:\/\/asherhaimhalevi.ordisoftware.com\/wp-content\/uploads\/2021\/04\/Preuve-2018.09.24-233x300.jpg 233w, https:\/\/asherhaimhalevi.ordisoftware.com\/wp-content\/uploads\/2021\/04\/Preuve-2018.09.24-155x200.jpg 155w, https:\/\/asherhaimhalevi.ordisoftware.com\/wp-content\/uploads\/2021\/04\/Preuve-2018.09.24-117x150.jpg 117w, https:\/\/asherhaimhalevi.ordisoftware.com\/wp-content\/uploads\/2021\/04\/Preuve-2018.09.24-400x515.jpg 400w\" sizes=\"(max-width: 600px) 100vw, 600px\" \/><\/p>\n<h4><span id=\"19042019_-_Rejet_du_pourvoi_par_la_Cour_de_Cassation\">19\/04\/2019 - Rejet du pourvoi par la Cour de Cassation<\/span><\/h4>\n<p>Victime d'un crime en cours parmi tant d'autres, qui rel\u00e8ve d'une torture mortif\u00e8re sans noms, commis en toute impunit\u00e9 tandis qu'on me qualifie sans aucune preuve de \"criminel fou\", avec d\u00e9ni des preuves de mes pr\u00e9judices et de l'abus de pouvoir g\u00e9n\u00e9ral, et avec retrait de mes droits fondamentaux syst\u00e9matiques, en r\u00e9alit\u00e9 trait\u00e9 pire qu'un criminel et m\u00eame qu'un ennemi de guerre, tous mes recours depuis 2004 sont constamment rejet\u00e9s au motif que les faits n'ont pas lieu, que les preuves n'existent pas, que les autorit\u00e9s ont tous pouvoirs, et m\u00eame que c'est l\u00e9gal et que c'est bien, et que tant le personnel soignant et les avocats que les associations d'aide sont libres et qu'il n'y a aucune obligation... depuis les mairies jusqu'au gouvernement en passant par les tribunaux, les parquets, les procureurs et les juges de France, d'Europe et des Nations-Unies. Ainsi, tous ces crimes, et toute ma souffrance, dont sont t\u00e9moins ou acteurs des centaines de personnes depuis des ann\u00e9es, et qui sont prouv\u00e9s par des centaines de documents, ne sont pas un \"motif s\u00e9rieux\" pour les stopper. Ce n'est pas \u00e7a la loi et le droit, et ni m\u00eame la justice et la paix, et encore moins la prosp\u00e9rit\u00e9. Le fait que j'ai finalement \u00e9t\u00e9 lib\u00e9r\u00e9 par un Juge des Libert\u00e9s \u00e0 la suite du diagnostic de d\u00e9ficit immunitaire qui prouve que tout ce que racontent les psychiatres et subs\u00e9quemment les assureurs et les procureurs sont des mensonges, prouve de fait que tout ce que je dis est la v\u00e9rit\u00e9, puisque je ne fais que relater les faits et les documents.<\/p>\n<p><img decoding=\"async\" class=\"image-bordered-proof aligncenter wp-image-1768 size-full\" src=\"https:\/\/asherhaimhalevi.ordisoftware.com\/wp-content\/uploads\/2021\/04\/Preuve-2019.04.19.jpg\" alt=\"\" width=\"600\" height=\"921\" srcset=\"https:\/\/asherhaimhalevi.ordisoftware.com\/wp-content\/uploads\/2021\/04\/Preuve-2019.04.19.jpg 600w, https:\/\/asherhaimhalevi.ordisoftware.com\/wp-content\/uploads\/2021\/04\/Preuve-2019.04.19-195x300.jpg 195w, https:\/\/asherhaimhalevi.ordisoftware.com\/wp-content\/uploads\/2021\/04\/Preuve-2019.04.19-130x200.jpg 130w, https:\/\/asherhaimhalevi.ordisoftware.com\/wp-content\/uploads\/2021\/04\/Preuve-2019.04.19-98x150.jpg 98w, https:\/\/asherhaimhalevi.ordisoftware.com\/wp-content\/uploads\/2021\/04\/Preuve-2019.04.19-400x614.jpg 400w\" sizes=\"(max-width: 600px) 100vw, 600px\" \/><\/p>\n<h4><span id=\"29042019_-_Certificat_de_diagnostic_de_deficit_immunitaire\">29\/04\/2019 - Certificat de diagnostic de d\u00e9ficit immunitaire<\/span><\/h4>\n<p>Tous les psychiatres, tous les juges, et toutes les assurances, et en premier lieu la s\u00e9curit\u00e9 sociale, ainsi que diverses entit\u00e9s dirigeantes sans parler de nombreuses associations d'aide aux victimes, g\u00e9r\u00e9es par des humains, mentent et s'en fichent... puisqu'\u00e0 ce jour je suis toujours fich\u00e9 malade mental dangereux dans les archives du gouvernement, dans le but de me torturer et de se d\u00e9barrasser de moi, et dire cela n'est qu'\u00e9noncer un fait juridique \u00e9crit et sign\u00e9 par ces gens qui nient avoir \u00e9crit et sign\u00e9 les preuves, sans rire, dans le but d'obtenir la r\u00e9alisation du crime pr\u00e9m\u00e9dit\u00e9, tel qu'\u00e9crit et sign\u00e9 de m\u00eame. Quant aux experts psychiatres aupr\u00e8s des tribunaux c'est pire, mais je ne vais rien dire, c'est pas la peine puisqu'y \u00e9crivent que \"consulter un docteur pour un infection est en soit la preuve d'une maladie mentale et d'un danger pour la soci\u00e9t\u00e9 en vertu de la science m\u00e9dicale\" et les juges disent \"amen, c'est la loi au nom du peuple : administration de poisons qui tuent dans d'atroces souffrances\".<\/p>\n<p><img decoding=\"async\" class=\"image-bordered-proof aligncenter wp-image-4988 size-full\" src=\"https:\/\/asherhaimhalevi.ordisoftware.com\/wp-content\/uploads\/2022\/09\/Preuve-2019.04.29.jpg\" alt=\"\" width=\"600\" height=\"833\" srcset=\"https:\/\/asherhaimhalevi.ordisoftware.com\/wp-content\/uploads\/2022\/09\/Preuve-2019.04.29.jpg 600w, https:\/\/asherhaimhalevi.ordisoftware.com\/wp-content\/uploads\/2022\/09\/Preuve-2019.04.29-216x300.jpg 216w, https:\/\/asherhaimhalevi.ordisoftware.com\/wp-content\/uploads\/2022\/09\/Preuve-2019.04.29-144x200.jpg 144w, https:\/\/asherhaimhalevi.ordisoftware.com\/wp-content\/uploads\/2022\/09\/Preuve-2019.04.29-108x150.jpg 108w, https:\/\/asherhaimhalevi.ordisoftware.com\/wp-content\/uploads\/2022\/09\/Preuve-2019.04.29-400x555.jpg 400w\" sizes=\"(max-width: 600px) 100vw, 600px\" \/><\/p>\n<h4><span id=\"05052019_-_Courrier_de_contestation_aupres_du_Juge_des_Libertes\">05\/05\/2019 - Courrier de contestation aupr\u00e8s du Juge des Libert\u00e9s<\/span><\/h4>\n<p>Les Juges des Libert\u00e9s a ignor\u00e9 par six fois, ainsi que la Cour d'appel et la Cour de cassation, tant mes argumentations que les preuves que les psychiatres mentent, en disant qu'ils ne sont pas docteurs et ne font qu'\u00e9tablir les jugements selon la parole souveraine des psychiatres, sans v\u00e9rifier quoi que ce soit hormis les vices de proc\u00e9dure, genre l'absence de signature sur les documents. Ainsi les psychiatres peuvent raconter ce qu'ils veulent sans prouver quoi que ce soit, dans le but de torturer qui ils veulent, puisque cela est de notori\u00e9t\u00e9 publique d'autant que les notices elles-m\u00eames des neuroleptiques et benzodiaz\u00e9pines attestent que ce ne sont que de substances tr\u00e8s dangereuses voire mortelles qui causent de nombreuses et graves s\u00e9quelles, et qui ne peuvent en aucun cas soigner une surdit\u00e9 organique, des entorses articulaires et un d\u00e9ficit immunitaire.<\/p>\n<p><img decoding=\"async\" class=\"image-bordered-proof aligncenter wp-image-877 size-full\" src=\"https:\/\/asherhaimhalevi.ordisoftware.com\/wp-content\/uploads\/2021\/04\/Preuve-2019.05.05a.jpg\" alt=\"\" width=\"600\" height=\"913\" srcset=\"https:\/\/asherhaimhalevi.ordisoftware.com\/wp-content\/uploads\/2021\/04\/Preuve-2019.05.05a.jpg 600w, https:\/\/asherhaimhalevi.ordisoftware.com\/wp-content\/uploads\/2021\/04\/Preuve-2019.05.05a-197x300.jpg 197w, https:\/\/asherhaimhalevi.ordisoftware.com\/wp-content\/uploads\/2021\/04\/Preuve-2019.05.05a-131x200.jpg 131w, https:\/\/asherhaimhalevi.ordisoftware.com\/wp-content\/uploads\/2021\/04\/Preuve-2019.05.05a-99x150.jpg 99w, https:\/\/asherhaimhalevi.ordisoftware.com\/wp-content\/uploads\/2021\/04\/Preuve-2019.05.05a-400x609.jpg 400w\" sizes=\"(max-width: 600px) 100vw, 600px\" \/> <img decoding=\"async\" class=\"image-bordered-proof aligncenter wp-image-878 size-full\" src=\"https:\/\/asherhaimhalevi.ordisoftware.com\/wp-content\/uploads\/2021\/04\/Preuve-2019.05.05b.jpg\" alt=\"\" width=\"600\" height=\"915\" srcset=\"https:\/\/asherhaimhalevi.ordisoftware.com\/wp-content\/uploads\/2021\/04\/Preuve-2019.05.05b.jpg 600w, https:\/\/asherhaimhalevi.ordisoftware.com\/wp-content\/uploads\/2021\/04\/Preuve-2019.05.05b-197x300.jpg 197w, https:\/\/asherhaimhalevi.ordisoftware.com\/wp-content\/uploads\/2021\/04\/Preuve-2019.05.05b-131x200.jpg 131w, https:\/\/asherhaimhalevi.ordisoftware.com\/wp-content\/uploads\/2021\/04\/Preuve-2019.05.05b-98x150.jpg 98w, https:\/\/asherhaimhalevi.ordisoftware.com\/wp-content\/uploads\/2021\/04\/Preuve-2019.05.05b-400x610.jpg 400w\" sizes=\"(max-width: 600px) 100vw, 600px\" \/> <img decoding=\"async\" class=\"image-bordered-proof aligncenter wp-image-879 size-full\" src=\"https:\/\/asherhaimhalevi.ordisoftware.com\/wp-content\/uploads\/2021\/04\/Preuve-2019.05.05c.jpg\" alt=\"\" width=\"600\" height=\"904\" srcset=\"https:\/\/asherhaimhalevi.ordisoftware.com\/wp-content\/uploads\/2021\/04\/Preuve-2019.05.05c.jpg 600w, https:\/\/asherhaimhalevi.ordisoftware.com\/wp-content\/uploads\/2021\/04\/Preuve-2019.05.05c-199x300.jpg 199w, https:\/\/asherhaimhalevi.ordisoftware.com\/wp-content\/uploads\/2021\/04\/Preuve-2019.05.05c-133x200.jpg 133w, https:\/\/asherhaimhalevi.ordisoftware.com\/wp-content\/uploads\/2021\/04\/Preuve-2019.05.05c-100x150.jpg 100w, https:\/\/asherhaimhalevi.ordisoftware.com\/wp-content\/uploads\/2021\/04\/Preuve-2019.05.05c-400x603.jpg 400w\" sizes=\"(max-width: 600px) 100vw, 600px\" \/><\/p>\n<h4><span id=\"06052019_-_Courrier_de_reclamation_aupres_de_lAssurance_Maladie\">06\/05\/2019 - Courrier de r\u00e9clamation aupr\u00e8s de l'Assurance Maladie<\/span><\/h4>\n<p>L'ordre des m\u00e9decins m'a \u00e9crit se d\u00e9charger sur le procureur de la r\u00e9publique. L'ordre des dentistes m'a \u00e9crit ne pas pouvoir aller \u00e0 l'encontre de la d\u00e9cision de la Compagnie Mutuelle d'Assurance. L'ordre des kin\u00e9s ne m'a jamais r\u00e9pondu. Le Tribunal des Affaires de S\u00e9curit\u00e9 Sociale, comp\u00e9tent, a rejet\u00e9 mon recours pour \"incomp\u00e9tence au profit\", \"exclusif\", de la CNAM. Le si\u00e8ge de la CNAM m'a indiqu\u00e9 par t\u00e9l\u00e9phone qu'il \u00e9tait impossible en France de contester le diagnostic m\u00e9dical d'un m\u00e9decin conseil et qu'il n'existait aucune voie l\u00e9gale pour le faire mais que je pouvais renoncer \u00e0 la pension et demander \u00e0 \u00eatre intern\u00e9 en psychiatrie \u00e0 vie (ou\u00ef-dire).<\/p>\n<p><img decoding=\"async\" class=\"image-bordered-proof aligncenter wp-image-880 size-full\" src=\"https:\/\/asherhaimhalevi.ordisoftware.com\/wp-content\/uploads\/2021\/04\/Preuve-2019.05.06.jpg\" alt=\"\" width=\"600\" height=\"635\" srcset=\"https:\/\/asherhaimhalevi.ordisoftware.com\/wp-content\/uploads\/2021\/04\/Preuve-2019.05.06.jpg 600w, https:\/\/asherhaimhalevi.ordisoftware.com\/wp-content\/uploads\/2021\/04\/Preuve-2019.05.06-283x300.jpg 283w, https:\/\/asherhaimhalevi.ordisoftware.com\/wp-content\/uploads\/2021\/04\/Preuve-2019.05.06-189x200.jpg 189w, https:\/\/asherhaimhalevi.ordisoftware.com\/wp-content\/uploads\/2021\/04\/Preuve-2019.05.06-142x150.jpg 142w, https:\/\/asherhaimhalevi.ordisoftware.com\/wp-content\/uploads\/2021\/04\/Preuve-2019.05.06-400x423.jpg 400w\" sizes=\"(max-width: 600px) 100vw, 600px\" \/><\/p>\n<h4><span id=\"07052019_-_Quatrieme_deposition_de_plainte_pour_mauvais_traitement\">07\/05\/2019 - Quatri\u00e8me d\u00e9position de plainte pour mauvais traitement<\/span><\/h4>\n<p><img decoding=\"async\" class=\"image-bordered-proof aligncenter wp-image-881 size-full\" src=\"https:\/\/asherhaimhalevi.ordisoftware.com\/wp-content\/uploads\/2021\/04\/Preuve-2019.05.07.jpg\" alt=\"\" width=\"600\" height=\"840\" srcset=\"https:\/\/asherhaimhalevi.ordisoftware.com\/wp-content\/uploads\/2021\/04\/Preuve-2019.05.07.jpg 600w, https:\/\/asherhaimhalevi.ordisoftware.com\/wp-content\/uploads\/2021\/04\/Preuve-2019.05.07-214x300.jpg 214w, https:\/\/asherhaimhalevi.ordisoftware.com\/wp-content\/uploads\/2021\/04\/Preuve-2019.05.07-143x200.jpg 143w, https:\/\/asherhaimhalevi.ordisoftware.com\/wp-content\/uploads\/2021\/04\/Preuve-2019.05.07-107x150.jpg 107w, https:\/\/asherhaimhalevi.ordisoftware.com\/wp-content\/uploads\/2021\/04\/Preuve-2019.05.07-400x560.jpg 400w\" sizes=\"(max-width: 600px) 100vw, 600px\" \/><\/p>\n<h4><span id=\"21052019_-_Ordonnance_de_liberation_psychiatrique_par_le_Juge_des_Libertes\">21\/05\/2019 - Ordonnance de lib\u00e9ration psychiatrique par le Juge des Libert\u00e9s<\/span><\/h4>\n<p>Malgr\u00e9 qu'on m'ait menac\u00e9 d'augmenter les doses de neuroleptique, j'ai insist\u00e9 pour \u00eatre re\u00e7u par la m\u00e9decine interne o\u00f9 on a finalement diagnostiqu\u00e9 un d\u00e9ficit immunitaire expliquant mes infections chroniques ni\u00e9es par les psychiatres. On a refus\u00e9 de m'effacer du fichier des malades mentaux dangereux \u00e0 surveiller. On peut noter que malgr\u00e9 l'incoh\u00e9rence contradictoire et l'absurdit\u00e9 illogique de l'affirmation, le juge donne son accord au maintiens du diagnostic de pathologie mentale, c'est-\u00e0-dire qu'\u00e0 la fois je suis enfin reconnu par le tribunal souffrant d'une pathologie physique et \u00e0 la fois j'invente et imagine cette pathologie : en d'autres termes, toute l'argumentation des psychiatres qui m'affublent de plein de maux mentaux depuis des d\u00e9cennies repose sur l'inexistence d'infections et de furoncles chroniques, sans parler des dents, dont je me plains souffrir, et une fois cette argumentation, et donc tous les propos tenus \u00e0 mon sujet, invalid\u00e9e, y compris donc au sujet de mon dos et de quoi que ce soit d'autre en vertu des preuves m\u00e9dicales incontestables et v\u00e9rifiables, puisque des menteurs sont des menteurs et on ne doit pas les \u00e9couter, le tribunal continue quand m\u00eame de faire pencher la balance en faveur des menteurs, qui sont de faits juridiques prouv\u00e9s des criminels. Le bureau d'aide juridictionnelle et l'ordre des avocats ont comme par le pass\u00e9 rejet\u00e9 ma demande d'avocat pour obtenir r\u00e9paration. J'ai finalement appris que n'importe quel juge du Tribunal Administratif pouvait casser un jugement de lib\u00e9ration : il suffit qu'un expert psychiatre maintiennent les propos du pr\u00e9c\u00e9dent et on me renvoie pire qu'en prison sans plus aucun espoir.<\/p>\n<p><img decoding=\"async\" class=\"image-bordered-proof aligncenter wp-image-882 size-full\" src=\"https:\/\/asherhaimhalevi.ordisoftware.com\/wp-content\/uploads\/2021\/04\/Preuve-2019.05.21.jpg\" alt=\"\" width=\"600\" height=\"1489\" srcset=\"https:\/\/asherhaimhalevi.ordisoftware.com\/wp-content\/uploads\/2021\/04\/Preuve-2019.05.21.jpg 600w, https:\/\/asherhaimhalevi.ordisoftware.com\/wp-content\/uploads\/2021\/04\/Preuve-2019.05.21-121x300.jpg 121w, https:\/\/asherhaimhalevi.ordisoftware.com\/wp-content\/uploads\/2021\/04\/Preuve-2019.05.21-413x1024.jpg 413w, https:\/\/asherhaimhalevi.ordisoftware.com\/wp-content\/uploads\/2021\/04\/Preuve-2019.05.21-81x200.jpg 81w, https:\/\/asherhaimhalevi.ordisoftware.com\/wp-content\/uploads\/2021\/04\/Preuve-2019.05.21-60x150.jpg 60w, https:\/\/asherhaimhalevi.ordisoftware.com\/wp-content\/uploads\/2021\/04\/Preuve-2019.05.21-400x993.jpg 400w\" sizes=\"(max-width: 600px) 100vw, 600px\" \/><\/p>\n<h4><span id=\"25082019_-_Plainte_contre_lEtat_pour_crime_contre_mon_humanite\">25\/08\/2019 - Plainte contre l'\u00c9tat pour crime contre mon humanit\u00e9<\/span><\/h4>\n<p>Cette fois-ci mon dossier \u00e9tait complet avec plus de 600 pages, dont plus de la moiti\u00e9 pour les crimes commis apr\u00e8s 2004, et j'avais pour ainsi dire presque tout compris dans les grandes lignes et pour de nombreux d\u00e9tails, ayant fait \u00e0 mes risques et p\u00e9rils le travail de ceux charg\u00e9s d'enqu\u00eater et de me d\u00e9fendre, mais qui ont d\u00e9cid\u00e9 de constamment classer sans suite mes recours, de nier l'existence des preuves au fur et \u00e0 mesure qu'elles s'accumulaient, et de me d\u00e9truire en me calomniant et en me retirant mes droits de soins, d'aide et de justice, pour des raisons qui appara\u00eetront \u00e9videntes \u00e0 n'importe quel esprit quel que soit son intelligence et son savoir du moment qu'on examine les faits et les preuves qui parlent d'eux-m\u00eames. Il est important de pr\u00e9ciser que tant les docteurs que les assurances savent la v\u00e9rit\u00e9 depuis mon enfance, concernant les infections chroniques et le mal au dos, puisque tout est \u00e9crit dans les comptes rendus d'examen et les expertises m\u00e9dicales - sauf ce que dit la psychiatrique de 2006 et 2018 qui n'est qu'un ramassis de mensonges utilisant ma sant\u00e9 physique et les mauvais soins pour me diagnostiquer malade mental - qui finalement n'ont pas vraiment \u00e9t\u00e9 utilis\u00e9s pour me soigner avec efficacit\u00e9 et s\u00fbret\u00e9 comme on sait le faire si facilement depuis des lustres avec des plantes et des immunoglobulines m\u00eame de vache, ainsi qu'avec des d\u00e9grippages locomoteurs et de la mobilisation passive enseign\u00e9s depuis des mill\u00e9naires, mais pour m'empoisonner ann\u00e9es apr\u00e8s ann\u00e9es et pour laisser se d\u00e9velopper les s\u00e9quelles des traumatismes corporels afin de m'amener en psychiatrie pour m'y s\u00e9questrer \u00e0 vie afin de prot\u00e9ger les assurances et les protagonistes qui sont impliqu\u00e9s dans la gestion de ce dossier et qui ont une mauvaise opinion, pr\u00e9jug\u00e9e mais infond\u00e9e et fausse, \u00e0 mon sujet, m'ayant d\u00e9sign\u00e9 de \"malade mental criminel\" lorsque les gendarmes m'ont remis aux psychiatres en 2018, au point de me torturer depuis des d\u00e9cennies, sous couvert de \"justice rendue au nom du peuple\", qualifiant cela de \"bon-droit bien-fond\u00e9 l\u00e9gal non susceptible de recours\", pour \"le profit exclusif d'une assurance priv\u00e9e charg\u00e9e de mission de service public\" qui d\u00e9l\u00e8gue une partie de ses services \u00e0 d'autres compagnies priv\u00e9es non charg\u00e9es de mission de service public... mais c'est un peu plus complexe que dit comme cela, et les rouages actuels de la protection juridique et de l'indemnisation du dommage corporel sont de fait l\u00e9gislatifs ill\u00e9gaux, pour rester poli.<\/p>\n<p><img decoding=\"async\" class=\"image-bordered-proof aligncenter wp-image-1559 size-full\" src=\"https:\/\/asherhaimhalevi.ordisoftware.com\/wp-content\/uploads\/2021\/04\/Preuve-2019.08.25a.jpg\" alt=\"\" width=\"600\" height=\"790\" srcset=\"https:\/\/asherhaimhalevi.ordisoftware.com\/wp-content\/uploads\/2021\/04\/Preuve-2019.08.25a.jpg 600w, https:\/\/asherhaimhalevi.ordisoftware.com\/wp-content\/uploads\/2021\/04\/Preuve-2019.08.25a-228x300.jpg 228w, https:\/\/asherhaimhalevi.ordisoftware.com\/wp-content\/uploads\/2021\/04\/Preuve-2019.08.25a-152x200.jpg 152w, https:\/\/asherhaimhalevi.ordisoftware.com\/wp-content\/uploads\/2021\/04\/Preuve-2019.08.25a-114x150.jpg 114w, https:\/\/asherhaimhalevi.ordisoftware.com\/wp-content\/uploads\/2021\/04\/Preuve-2019.08.25a-400x527.jpg 400w\" sizes=\"(max-width: 600px) 100vw, 600px\" \/> <img decoding=\"async\" class=\"image-bordered-proof aligncenter wp-image-1560 size-full\" src=\"https:\/\/asherhaimhalevi.ordisoftware.com\/wp-content\/uploads\/2021\/04\/Preuve-2019.08.25b.jpg\" alt=\"\" width=\"600\" height=\"910\" srcset=\"https:\/\/asherhaimhalevi.ordisoftware.com\/wp-content\/uploads\/2021\/04\/Preuve-2019.08.25b.jpg 600w, https:\/\/asherhaimhalevi.ordisoftware.com\/wp-content\/uploads\/2021\/04\/Preuve-2019.08.25b-198x300.jpg 198w, https:\/\/asherhaimhalevi.ordisoftware.com\/wp-content\/uploads\/2021\/04\/Preuve-2019.08.25b-132x200.jpg 132w, https:\/\/asherhaimhalevi.ordisoftware.com\/wp-content\/uploads\/2021\/04\/Preuve-2019.08.25b-99x150.jpg 99w, https:\/\/asherhaimhalevi.ordisoftware.com\/wp-content\/uploads\/2021\/04\/Preuve-2019.08.25b-400x607.jpg 400w\" sizes=\"(max-width: 600px) 100vw, 600px\" \/><\/p>\n<h4><span id=\"21122019_-_Avis_classement_sans_suite_plainte_crime_contre_mon_humanite\">21\/12\/2019 - Avis classement sans suite plainte crime contre mon humanit\u00e9<\/span><\/h4>\n<p>Toute plainte et tout recours est inutile en cas de crime d\u2019\u00c9tat : les docteurs refusent de soigner ; pas d'avocat ; rejet de l'aide juridictionnelle ; les associations refusent de porter secours ; les assureurs refusent d'assister ; le procureur classe syst\u00e9matiquement les plaintes sans suite ; le procureur g\u00e9n\u00e9ral confirme les d\u00e9cisions du procureur ; les juges et le doyen des juges disent que les documents n'existent pas, m\u00eame un dossier de preuves de plus de 600 pages ; les \u00e9lus et les ministres et la pr\u00e9sidence de la r\u00e9publique et le garde des sceaux \u00e9crivent que les personnes qu'ils et elles nomment aux postes de direction d'organisations publiques et priv\u00e9es sont ind\u00e9pendantes ; les autorit\u00e9s europ\u00e9ennes et internationales \u00e9crivent refuser d'intervenir pour stopper les crimes ; et la Cour P\u00e9nale Internationale ne donne m\u00eame pas accus\u00e9 r\u00e9ception de d\u00e9p\u00f4t de plainte.<\/p>\n<p><img decoding=\"async\" class=\"image-bordered-proof aligncenter wp-image-883 size-full\" src=\"https:\/\/asherhaimhalevi.ordisoftware.com\/wp-content\/uploads\/2021\/04\/Preuve-2019.12.21.jpg\" alt=\"\" width=\"600\" height=\"898\" srcset=\"https:\/\/asherhaimhalevi.ordisoftware.com\/wp-content\/uploads\/2021\/04\/Preuve-2019.12.21.jpg 600w, https:\/\/asherhaimhalevi.ordisoftware.com\/wp-content\/uploads\/2021\/04\/Preuve-2019.12.21-200x300.jpg 200w, https:\/\/asherhaimhalevi.ordisoftware.com\/wp-content\/uploads\/2021\/04\/Preuve-2019.12.21-134x200.jpg 134w, https:\/\/asherhaimhalevi.ordisoftware.com\/wp-content\/uploads\/2021\/04\/Preuve-2019.12.21-100x150.jpg 100w, https:\/\/asherhaimhalevi.ordisoftware.com\/wp-content\/uploads\/2021\/04\/Preuve-2019.12.21-400x599.jpg 400w\" sizes=\"(max-width: 600px) 100vw, 600px\" \/><\/p>\n<h4><span id=\"08042020_-_Certificat_medical_attestant_de_mon_etat_traumatise_corporel\">08\/04\/2020 - Certificat m\u00e9dical attestant de mon \u00e9tat traumatis\u00e9 corporel<\/span><\/h4>\n<p>Les comptes rendus radiologiques attestent de l\u00e9sions rachidiennes disons l\u00e9g\u00e8res \u00e0 mod\u00e9r\u00e9es depuis 1984, puis notables \u00e0 importantes depuis 1994, et d\u00e9sormais s\u00e9rieuses \u00e0 graves depuis 2004, telles que scolioses, s\u00e9quelles d'entorses, d\u00e9chirures et nombreux autres termes parfois incompr\u00e9hensibles, qui font que je ne peux ni vraiment marcher ni m\u00eame manipuler d'objets depuis des d\u00e9cennies, et que mon sommeil est de plus en plus compromis \u00e0 chaque l\u00e9sion suppl\u00e9mentaire... tandis que des dizaines de sp\u00e9cialistes rhumatologues, neurologues, r\u00e9\u00e9ducateurs et psychiatres - \u00e0 l'exception d'une poign\u00e9e de docteurs en m\u00e9decine m\u00e9canique - affirment inlassablement et mensong\u00e8rement depuis des ann\u00e9es, et encore m\u00eame \u00e0 ce jour, que la quinzaine de traumatismes corporels subits depuis mon enfance, caus\u00e9s par des tiers humains, n'ont aucune incidence sur ma sant\u00e9 physique, et que mes douleurs et mon impotence proviennent d'un dysfonctionnement de mon cerveau n\u00e9cessitant l'administration de dangereux poisons pouvant \u00eatre mortels ; ce qui correspond \u00e0 l\u2019all\u00e9gation de la Compagnie Mutuelle d'Assurance formul\u00e9e en 2001 qui m'a dit au t\u00e9l\u00e9phone en 2005 que la maintenir \u00e9tait \"une question de cr\u00e9dibilit\u00e9\". L'h\u00f4pital et les kin\u00e9s refusent de soigner mon dos par d\u00e9grippages m\u00e9caniques et mobilisation passive, y compris la majorit\u00e9 des ost\u00e9opathes : la r\u00e9\u00e9ducation dit que mon cas rel\u00e8ve de la ville, la rhumatologie dit que mes douleurs proviennent d'un dysfonctionnement c\u00e9r\u00e9bral, ce qui est un pur mensonge qui nie la r\u00e9alit\u00e9 radiologique ; et un chef de centre anti-douleur a rigol\u00e9 lorsque j'ai dit que j'avais parfois mal \u00e0 15\/10. Ayant \u00e9t\u00e9 diagnostiqu\u00e9 immunod\u00e9prim\u00e9 en 2019 et plac\u00e9 sous immunoglobuline avec une efficacit\u00e9 relevant de la magie oserais-je dire, je ne pr\u00e9sente plus les documents infectieux r\u00e9serv\u00e9s aux experts, m\u00eame si les psychiatres continuent d'affirmer que tout, absolument tout, les faits, les probl\u00e8mes de sant\u00e9, et les preuves, sont une maladie mentale de ma part n\u00e9cessitant une s\u00e9questration pour empoisonnement \u00e0 vie... Concernant les probl\u00e8mes d'audition socio-\u00e9ducatifs et professionnels, \u00e9tant donn\u00e9 les d\u00e9g\u00e2ts cognitifs caus\u00e9s en 2006 et surtout en 2018-2019 par les psychiatres qui affirment donc aussi sans aucune preuve ni t\u00e9moin contre les preuves et les t\u00e9moins ignor\u00e9s des autorit\u00e9s et des juges que ma surdit\u00e9 et ces d\u00e9g\u00e2ts proviennent de cette fameuse maladie mentale, cela n'a publiquement \u00e0 priori plus aucune importance.<\/p>\n<p><img decoding=\"async\" class=\"image-bordered-proof aligncenter wp-image-884 size-full\" src=\"https:\/\/asherhaimhalevi.ordisoftware.com\/wp-content\/uploads\/2021\/04\/Preuve-2020.04.08.jpg\" alt=\"\" width=\"600\" height=\"769\" srcset=\"https:\/\/asherhaimhalevi.ordisoftware.com\/wp-content\/uploads\/2021\/04\/Preuve-2020.04.08.jpg 600w, https:\/\/asherhaimhalevi.ordisoftware.com\/wp-content\/uploads\/2021\/04\/Preuve-2020.04.08-234x300.jpg 234w, https:\/\/asherhaimhalevi.ordisoftware.com\/wp-content\/uploads\/2021\/04\/Preuve-2020.04.08-156x200.jpg 156w, https:\/\/asherhaimhalevi.ordisoftware.com\/wp-content\/uploads\/2021\/04\/Preuve-2020.04.08-117x150.jpg 117w, https:\/\/asherhaimhalevi.ordisoftware.com\/wp-content\/uploads\/2021\/04\/Preuve-2020.04.08-400x513.jpg 400w\" sizes=\"(max-width: 600px) 100vw, 600px\" \/><\/p>\n<h4><span id=\"19052021_-_Demande_etrange_de_la_CPAM_et_reponse\">19\/05\/2021 - Demande \u00e9trange de la CPAM et r\u00e9ponse<\/span><\/h4>\n<p><em><span style=\"font-size: 8pt;\">Les urgences m'ont psychiatris\u00e9, et donc tortur\u00e9 (\u00e7a dure depuis +17 ans en v\u00e9rit\u00e9), alors que je demandais des soins anti-infectieux et locomoteurs, abandonn\u00e9 de tous, fa\u00e7on de parler, estropi\u00e9 dans une chambre entre le lit et la chaise de l'ordinateur, sans donc reparler des voitures, des dentistes et des docteurs au minimum incomp\u00e9tents, et d'un certain chiropracteur, ou de la [censur\u00e9] et [censur\u00e9] et je sais pas qui qui g\u00e8rent \"mal\" ce dossier, au pr\u00e9texte que je d\u00e9lirais parano\u00efaque hypocondriaque, faux-diagnostic des assurances priv\u00e9es et du m\u00e9decin conseil, sans droit de recours \u00e0 ce jour. Mais j'ai finalement \u00e9t\u00e9 diagnostiqu\u00e9 immunod\u00e9prim\u00e9 et plac\u00e9 en Affection de Longue Dur\u00e9e malgr\u00e9 les menaces du psychiatre m'ayant dit que je finirais mes jour \u00e0 [censur\u00e9] parce que je serais un \"criminel\", moi qui suis victime de faits juridiques irr\u00e9futables en plus de 600 pages de preuves que tant le service m\u00e9dical, les pr\u00e9sidents des ordres, les autorit\u00e9s, les procureurs et les magistrats ignorent, me retirant ainsi mes droits fondamentaux, sans parler de la police qui a faillit me tuer... Un juge des libert\u00e9s, malgr\u00e9 la n\u00e9gation des preuves du crime qui perdure depuis des ann\u00e9es, m'a donc lib\u00e9r\u00e9 alors que les psychiatres continuent de mentir \u00e0 mon sujet, mais c'\u00e9tait trop gros, et pourtant ils continuent de mentir en disant que j'invente les infections chroniques comme le fait que tous les radiologues disent que je suis polytraumatis\u00e9 corporel \u00e0 r\u00e9p\u00e9tition (par des tiers humains) depuis 37 ans, et les \"feuillets\" de vos archives comme la maigre pension d'invalidit\u00e9 ne repr\u00e9sentent pas le pr\u00e9judice... Lib\u00e9r\u00e9 avec de graves s\u00e9quelles et tout le monde ici qui refuse de me prodiguer des d\u00e9grippages et de la mobilisation passive en ayant rien \u00e0 faire que je sache la v\u00e9rit\u00e9 sur ma sant\u00e9 et comment r\u00e9parer ce qui est r\u00e9parable. Au moins, les infections, c'est r\u00e9gl\u00e9 avec du colostrum et du ginseng connus depuis l'aube des temps (associ\u00e9s \u00e0 une di\u00e9t\u00e9tique hypoglucidique mod\u00e9r\u00e9e).<\/span><br \/>\n<\/em><\/p>\n<p><img decoding=\"async\" class=\"image-bordered-proof aligncenter wp-image-1781 size-full\" src=\"https:\/\/asherhaimhalevi.ordisoftware.com\/wp-content\/uploads\/2021\/05\/Preuve-2021.05.19.jpg\" alt=\"\" width=\"600\" height=\"849\" srcset=\"https:\/\/asherhaimhalevi.ordisoftware.com\/wp-content\/uploads\/2021\/05\/Preuve-2021.05.19.jpg 600w, https:\/\/asherhaimhalevi.ordisoftware.com\/wp-content\/uploads\/2021\/05\/Preuve-2021.05.19-212x300.jpg 212w, https:\/\/asherhaimhalevi.ordisoftware.com\/wp-content\/uploads\/2021\/05\/Preuve-2021.05.19-141x200.jpg 141w, https:\/\/asherhaimhalevi.ordisoftware.com\/wp-content\/uploads\/2021\/05\/Preuve-2021.05.19-106x150.jpg 106w, https:\/\/asherhaimhalevi.ordisoftware.com\/wp-content\/uploads\/2021\/05\/Preuve-2021.05.19-400x566.jpg 400w\" sizes=\"(max-width: 600px) 100vw, 600px\" \/><\/p>\n<h6>Plus d'informations<\/h6>\n<ul>\n<li><a href=\"https:\/\/asherhaimhalevi.ordisoftware.com\/author\/\">Au sujet de l'auteur<\/a><\/li>\n<li><a href=\"https:\/\/asherhaimhalevi.ordisoftware.com\/author\/testimony\/\">T\u00e9moignage<\/a><\/li>\n<li><a href=\"https:\/\/asherhaimhalevi.ordisoftware.com\/author\/links\/\">Liens sur la sant\u00e9<\/a><\/li>\n<li><a href=\"https:\/\/asherhaimhalevi.ordisoftware.com\/\">Proposition logique pour un monde meilleur<\/a><\/li>\n<li><a href=\"https:\/\/asherhaimhalevi.ordisoftware.com\/logical-proposition\/health-help-justice-theory\/\">Th\u00e9orie de sant\u00e9-aide-justice<\/a><\/li>\n<\/ul>\n<p><img decoding=\"async\" class=\"image-bordered-p aligncenter wp-image-5531 size-full\" src=\"https:\/\/asherhaimhalevi.ordisoftware.com\/wp-content\/uploads\/2022\/11\/Peter_Falk_-_1973.jpg\" alt=\"\" width=\"285\" height=\"320\" srcset=\"https:\/\/asherhaimhalevi.ordisoftware.com\/wp-content\/uploads\/2022\/11\/Peter_Falk_-_1973.jpg 285w, https:\/\/asherhaimhalevi.ordisoftware.com\/wp-content\/uploads\/2022\/11\/Peter_Falk_-_1973-267x300.jpg 267w, https:\/\/asherhaimhalevi.ordisoftware.com\/wp-content\/uploads\/2022\/11\/Peter_Falk_-_1973-178x200.jpg 178w, https:\/\/asherhaimhalevi.ordisoftware.com\/wp-content\/uploads\/2022\/11\/Peter_Falk_-_1973-134x150.jpg 134w\" sizes=\"(max-width: 285px) 100vw, 285px\" \/><\/p>\n<p style=\"text-align: center; margin-top: -15px;\"><span style=\"font-size: 10px;\">Peter Falk 1973 - Public Domain<\/span><\/p>\n<\/p>","protected":false},"excerpt":{"rendered":"<p>Extrait du dossier des preuves d'un grave crime en cours commis en toute impunit\u00e9 par l'organisation m\u00e9dico-sociale et juridique-judiciaire privatis\u00e9e qui dirige les comit\u00e9s territoriaux en France, en Europe et en Nations Unies. <\/p>\n<p><span style=\"color:#333\"> &rarr; <a href=\"https:\/\/asherhaimhalevi.ordisoftware.com\/author\/evidence-files\/\">Lire la suite<\/a><\/span><\/p>\n","protected":false},"author":1,"featured_media":0,"parent":187,"menu_order":10,"comment_status":"closed","ping_status":"closed","template":"","meta":[],"_links":{"self":[{"href":"https:\/\/asherhaimhalevi.ordisoftware.com\/wp-json\/wp\/v2\/pages\/239"}],"collection":[{"href":"https:\/\/asherhaimhalevi.ordisoftware.com\/wp-json\/wp\/v2\/pages"}],"about":[{"href":"https:\/\/asherhaimhalevi.ordisoftware.com\/wp-json\/wp\/v2\/types\/page"}],"author":[{"embeddable":true,"href":"https:\/\/asherhaimhalevi.ordisoftware.com\/wp-json\/wp\/v2\/users\/1"}],"replies":[{"embeddable":true,"href":"https:\/\/asherhaimhalevi.ordisoftware.com\/wp-json\/wp\/v2\/comments?post=239"}],"version-history":[{"count":0,"href":"https:\/\/asherhaimhalevi.ordisoftware.com\/wp-json\/wp\/v2\/pages\/239\/revisions"}],"up":[{"embeddable":true,"href":"https:\/\/asherhaimhalevi.ordisoftware.com\/wp-json\/wp\/v2\/pages\/187"}],"wp:attachment":[{"href":"https:\/\/asherhaimhalevi.ordisoftware.com\/wp-json\/wp\/v2\/media?parent=239"}],"curies":[{"name":"wp","href":"https:\/\/api.w.org\/{rel}","templated":true}]}}