{"id":240,"date":"2021-03-31T21:55:16","date_gmt":"2021-03-31T19:55:16","guid":{"rendered":"https:\/\/asherhaimhalevi.ordisoftware.com\/?page_id=240"},"modified":"2022-11-11T18:28:21","modified_gmt":"2022-11-11T17:28:21","slug":"links","status":"publish","type":"page","link":"https:\/\/asherhaimhalevi.ordisoftware.com\/author\/links\/","title":{"rendered":"Liens sur la sant\u00e9"},"content":{"rendered":"<p style=\"margin-bottom:25px;\"><p><sup><em>Principalement compil\u00e9 en 2006, 2017, 2019 et 2021<\/em><\/sup><br \/>\n<sup><em>Derni\u00e8re mise \u00e0 jour le 31 octobre 2022<br \/>\n<\/em><\/sup><\/p>\n<div style=\"margin-top: 15px;\" id=\"toc_container\" class=\"no_bullets\"><ul class=\"toc_list\"><li><a href=\"#Psychiatrie_et_troubles_du_comportement\">Psychiatrie et troubles du comportement<\/a><\/li><li><a href=\"#Entorses_et_grippages_mecaniques\">Entorses et grippages m\u00e9caniques<\/a><\/li><li><a href=\"#Deficit_immunitaire_et_infections_chroniques\">D\u00e9ficit immunitaire et infections chroniques<\/a><\/li><li><a href=\"#Osteomyelite_et_infections_du_systeme_locomoteur\">Ost\u00e9omy\u00e9lite et infections du syst\u00e8me locomoteur<\/a><\/li><li><a href=\"#Surdite_et_autisme_ou_neuroatypicite_de_type_Asperger\">Surdit\u00e9 et autisme ou neuroatypicit\u00e9 de type Asperger<\/a><\/li><li><a href=\"#Bodybuilding_et_herbologie_chinoise_et_indienne\">Bodybuilding et herbologie chinoise et indienne<\/a><\/li><\/ul><\/div>\n<h3><span id=\"Psychiatrie_et_troubles_du_comportement\">Psychiatrie et troubles du comportement<\/span><\/h3>\n<ul>\n<li><em>Le but de l'Association Internationale de Psychiatrie actuelle<\/em>, et de sa bible nomm\u00e9e <a href=\"https:\/\/fr.wikipedia.org\/wiki\/Manuel_diagnostique_et_statistique_des_troubles_mentaux\" target=\"_blank\" rel=\"noopener\">DSM<\/a> qui n'est pas scientifique, qui est pr\u00e9vue pour un usage essentiellement malveillant, et qui dicte la marche des comit\u00e9s des nations du monde et des groupes de pens\u00e9e qui s'y soumettent, est d'opprimer, empoisonner, faire taire, torturer, d\u00e9truire et tuer des victimes et des personnes qui d\u00e9rangent au m\u00eame titre que des d\u00e9linquants et des criminels, afin notamment de gagner de l'argent. Ceci est un fait juridique incontestable, mais r\u00e9prim\u00e9, qui est de notori\u00e9t\u00e9 publique et qui est facilement v\u00e9rifiable via n'importe quel moyen de communication de la g\u00e9n\u00e9ration et dans les archives m\u00e9dicales et juridiques des administrations dirigeantes, ainsi que dans n'importe quelle librairie sp\u00e9cialis\u00e9e et biblioth\u00e8que universitaire publique ou priv\u00e9e et la majorit\u00e9 des dossiers m\u00e9dicaux et judiciaires.<br \/>\n<a href=\"https:\/\/fr.wikipedia.org\/wiki\/Psychiatrie\" target=\"_blank\" rel=\"noopener\">fr.wikipedia.org\/wiki\/Psychiatrie<\/a><br \/>\n<a href=\"https:\/\/fr.wikipedia.org\/wiki\/Trouble_psychique\" target=\"_blank\" rel=\"noopener\">fr.wikipedia.org\/wiki\/Trouble_psychique<\/a><br \/>\n<a href=\"https:\/\/fr.wikipedia.org\/wiki\/Trouble_de_la_personnalit\u00e9_antisociale\" target=\"_blank\" rel=\"noopener\">fr.wikipedia.org\/wiki\/Trouble_de_la_personnalit\u00e9_antisociale<\/a><br \/>\n<a href=\"https:\/\/fr.wikipedia.org\/wiki\/Psychopathie\" target=\"_blank\" rel=\"noopener\">fr.wikipedia.org\/wiki\/Psychopathie<\/a><br \/>\n<a href=\"https:\/\/en.wikipedia.org\/wiki\/Psychopathy_Checklist\" target=\"_blank\" rel=\"noopener\">en.wikipedia.org\/wiki\/Psychopathy_Checklist<\/a><\/li>\n<\/ul>\n<ul>\n<li><em>En d'autres termes, cette psychiatrie est une abominable escroquerie criminelle de masse<\/em>, qui permet de se d\u00e9barrasser de n'importe qui sur une simple signature, fa\u00e7on de parler, y compris d'un psychiatre ou d'un pr\u00e9sident et d'un chef des arm\u00e9es, qui va par exemple jusqu'\u00e0 pr\u00e9tendre sans recours possible durant des d\u00e9cennies voire toute une vie, \u00e0 l'aide de juges et de hauts-dirigeants, ainsi que des forces de l'ordre et de secours, que des entorses et des infections ainsi qu'une surdit\u00e9 et un d\u00e9ficit immunitaire sont un d\u00e9lire et n'existent pas malgr\u00e9 l'irr\u00e9futabilit\u00e9 des faits, des preuves et des t\u00e9moins qui sont ni\u00e9s, et que les effets ind\u00e9sirables de m\u00e9dicaments et de crimes sont une maladie mentale, des victimes ou des coupables y s'en fichent, y compris m\u00eame le simple rhume ou un vaccin, et que face \u00e0 ce qui est \u00e9valu\u00e9 comme un danger il faut agir afin de brutalement et irr\u00e9versiblement \u00e9liminer la menace, l'\u00eatre humain, sans m\u00eame consid\u00e9rer la probl\u00e9matique et les preuves des faits juridiques pour apporter des solutions bienveillantes, adapt\u00e9es, s\u00fbres et efficaces. Ainsi<span data-offset-key=\"68vo5-0-0\">, j'affirme, <a href=\"https:\/\/asherhaimhalevi.ordisoftware.com\/author\/testimony\/\">\u00e9tant victime<\/a> depuis tout petit, et pour avoir <a href=\"https:\/\/asherhaimhalevi.ordisoftware.com\/author\/evidence-files\/\">enqu\u00eat\u00e9<\/a> durant environ 15 ans, que le r\u00f4le de la <\/span><span data-offset-key=\"68vo5-1-0\">psychiatrie<\/span><span data-offset-key=\"68vo5-2-0\"> actuelle qui n'admet aucune erreur est, au-del\u00e0 de l'argent, du plaisir, du pouvoir et de la politique ou autre, de prot\u00e9ger les grands m\u00e9chants des petits m\u00e9chants et des victimes et des opposants aux <a href=\"https:\/\/asherhaimhalevi.ordisoftware.com\/logical-proposition\/health-help-justice-theory\/\">m\u00e9thodes<\/a> des <a href=\"https:\/\/asherhaimhalevi.ordisoftware.com\/logical-proposition\/\">comit\u00e9s de direction<\/a> qui sont actuellement ill\u00e9galement et anticonstitutionnellement privatis\u00e9s et qui dirigent l'\u00c9tat subs\u00e9quemment en conflit d'int\u00e9r\u00eat avec le reste du peuple.<br \/>\n<a href=\"https:\/\/www.idrlabs.com\/fr\/psychopathy\/test.php\" target=\"_blank\" rel=\"noopener\">www.idrlabs.com\/fr\/psychopathy\/test.php<\/a><br \/>\n<\/span><a href=\"https:\/\/www.idrlabs.com\/fr\/spectre-de-la-psychopathie\/test.php\" target=\"_blank\" rel=\"noopener\">www.idrlabs.com\/fr\/spectre-de-la-psychopathie\/test.php<\/a><\/li>\n<\/ul>\n<ul>\n<li><em>Les neuroleptiques pour le d\u00e9lire comme les benzodiaz\u00e9pines pour l'anxi\u00e9t\u00e9 et les antid\u00e9presseurs pour le d\u00e9sespoir<\/em> sont les trois \"classes de poisons de synth\u00e8se\" formant le socle de cette bible tant arbitraire et subjective que dictatoriale et anti-scientifique de la religion psychiatrique : ces choses nuisibles et mortelles administr\u00e9es g\u00e9n\u00e9ralement sans recours possibles sur des humains, sinon par abus de confiance et d'ignorance, sont ill\u00e9gales selon la loi en vigueur en France et selon la D\u00e9claration Universelle des Droits des Humains ainsi que selon quantit\u00e9 d'autres lois dans le monde qui les nomment substances dangereuses passibles de prison et d'amendes voire de poursuites pour homicide ou pour crime contre l'humanit\u00e9. Pourtant mises au point contre la population par les laboratoires sur commande des \u00c9tats, pour usage par les forces de l'ordre ainsi que par les organisations m\u00e9dico-sociales et juridiques-judiciaires privatis\u00e9es et donc hors-la-loi depuis plus d'un demi \u00e0 un si\u00e8cle, pour ne pas dire depuis l'aube de la R\u00e9publique, ces substances ne sont en simplifi\u00e9 que des insecticides pour humains sans effet th\u00e9rapeutique, qui d'apr\u00e8s les nomenclatures des laboratoires eux-m\u00eames et d'apr\u00e8s les \u00e9tudes ind\u00e9pendantes font taire et mourir dans d'atroces souffrances irr\u00e9versibles avec de tr\u00e8s grand risques sanitaires pour l'esp\u00e8ce elle-m\u00eame y compris via les r\u00e9sidus dans l'eau, en plus des autres toxiques tels que les plastiques et les pesticides. Mais c'est le rapport qualit\u00e9-nuisance \u00e0 court-terme pour certains cas ponctuels que recherche les autorit\u00e9s originelles qui commandent la r\u00e9alisation de ces choses et qui questionn\u00e9es r\u00e9pondent ne pas \u00eatre docteurs, que ce soit par facilit\u00e9 ou par m\u00e9chancet\u00e9 : ainsi au lieu d'\u00e9tudier un probl\u00e8me et de trouver de bonnes solutions non nuisibles afin de le prendre en charge, on se d\u00e9barrasse des victimes, car ce ne sont finalement que des armes chimiques anti-citoyens.<\/li>\n<\/ul>\n<ul>\n<li><em><span class=\"css-901oao css-16my406 r-poiln3 r-bcqeeo r-qvutc0\">Les syndromes parkinsoniens : la maladie de Parkinson diff\u00e8re d'un malade \u00e0 un autre, et notamment les neuroleptiques peuvent en \u00eatre la cause<br \/>\n<\/span><\/em><a href=\"https:\/\/www.franceparkinson.fr\/la-maladie\/evolution-maladie\/syndromes-parkinsoniens\/\" target=\"_blank\" rel=\"noopener\">www.franceparkinson.fr\/...\/syndromes-parkinsoniens<\/a><\/li>\n<\/ul>\n<ul>\n<li><em>La placenta animal aide \u00e0 r\u00e9g\u00e9n\u00e9rer de nombreux tissus et organes, depuis le syst\u00e8me locomoteur et visc\u00e9ral jusqu'au cerveau<br \/>\n<\/em><a href=\"https:\/\/en.wikipedia.org\/wiki\/Placentophagy\" target=\"_blank\" rel=\"noopener\">en.wikipedia.org\/wiki\/Placentophagy<\/a><br \/>\n<a href=\"https:\/\/theconversation.com\/no-you-shouldnt-eat-your-placenta-heres-why-86405\" target=\"_blank\" rel=\"noopener\">theconversation.com\/no-you-shouldnt-eat-your-placenta-heres-why-86405<\/a><br \/>\n<a href=\"https:\/\/www.ncbi.nlm.nih.gov\/pmc\/articles\/PMC7765311\/\" target=\"_blank\" rel=\"noopener\">www.ncbi.nlm.nih.gov\/pmc\/articles\/PMC7765311<\/a><br \/>\n<a href=\"https:\/\/www.ncbi.nlm.nih.gov\/pmc\/articles\/PMC4580132\/\" target=\"_blank\" rel=\"noopener\">www.ncbi.nlm.nih.gov\/pmc\/articles\/PMC4580132<\/a><br \/>\n<a href=\"https:\/\/www.ncbi.nlm.nih.gov\/pmc\/articles\/PMC6337385\/\" target=\"_blank\" rel=\"noopener\">www.ncbi.nlm.nih.gov\/pmc\/articles\/PMC6337385<\/a><br \/>\n<a href=\"https:\/\/www.ncbi.nlm.nih.gov\/pmc\/articles\/PMC5822788\/\" target=\"_blank\" rel=\"noopener\">www.ncbi.nlm.nih.gov\/pmc\/articles\/PMC5822788<\/a><br \/>\n<a href=\"https:\/\/www.ncbi.nlm.nih.gov\/pmc\/articles\/PMC6434480\/\" target=\"_blank\" rel=\"noopener\">www.ncbi.nlm.nih.gov\/pmc\/articles\/PMC6434480<\/a><br \/>\n<a href=\"https:\/\/www.ncbi.nlm.nih.gov\/pmc\/articles\/PMC6549167\/\" target=\"_blank\" rel=\"noopener\">www.ncbi.nlm.nih.gov\/pmc\/articles\/PMC6549167<\/a><\/li>\n<\/ul>\n<ul>\n<li><em>L'association de polygonatum, de polygala, de poria, de reishi, d'asparagus, de fleurs d'albizia, de poudre d'ambre et de poudre de perle aide \u00e0 surmonter le stress et \u00e0 maintenir un mental fort<\/em><br \/>\n<a href=\"https:\/\/www.dragonherbs.com\/pearl-shen.html\" target=\"_blank\" rel=\"noopener\">www.dragonherbs.com\/pearl-shen.html<\/a><br \/>\n<a href=\"https:\/\/www.ncbi.nlm.nih.gov\/pmc\/articles\/PMC8197316\/\" target=\"_blank\" rel=\"noopener\">www.ncbi.nlm.nih.gov\/pmc\/articles\/PMC8197316<\/a><br \/>\n<a href=\"https:\/\/www.ncbi.nlm.nih.gov\/pmc\/articles\/PMC9445187\/\" target=\"_blank\" rel=\"noopener\">www.ncbi.nlm.nih.gov\/pmc\/articles\/PMC9445187<\/a><br \/>\n<a href=\"https:\/\/www.ncbi.nlm.nih.gov\/pmc\/articles\/PMC9332669\/\" target=\"_blank\" rel=\"noopener\">www.ncbi.nlm.nih.gov\/pmc\/articles\/PMC9332669<\/a><br \/>\n<a href=\"https:\/\/www.ncbi.nlm.nih.gov\/pmc\/articles\/PMC7688355\/\" target=\"_blank\" rel=\"noopener\">www.ncbi.nlm.nih.gov\/pmc\/articles\/PMC7688355<\/a><\/li>\n<\/ul>\n<h3><span id=\"Entorses_et_grippages_mecaniques\">Entorses et grippages m\u00e9caniques<\/span><\/h3>\n<ul>\n<li><em>Entorse articulaire<\/em><br \/>\n<a href=\"https:\/\/fr.wikipedia.org\/wiki\/Entorse_(m%C3%A9decine)\" target=\"_blank\" rel=\"noopener\">fr.wikipedia.org\/wiki\/Entorse_(m\u00e9decine)<\/a><\/li>\n<\/ul>\n<blockquote><p>L'entorse est un traumatisme des ligaments occasionn\u00e9 par une mobilisation excessive d'une articulation. Lors d'une entorse, le ligament est en g\u00e9n\u00e9ral \u00e9tir\u00e9 ou distendu, mais il peut \u00eatre \u00e9galement d\u00e9chir\u00e9, avec des complications li\u00e9es \u00e0 des arrachements osseux.<\/p><\/blockquote>\n<ul>\n<li><em>D\u00e9chirure musculaire<\/em><br \/>\n<a href=\"https:\/\/fr.wikipedia.org\/wiki\/D%C3%A9chirure_musculaire\" target=\"_blank\" rel=\"noopener\">fr.wikipedia.org\/wiki\/D\u00e9chirure_musculaire<\/a><\/li>\n<\/ul>\n<blockquote><p>La d\u00e9chirure musculaire correspond \u00e0 l'\u00e9longation traumatique d'un muscle avec destruction d'une ou plusieurs fibres musculaires et \u00e9ventuellement de tendons.<\/p><\/blockquote>\n<ul>\n<li><em>Th\u00e9rapie manuelle<br \/>\n<\/em><a href=\"https:\/\/en.wikipedia.org\/wiki\/Manual_therapy\" target=\"_blank\" rel=\"noopener\">en.wikipedia.org\/wiki\/Manual_therapy<\/a><\/li>\n<\/ul>\n<blockquote><p>Approche clinique utilisant des techniques pratiques sp\u00e9cifiques, y compris, mais sans s'y limiter, la manipulation-mobilisation, utilis\u00e9es pour diagnostiquer et traiter les tissus mous et les structures articulaires dans le but de\u00a0: moduler la douleur ; augmenter l'amplitude de mouvement ; r\u00e9duire ou \u00e9liminer l'inflammation des tissus mous ; induire la relaxation ; am\u00e9liorer la r\u00e9paration, l'extensibilit\u00e9 et\/ou la stabilit\u00e9 des tissus contractiles et non contractiles ; faciliter le mouvement ; et am\u00e9liorer la fonction.<\/p><\/blockquote>\n<ul>\n<li><i>Soci\u00e9t\u00e9 Fran\u00e7aise de M\u00e9decine M\u00e9canique<\/i><br \/>\n<a href=\"http:\/\/sfmm.fr\/\" target=\"_blank\" rel=\"nofollow noopener\">sfmm.fr<\/a><\/li>\n<\/ul>\n<blockquote><p>La M\u00e9decine M\u00e9canique est la m\u00e9decine du d\u00e9pannage articulaire et p\u00e9riarticulaire, des vert\u00e8bres comme des articulations p\u00e9riph\u00e9riques. Gr\u00e2ce \u00e0 ce d\u00e9pannage articulaire, elle va pouvoir traiter de multiples probl\u00e8mes, bien au-del\u00e0 des simples douleurs articulaires.<\/p><\/blockquote>\n<h3><span id=\"Deficit_immunitaire_et_infections_chroniques\">D\u00e9ficit immunitaire et infections chroniques<\/span><\/h3>\n<ul>\n<li><em>Un d\u00e9ficit immunitaire, immunod\u00e9ficience (IMD), immunod\u00e9pression, est une situation pathologique li\u00e9e \u00e0 l'insuffisance d'une ou de plusieurs fonctions immunologiques. On parle aussi de dysfonctionnement immunitaire<\/em><br \/>\n<a href=\"https:\/\/fr.wikipedia.org\/wiki\/Immunod%C3%A9ficience\" target=\"_blank\" rel=\"noopener\">fr.wikipedia.org\/wiki\/Immunod\u00e9ficience<\/a><\/li>\n<\/ul>\n<ul>\n<li><i>D\u00e9ficits Immunitaire Commun Variable<\/i><br \/>\n<a href=\"http:\/\/primaryimmune.org\/wp-content\/uploads\/2011\/04\/Deficits-Immunitaire-Commun-Variable.pdf\" target=\"_blank\" rel=\"nofollow noopener\">primaryimmune.org\/...\/Deficits-Immunitaire-Commun-Variable.pdf<\/a><\/li>\n<\/ul>\n<ul>\n<li><i>Le D\u00e9ficit Immunitaire Primitif<\/i><br \/>\n<a href=\"http:\/\/www.associationiris.org\/webuploads\/download\/200\/%20DIP%20PATIENT%20A5%20030409.pdf\" target=\"_blank\" rel=\"nofollow noopener\">www.associationiris.org\/...\/ DIP PATIENT A5 030409.pdf<\/a><\/li>\n<\/ul>\n<ul>\n<li><i>Pr\u00e9sentation des d\u00e9ficits immunitaires<\/i><br \/>\n<a href=\"http:\/\/www.msdmanuals.com\/fr\/accueil\/troubles-immunitaires\/d%C3%A9ficits-immunitaires\/pr%C3%A9sentation-des-d%C3%A9ficits-immunitaires\" target=\"_blank\" rel=\"nofollow noopener\">www.msdmanuals.com\/fr\/...\/pr\u00e9sentation-des-d\u00e9ficits-immunitaires<\/a><\/li>\n<\/ul>\n<ul>\n<li><i>\u00c9voquer et diagnostiquer un d\u00e9ficit immunitaire h\u00e9r\u00e9ditaire<\/i><br \/>\n<a href=\"http:\/\/pap-pediatrie.fr\/hematologie\/evoquer-et-diagnostiquer-un-deficit-immunitaire-hereditaire\" target=\"_blank\" rel=\"nofollow noopener\">pap-pediatrie.fr\/...\/evoquer-et-diagnostiquer-un-deficit-immunitaire-hereditaire<\/a><\/li>\n<\/ul>\n<ul>\n<li><i>D\u00e9ficit immunitaire : l'enfant immunod\u00e9prim\u00e9<\/i><br \/>\n<a href=\"http:\/\/www.tousalecole.fr\/content\/d%C3%A9ficit-immunitaire-lenfant-immunod%C3%A9prim%C3%A9\" target=\"_blank\" rel=\"nofollow noopener\">www.tousalecole.fr\/...\/d\u00e9ficit-immunitaire-lenfant-immunod\u00e9prim\u00e9<\/a><\/li>\n<\/ul>\n<ul>\n<li><i>Immunoth\u00e9rapie<\/i><br \/>\n<a href=\"http:\/\/isis-perfusion.fr\/immunotherapie.html\" target=\"_blank\" rel=\"nofollow noopener\">isis-perfusion.fr\/immunotherapie.html<\/a><\/li>\n<\/ul>\n<ul>\n<li><em>Bovine Colostrum: Its Constituents and Uses<br \/>\n<\/em><a href=\"https:\/\/www.ncbi.nlm.nih.gov\/pmc\/articles\/PMC7831509\/\" target=\"_blank\" rel=\"noopener\">www.ncbi.nlm.nih.gov\/pmc\/articles\/PMC7831509<\/a><em><br \/>\n<\/em><\/li>\n<\/ul>\n<ul>\n<li><em>Le laurier noble, notamment en huile essentielle pour bains de bouche, ainsi que dans une moindre mesure l'huile en savon pour la peau et les cheveux, et en g\u00e9lules de poudre, est efficace contre les moisissures notament noires et contre les bact\u00e9ries, m\u00eame r\u00e9sistantes aux m\u00e9dicaments de synth\u00e8se et aux autres plantes<\/em><br \/>\n<a href=\"https:\/\/pubmed.ncbi.nlm.nih.gov\/27771586\/\" target=\"_blank\" rel=\"noopener\">pubmed.ncbi.nlm.nih.gov\/27771586<\/a><br \/>\n<a href=\"https:\/\/www.ncbi.nlm.nih.gov\/pmc\/articles\/PMC7132657\/\" target=\"_blank\" rel=\"noopener\">www.ncbi.nlm.nih.gov\/pmc\/articles\/PMC7132657<\/a><br \/>\n<a href=\"https:\/\/www.ncbi.nlm.nih.gov\/pmc\/articles\/PMC7152419\/\" target=\"_blank\" rel=\"noopener\">www.ncbi.nlm.nih.gov\/pmc\/articles\/PMC7152419<\/a><br \/>\n<a href=\"https:\/\/www.ncbi.nlm.nih.gov\/pmc\/articles\/PMC7500775\/\" target=\"_blank\" rel=\"noopener\">www.ncbi.nlm.nih.gov\/pmc\/articles\/PMC7500775<\/a><br \/>\n<a href=\"https:\/\/www.passeportsante.net\/fr\/Solutions\/HuilesEssentielles\/Fiche.aspx?doc=conseils-huiles-essentielles-mycoses\" target=\"_blank\" rel=\"noopener\">www.passeportsante.net\/...\/conseils-huiles-essentielles-mycoses<\/a><br \/>\n<a href=\"https:\/\/www.compagnie-des-sens.fr\/huile-essentielle-laurier-noble\/\" target=\"_blank\" rel=\"noopener\">www.compagnie-des-sens.fr\/huile-essentielle-laurier-noble<\/a><br \/>\n<a href=\"https:\/\/www.compagnie-des-sens.fr\/hydrolat-laurier-noble\/\" target=\"_blank\" rel=\"noopener\">www.compagnie-des-sens.fr\/hydrolat-laurier-noble<\/a><\/li>\n<\/ul>\n<ul>\n<li><em>Le lomatium est un puissant antimicrobien<br \/>\n<\/em><a href=\"https:\/\/www.phytomed.co.nz\/site\/phytomed\/Lomatium%20Herb%20Profile.pdf\" target=\"_blank\" rel=\"noopener\">www.phytomed.co.nz\/site\/phytomed\/Lomatium%20Herb%20Profile.pdf<\/a><\/li>\n<\/ul>\n<ul>\n<li><em>Le guggulu est un puissant antimicrobien et un anti-inflammatoire<br \/>\n<\/em><a href=\"https:\/\/www.ncbi.nlm.nih.gov\/pmc\/articles\/PMC4637499\/\" target=\"_blank\" rel=\"noopener\">www.ncbi.nlm.nih.gov\/pmc\/articles\/PMC4637499<\/a><\/li>\n<\/ul>\n<ul>\n<li><em>Le guduchi est un notamment un antimicrobien, un anti-inflammatoire, un immunomodulateur, un antidiab\u00e9tique, un anticanc\u00e9reux, un antiallergique, un anti-stress, un h\u00e9patoprotecteur, un cardioprotecteur, un analg\u00e9sique, etc.<br \/>\n<\/em><a href=\"https:\/\/www.ncbi.nlm.nih.gov\/pmc\/articles\/PMC3644751\/\" target=\"_blank\" rel=\"noopener\">www.ncbi.nlm.nih.gov\/pmc\/articles\/PMC3644751<\/a><br \/>\n<a href=\"https:\/\/www.ncbi.nlm.nih.gov\/pmc\/articles\/PMC2924974\/\" target=\"_blank\" rel=\"noopener\">www.ncbi.nlm.nih.gov\/pmc\/articles\/PMC2924974<\/a><br \/>\n<a href=\"https:\/\/www.ncbi.nlm.nih.gov\/pmc\/articles\/PMC4190733\/\" target=\"_blank\" rel=\"noopener\">www.ncbi.nlm.nih.gov\/pmc\/articles\/PMC4190733<\/a><br \/>\n<a href=\"https:\/\/www.ncbi.nlm.nih.gov\/pmc\/articles\/PMC4213960\/\" target=\"_blank\" rel=\"noopener\">www.ncbi.nlm.nih.gov\/pmc\/articles\/PMC4213960<\/a><br \/>\n<a href=\"http:\/\/www.eurekaselect.com\/article\/82064\" target=\"_blank\" rel=\"noopener\">www.eurekaselect.com\/article\/82064<\/a><\/li>\n<\/ul>\n<ul>\n<li><em>La gomme mastic est un notamment anti-inflammatoire et antimicrobien de l'estomac r\u00e9duisant \u00e9galement l'acidit\u00e9 gastrique<br \/>\n<\/em><a href=\"https:\/\/www.ncbi.nlm.nih.gov\/pmc\/articles\/PMC8838553\/\" target=\"_blank\" rel=\"noopener\">www.ncbi.nlm.nih.gov\/pmc\/articles\/PMC8838553<\/a><br \/>\n<a href=\"https:\/\/www.ncbi.nlm.nih.gov\/pmc\/articles\/PMC3127998\/\" target=\"_blank\" rel=\"noopener\">www.ncbi.nlm.nih.gov\/pmc\/articles\/PMC3127998<\/a><em><br \/>\n<\/em><a href=\"https:\/\/www.ncbi.nlm.nih.gov\/pmc\/articles\/PMC1797732\/\" target=\"_blank\" rel=\"noopener\">www.ncbi.nlm.nih.gov\/pmc\/articles\/PMC1797732<\/a><em><br \/>\n<\/em><a href=\"https:\/\/pubmed.ncbi.nlm.nih.gov\/32092498\/\" target=\"_blank\" rel=\"noopener\">pubmed.ncbi.nlm.nih.gov\/32092498<\/a><\/li>\n<\/ul>\n<ul>\n<li><em>Le ginseng est probablement une des plantes la plus connue et la plus utilis\u00e9e au monde et ses vertus sont encore plus vastes que le guduchi<\/em><br \/>\n<a href=\"https:\/\/www.ncbi.nlm.nih.gov\/books\/NBK92776\/\" target=\"_blank\" rel=\"noopener\">www.ncbi.nlm.nih.gov\/books\/NBK92776<\/a><br \/>\n<a href=\"https:\/\/www.ncbi.nlm.nih.gov\/pmc\/articles\/PMC3659622\/\" target=\"_blank\" rel=\"noopener\">www.ncbi.nlm.nih.gov\/pmc\/articles\/PMC3659622<\/a><br \/>\n<a href=\"https:\/\/www.ncbi.nlm.nih.gov\/pmc\/articles\/PMC6026386\/\" target=\"_blank\" rel=\"noopener\">www.ncbi.nlm.nih.gov\/pmc\/articles\/PMC6026386<\/a><br \/>\n<a href=\"https:\/\/www.aafp.org\/pubs\/afp\/issues\/2003\/1015\/p1539.html\" target=\"_blank\" rel=\"noopener\">www.aafp.org\/pubs\/afp\/issues\/2003\/1015\/p1539.html<\/a><\/li>\n<\/ul>\n<ul>\n<li><em>L'astragale est \u00e9galement une plante puissante notamment combin\u00e9e au ginseng<\/em><br \/>\n<a href=\"https:\/\/www.ncbi.nlm.nih.gov\/pmc\/articles\/PMC7105737\/\" target=\"_blank\" rel=\"noopener\">www.ncbi.nlm.nih.gov\/pmc\/articles\/PMC7105737<\/a><br \/>\n<a href=\"https:\/\/www.ncbi.nlm.nih.gov\/pmc\/articles\/PMC5758356\/\" target=\"_blank\" rel=\"noopener\">www.ncbi.nlm.nih.gov\/pmc\/articles\/PMC5758356<\/a><br \/>\n<a href=\"https:\/\/www.ncbi.nlm.nih.gov\/pmc\/articles\/PMC6270929\/\" target=\"_blank\" rel=\"noopener\">www.ncbi.nlm.nih.gov\/pmc\/articles\/PMC6270929<\/a><br \/>\n<a href=\"https:\/\/www.ncbi.nlm.nih.gov\/pmc\/articles\/PMC6514605\/\" target=\"_blank\" rel=\"noopener\">www.ncbi.nlm.nih.gov\/pmc\/articles\/PMC6514605<\/a><br \/>\n<a href=\"https:\/\/www.ncbi.nlm.nih.gov\/pmc\/articles\/PMC6268577\/\" target=\"_blank\" rel=\"noopener\">www.ncbi.nlm.nih.gov\/pmc\/articles\/PMC6268577<\/a><br \/>\n<a href=\"https:\/\/www.ncbi.nlm.nih.gov\/pmc\/articles\/PMC2766712\/\" target=\"_blank\" rel=\"noopener\">www.ncbi.nlm.nih.gov\/pmc\/articles\/PMC2766712<\/a><br \/>\n<a href=\"https:\/\/www.ncbi.nlm.nih.gov\/pmc\/articles\/PMC9028211\/\" target=\"_blank\" rel=\"noopener\">www.ncbi.nlm.nih.gov\/pmc\/articles\/PMC9028211<\/a><br \/>\n<a href=\"https:\/\/www.ncbi.nlm.nih.gov\/pmc\/articles\/PMC5877661\/\" target=\"_blank\" rel=\"noopener\">www.ncbi.nlm.nih.gov\/pmc\/articles\/PMC5877661<\/a><br \/>\n<a href=\"https:\/\/www.ncbi.nlm.nih.gov\/pmc\/articles\/PMC8964346\/\" target=\"_blank\" rel=\"noopener\">www.ncbi.nlm.nih.gov\/pmc\/articles\/PMC8964346<\/a><br \/>\n<a href=\"https:\/\/www.ncbi.nlm.nih.gov\/pmc\/articles\/PMC7103437\/\" target=\"_blank\" rel=\"noopener\">www.ncbi.nlm.nih.gov\/pmc\/articles\/PMC7103437<\/a><br \/>\n<a href=\"https:\/\/www.ncbi.nlm.nih.gov\/pmc\/articles\/PMC3711077\/\" target=\"_blank\" rel=\"noopener\">www.ncbi.nlm.nih.gov\/pmc\/articles\/PMC3711077<\/a><br \/>\n<a href=\"https:\/\/www.worldscientific.com\/doi\/10.1142\/S0192415X16500014\" target=\"_blank\" rel=\"noopener\">www.worldscientific.com\/doi\/10.1142\/S0192415X16500014<\/a><br \/>\n<a href=\"https:\/\/www.sciencedirect.com\/science\/article\/abs\/pii\/S0944711319302429\" target=\"_blank\" rel=\"noopener\">www.sciencedirect.com\/science\/article\/abs\/pii\/S0944711319302429<\/a><\/li>\n<\/ul>\n<h3><span id=\"Osteomyelite_et_infections_du_systeme_locomoteur\">Ost\u00e9omy\u00e9lite et infections du syst\u00e8me locomoteur<\/span><\/h3>\n<ul>\n<li><em>L\u2019ost\u00e9omy\u00e9lite h\u00e9matog\u00e8ne est une infection osseuse due \u00e0 un germe qui atteint l'os par voie sanguine<\/em><br \/>\n<a href=\"https:\/\/fr.wikipedia.org\/wiki\/Ost%C3%A9omy%C3%A9lite\" target=\"_blank\" rel=\"noopener\">fr.wikipedia.org\/wiki\/Ost\u00e9omy\u00e9lite<\/a><\/li>\n<\/ul>\n<ul>\n<li><i>Ost\u00e9omy\u00e9lites chroniques<\/i><br \/>\n<a href=\"http:\/\/oer.uclouvain.be\/jspui\/bitstream\/123456789\/245\/1\/Olivier%20Cornu_Ost%C3%A9omyelite%20Chronique.pdf\" target=\"_blank\" rel=\"nofollow noopener\">oer.uclouvain.be\/...\/Olivier Cornu_Ost\u00e9omyelite Chronique.pdf<\/a><\/li>\n<\/ul>\n<ul>\n<li><i>Infections Osseuses : d\u00e9finition, incidence, gravit\u00e9<\/i><br \/>\n<a href=\"http:\/\/www.infectiologie.com\/UserFiles\/File\/medias\/enseignement\/infection-osseuse\/IOA-EYROLLE-Cochin2008.pdf\" target=\"_blank\" rel=\"nofollow noopener\">www.infectiologie.com\/...\/IOA-EYROLLE-Cochin2008.pdf<\/a><\/li>\n<\/ul>\n<ul>\n<li><i>Ost\u00e9omy\u00e9lite chronique primaire de la mandibule<\/i><br \/>\n<a href=\"http:\/\/www.sso.ch\/fileadmin\/upload_sso\/2_Zahnaerzte\/2_SDJ\/SDJ_2015\/SDJ_1_2015\/SDJ_2015-01_praxis_F.pdf\" target=\"_blank\" rel=\"nofollow noopener\">www.sso.ch\/...\/SDJ_2015-01_praxis_F.pdf<\/a><\/li>\n<\/ul>\n<ul>\n<li><i>Ost\u00e9omy\u00e9lite des os plats du cr\u00e2ne cons\u00e9cutive aux otites et sinusites suppur\u00e9es<\/i><br \/>\n<a href=\"https:\/\/gallica.bnf.fr\/ark:\/12148\/bpt6k56501480.texteImage\" target=\"_blank\" rel=\"nofollow noopener\">gallica.bnf.fr\/...\/bpt6k56501480.texteImage<\/a><\/li>\n<\/ul>\n<ul>\n<li><i>Ost\u00e9ite de la base du cr\u00e2ne<\/i><br \/>\n<a href=\"http:\/\/www.em-consulte.com\/en\/article\/679002\" target=\"_blank\" rel=\"nofollow noopener\">www.em-consulte.com\/en\/article\/679002<\/a><\/li>\n<\/ul>\n<ul>\n<li><i>\u00c9tat des lieux des ost\u00e9omy\u00e9lites h\u00e9matog\u00e8nes de l'enfant et de l'adulte \u00e0 Mayotte<\/i><br \/>\n<a href=\"https:\/\/dumas.ccsd.cnrs.fr\/dumas-02494734\/document\" target=\"_blank\" rel=\"noopener\">dumas.ccsd.cnrs.fr\/dumas-02494734\/document<\/a><\/li>\n<\/ul>\n<ul>\n<li><em>Ost\u00e9omy\u00e9lite : Sympt\u00f4mes, causes et traitement<\/em><br \/>\n<a href=\"https:\/\/www.culture-ic.com\/osteomyelite-symptomes-causes-et-traitement\/\" target=\"_blank\" rel=\"noopener\">www.culture-ic.com\/osteomyelite-symptomes-causes-et-traitement<\/a><\/li>\n<\/ul>\n<ul>\n<li><em>Ost\u00e9ite : une inflammation osseuse secondaire \u00e0 une infection<\/em><br \/>\n<a href=\"https:\/\/asherhaimhalevi.ordisoftware.com\/blog\/2022\/01\/nouvelle-carte-de-visite-2022\/\" target=\"_blank\" rel=\"noopener\">www.concilio.com\/rhumatologie-pathologies-de-l-os-et-du-cartilage-osteite<\/a><\/li>\n<\/ul>\n<ul>\n<li><em>L\u2019ost\u00e9omy\u00e9lite (et la spondylodiscite) est une infection de l\u2019os g\u00e9n\u00e9ralement provoqu\u00e9e par des bact\u00e9ries, des mycobact\u00e9ries ou des champignons.<\/em><br \/>\n<a href=\"https:\/\/www.msdmanuals.com\/fr\/accueil\/troubles-osseux,-articulaires-et-musculaires\/infections-de-l-os-et-des-articulations\/ost%C3%A9omy%C3%A9lite\" target=\"_blank\" rel=\"noopener\">www.msdmanuals.com\/fr\/accueil\/ost\u00e9omy\u00e9lite<\/a><\/li>\n<\/ul>\n<ul>\n<li>\n<div class=\"topic__explanation\"><em>L'ost\u00e9omy\u00e9lite (aigu\u00eb, vert\u00e9brale, chronique) est l'inflammation et la destruction des os dues \u00e0 des bact\u00e9ries, des mycobact\u00e9ries ou des champignons. Les sympt\u00f4mes habituels sont des douleurs osseuses localis\u00e9es avec des sympt\u00f4mes g\u00e9n\u00e9raux (en cas d'ost\u00e9omy\u00e9lite aigu\u00eb), mais sans sympt\u00f4mes g\u00e9n\u00e9raux (en cas d'ost\u00e9omy\u00e9lite chronique). Le diagnostic repose sur l'imagerie et les cultures. Le traitement repose sur les antibiotiques et parfois la chirurgie.<\/em><br \/>\n<a href=\"https:\/\/www.msdmanuals.com\/fr\/professional\/troubles-musculosquelettiques-et-du-tissu-conjonctif\/infections-des-articulations-et-des-os\/ost%C3%A9omy%C3%A9lite\" target=\"_blank\" rel=\"noopener\">www.msdmanuals.com\/fr\/professional\/...\/ost\u00e9omy\u00e9lite<\/a><\/div>\n<\/li>\n<\/ul>\n<ul>\n<li><em>Ost\u00e9omy\u00e9lite atypique ou centrale de la base du crane d\u2019origine sinusienne<\/em><br \/>\n<a href=\"https:\/\/www.ajol.info\/index.php\/jtdorl\/article\/download\/114183\/103892\" target=\"_blank\" rel=\"noopener\">www.ajol.info\/...\/103892<\/a><\/li>\n<\/ul>\n<ul>\n<li><em>D\u00e9ficit en vitamine D et infection \u00e0 staphylocoque dor\u00e9 r\u00e9sistant \u00e0 la m\u00e9ticilline<br \/>\n<\/em><a href=\"https:\/\/www.antibio-responsable.fr\/actualites\/deficit-vitamine-d\" target=\"_blank\" rel=\"noopener\">www.antibio-responsable.fr\/actualites\/deficit-vitamine-d<\/a><\/li>\n<\/ul>\n<ul>\n<li><em>La Bruy\u00e8re cendr\u00e9e ou Erica cinerea, et dans une moindre mesure la bruy\u00e8re vulgaire ou Calluna vulgaris, est utile pour les infections urinaires avec la Canneberge ou Cranberry, ainsi que pour les rhumatismes ; et pour les ost\u00e9omy\u00e9lites notamment \u00e0 Pyocyanique ou Pseudomonas aeruginosa m\u00eame r\u00e9sistants, car \"l'<span class=\"css-901oao css-16my406 r-poiln3 r-bcqeeo r-qvutc0\">arbutine est m\u00e9tabolis\u00e9e dans reins en hydroquinone qui est un puissant antiseptique vis-\u00e0-vis notamment de Pseudomonas aeruginosa\" ; peut dans certains cas am\u00e9liorer les sympt\u00f4mes allergiques respiratoires.<\/span><\/em><br \/>\n<a href=\"https:\/\/fr.wikipedia.org\/wiki\/Calluna_vulgaris\" target=\"_blank\" rel=\"noopener\">fr.wikipedia.org\/wiki\/Calluna_vulgaris<\/a><br \/>\n<a href=\"https:\/\/fr.wikipedia.org\/wiki\/Pseudomonas_aeruginosa\" target=\"_blank\" rel=\"noopener\">fr.wikipedia.org\/wiki\/Pseudomonas_aeruginosa<\/a><br \/>\n<a href=\"https:\/\/dumas.ccsd.cnrs.fr\/dumas-02057491\/document\" target=\"_blank\" rel=\"noopener\">dumas.ccsd.cnrs.fr\/dumas-02057491\/document<\/a><br \/>\n<a href=\"https:\/\/www.msdmanuals.com\/fr\/accueil\/infections\/infections-bact%C3%A9riennes-bact%C3%A9ries-gram-n%C3%A9gatives\/infections-%C3%A0-pseudomonas\" target=\"_blank\" rel=\"noopener\">www.msdmanuals.com\/...\/infections-\u00e0-pseudomonas<\/a><\/li>\n<\/ul>\n<ul>\n<li><em>Le Tr\u00e8fle rouge ou Tr\u00e8fle des pr\u00e8s est utile avec le Ginseng et l'Astragale pour les diarrh\u00e9es, les angines et la toux, ainsi que pour les affections cutan\u00e9es ; et pour les ost\u00e9omy\u00e9lites notamment \u00e0 Staphylocoques dor\u00e9s m\u00eame r\u00e9sistants.<br \/>\n<\/em><a href=\"https:\/\/fr.wikipedia.org\/wiki\/Tr\u00e8fle_des_pr\u00e9s\" target=\"_blank\" rel=\"noopener\">fr.wikipedia.org\/wiki\/Tr\u00e8fle_des_pr\u00e9s<\/a><br \/>\n<a href=\"https:\/\/fr.wikipedia.org\/wiki\/Staphylocoque_dor%C3%A9\">fr.wikipedia.org\/wiki\/Staphylocoque_dor\u00e9<\/a><br \/>\n<a href=\"https:\/\/www.researchgate.net\/publication\/26727241_Inhibition_of_angiogenesis_and_inflammation_by_an_extract_of_red_clover_Trifolium_pratense_L\" target=\"_blank\" rel=\"noopener\">www.researchgate.net\/...red_clover_Trifolium_pratense_L<\/a><\/li>\n<\/ul>\n<h3><span id=\"Surdite_et_autisme_ou_neuroatypicite_de_type_Asperger\">Surdit\u00e9 et autisme ou neuroatypicit\u00e9 de type Asperger<\/span><\/h3>\n<ul>\n<li><em>La surdit\u00e9 est une perte partielle ou totale de la perception des sons et des mots<\/em><br \/>\n<a href=\"https:\/\/fr.wikipedia.org\/wiki\/Surdit%C3%A9\" target=\"_blank\" rel=\"noopener\">fr.wikipedia.org\/wiki\/Surdit\u00e9<\/a><\/li>\n<\/ul>\n<ul>\n<li><i>Le syndrome d'Asperger<\/i><br \/>\n<a href=\"http:\/\/fr.wikipedia.org\/wiki\/Syndrome_d'Asperger\" target=\"_blank\" rel=\"nofollow noopener\">fr.wikipedia.org\/wiki\/Syndrome_d'Asperger<\/a><\/li>\n<\/ul>\n<blockquote><p>Comme tous les TSA, le syndrome d'Asperger se caract\u00e9rise par des difficult\u00e9s significatives dans les interactions sociales, associ\u00e9es \u00e0 des int\u00e9r\u00eats sp\u00e9cifiques ou des comportements r\u00e9p\u00e9titifs. Il s'en diff\u00e9rencie par l'absence de d\u00e9ficit intellectuel et de retard dans l'apparition du langage.<\/p><\/blockquote>\n<ul>\n<li><i>Le syndrome d'Asperger, trouble du dvp neurologique g\u00e9n\u00e9tique ou traumatique<\/i><br \/>\n<a href=\"http:\/\/www.autisme-france.fr\/577_p_25361\/le-syndrome-d-asperger.html\" target=\"_blank\" rel=\"nofollow noopener\">www.autisme-france.fr\/...\/le-syndrome-d-asperger.html<\/a><\/li>\n<\/ul>\n<blockquote><p>Le SA est un trouble envahissant du d\u00e9veloppement qui fait partie de l'extr\u00e9mit\u00e9 haute du continuum autistique et n'est pas une maladie mentale d'origine psychologique : c'est un trouble du d\u00e9veloppement neurologique d'origine g\u00e9n\u00e9tique [ou d'un d\u00e9ficit des sens comme par exemple une surdit\u00e9 acquise \u00e0 la naissance ou \u00e0 la petite enfance, ou encore suite \u00e0 un traumatisme physique ou mental au cours du d\u00e9veloppement de l'individu qui a lieu toute la vie].<\/p><\/blockquote>\n<ul>\n<li><i>Le syndrome d'Asperger, <\/i><i>un probl\u00e8me d\u2019analyse et du traitement des sens<\/i><br \/>\n<a href=\"http:\/\/asperger.autisme.ch\/syndrome\" target=\"_blank\" rel=\"nofollow noopener\">asperger.autisme.ch\/syndrome<\/a><\/li>\n<\/ul>\n<blockquote><p>Le syndrome d'Asperger est une forme d'autisme sans d\u00e9ficience intellectuelle ni retard de langage qui fait partie des TSA (troubles du spectre autistique). C'est un d\u00e9sordre du d\u00e9veloppement d'origine neurobiologique qui concerne plus fr\u00e9quemment les gar\u00e7ons que les filles et qui affecte essentiellement la mani\u00e8re dons les personnes communiquent et interagissent avec les autres.<\/p><\/blockquote>\n<ul>\n<li><i>Le syndrome d\u2019Asperger, une autre mani\u00e8re d\u2019\u00eatre et de penser<\/i><br \/>\n<a href=\"http:\/\/asperger.autisme.ch\/images\/groupeasperger_brochure_2015.pdf\" target=\"_blank\" rel=\"nofollow noopener\">asperger.autisme.ch\/...\/groupeasperger_brochure_2015.pdf<\/a><\/li>\n<\/ul>\n<ul>\n<li><i>Les 10 sympt\u00f4mes cl\u00e9s du syndrome d\u2019Asperger : reconna\u00eetre les signes<\/i><br \/>\n<a href=\"http:\/\/www.activebeat.com\/fr\/sante-mentale\/les-10-les-symptomes-cles-du-syndrome-dasperger-reconnaitre-les-signes\" target=\"_blank\" rel=\"nofollow noopener\">www.activebeat.com\/...\/les-10-les-symptomes-cles-du-syndrome-dasperger-reconnaitre-les-signes<\/a><\/li>\n<\/ul>\n<ul>\n<li><em>Troubles du spectre de l\u2019autisme : guide de s\u00e9curit\u00e9 Internet<br \/>\n<\/em><a href=\"https:\/\/fr.wizcase.com\/blog\/spectre-autistique-guide-de-securite\/\" target=\"_blank\" rel=\"noopener\">fr.wizcase.com\/blog\/spectre-autistique-guide-de-securite<\/a><em><br \/>\n<\/em><\/li>\n<\/ul>\n<h3><span id=\"Bodybuilding_et_herbologie_chinoise_et_indienne\">Bodybuilding et herbologie chinoise et indienne<\/span><\/h3>\n<ul>\n<li><em>D\u00e9finitions<\/em><br \/>\n<a href=\"https:\/\/en.wikipedia.org\/wiki\/Traditional_Chinese_medicine\" target=\"_blank\" rel=\"noopener\">en.wikipedia.org\/wiki\/Traditional_Chinese_medicine<\/a><br \/>\n<a href=\"https:\/\/en.wikipedia.org\/wiki\/Ayurveda\" target=\"_blank\" rel=\"noopener\">en.wikipedia.org\/wiki\/Ayurveda<\/a><\/li>\n<\/ul>\n<ul class=\"widgetElement__list\">\n<li class=\"widgetElement__listItem\"><em>Qi Gong<\/em> : cette expression veut dire Mouvement-Travail et cette technique est la base du Yoga et des arts martiaux ainsi que de toutes les activit\u00e9s de stretching et de musculation impliquant la respiration et l'activit\u00e9 du syst\u00e8me locomoteur selon la volont\u00e9 du sujet.<br \/>\n<a href=\"https:\/\/en.wikipedia.org\/wiki\/Qigong\" target=\"_blank\" rel=\"noopener\">en.wikipedia.org\/wiki\/Qigong<\/a><br \/>\n<a href=\"https:\/\/en.wikipedia.org\/wiki\/Yoga\" target=\"_blank\" rel=\"noopener\">en.wikipedia.org\/wiki\/Yoga<\/a><br \/>\n<a href=\"https:\/\/en.wikipedia.org\/wiki\/Bodybuilding\" target=\"_blank\" rel=\"noopener\">en.wikipedia.org\/wiki\/Bodybuilding<\/a><\/li>\n<\/ul>\n<ul>\n<li><em>Tui Na<\/em> : cette expression veut dire Pousser-Tirer et cette technologie est la base de la m\u00e9decine m\u00e9canique et de toute les th\u00e9rapies locomotrices n'impliquant pas le sujet dans l'effort ; peu de choses sont officiellement dites \u00e0 ce sujet et on confond souvent avec du massage qui n'est qu'un aspect de l'art m\u00e9dical.<br \/>\n<a href=\"https:\/\/fr.wikipedia.org\/wiki\/An_Mo_\/_Tui_Na\" target=\"_blank\" rel=\"noopener\">fr.wikipedia.org\/wiki\/An_Mo_\/_Tui_Na<\/a><\/li>\n<\/ul>\n<ul class=\"widgetElement__list\">\n<li class=\"widgetElement__listItem\"><em>Zhong Gyao Xu\u00e9<\/em> : cette expression veut dire Adapt\u00e9-Herbe-Science et cette technologie est la base des herbologies et des phytoth\u00e9rapies qui soignent la maladie lorsque cela est possible et qui compense les effets neurov\u00e9g\u00e9tatifs des troubles locomoteurs durant le temps n\u00e9cessaire \u00e0 la r\u00e9paration ; cette chose, s\u00fbre et stable lorsqu'elle est bien pratiqu\u00e9e, est \u00e0 pr\u00e9f\u00e9rer \u00e0 l\u2019acupuncture - \u00e0 ne pas confondre avec l'acupression non invasive - qui peut \u00eatre facilement rat\u00e9e et qui ressemble plus \u00e0 du vaudou, et qui lorsque mal pratiqu\u00e9 va perturber les influx nerveux \u00e9lectro-magn\u00e9tiques et ainsi causer de nombreux probl\u00e8mes qui comme les traumatismes corporels et les poisons vont faire encore plus aller consulter les praticiens m\u00e9dicaux.<br \/>\n<a href=\"https:\/\/en.wikipedia.org\/wiki\/Chinese_herbology\" target=\"_blank\" rel=\"noopener\">en.wikipedia.org\/wiki\/Chinese_herbology<\/a><\/li>\n<\/ul>\n<p><img decoding=\"async\" class=\"image-bordered-p aligncenter wp-image-1505 size-full\" src=\"https:\/\/asherhaimhalevi.ordisoftware.com\/wp-content\/uploads\/2021\/04\/medecine.jpg\" alt=\"\" width=\"250\" height=\"300\" srcset=\"https:\/\/asherhaimhalevi.ordisoftware.com\/wp-content\/uploads\/2021\/04\/medecine.jpg 250w, https:\/\/asherhaimhalevi.ordisoftware.com\/wp-content\/uploads\/2021\/04\/medecine-167x200.jpg 167w, https:\/\/asherhaimhalevi.ordisoftware.com\/wp-content\/uploads\/2021\/04\/medecine-125x150.jpg 125w\" sizes=\"(max-width: 250px) 100vw, 250px\" \/><\/p>\n<\/p>","protected":false},"excerpt":{"rendered":"<p>Liens d'information sur la sant\u00e9. <\/p>\n<p><span style=\"color:#333\"> &rarr; <a href=\"https:\/\/asherhaimhalevi.ordisoftware.com\/author\/links\/\">Lire la suite<\/a><\/span><\/p>\n","protected":false},"author":1,"featured_media":0,"parent":187,"menu_order":13,"comment_status":"closed","ping_status":"closed","template":"","meta":[],"_links":{"self":[{"href":"https:\/\/asherhaimhalevi.ordisoftware.com\/wp-json\/wp\/v2\/pages\/240"}],"collection":[{"href":"https:\/\/asherhaimhalevi.ordisoftware.com\/wp-json\/wp\/v2\/pages"}],"about":[{"href":"https:\/\/asherhaimhalevi.ordisoftware.com\/wp-json\/wp\/v2\/types\/page"}],"author":[{"embeddable":true,"href":"https:\/\/asherhaimhalevi.ordisoftware.com\/wp-json\/wp\/v2\/users\/1"}],"replies":[{"embeddable":true,"href":"https:\/\/asherhaimhalevi.ordisoftware.com\/wp-json\/wp\/v2\/comments?post=240"}],"version-history":[{"count":0,"href":"https:\/\/asherhaimhalevi.ordisoftware.com\/wp-json\/wp\/v2\/pages\/240\/revisions"}],"up":[{"embeddable":true,"href":"https:\/\/asherhaimhalevi.ordisoftware.com\/wp-json\/wp\/v2\/pages\/187"}],"wp:attachment":[{"href":"https:\/\/asherhaimhalevi.ordisoftware.com\/wp-json\/wp\/v2\/media?parent=240"}],"curies":[{"name":"wp","href":"https:\/\/api.w.org\/{rel}","templated":true}]}}