{"id":241,"date":"2021-03-31T22:01:09","date_gmt":"2021-03-31T20:01:09","guid":{"rendered":"https:\/\/asherhaimhalevi.ordisoftware.com\/?page_id=241"},"modified":"2022-11-10T16:57:15","modified_gmt":"2022-11-10T15:57:15","slug":"poetry","status":"publish","type":"page","link":"https:\/\/asherhaimhalevi.ordisoftware.com\/author\/poetry\/","title":{"rendered":"Po\u00e8mes"},"content":{"rendered":"<p style=\"margin-bottom:25px;\"><p style=\"margin-bottom: 20px;\">Textes \u00e9crits en 2004 avant qu'un chiropracteur d\u00e9chire gravement mon dos et que des psychiatres ab\u00eement irr\u00e9versiblement mon cerveau, au profit exclusif de l'organisation m\u00e9dico-sociale et juridique-judiciaire privatis\u00e9e et donc hors-la-loi, qui dirige les comit\u00e9s territoriaux publics de l'\u00c9tat et les gouvernements en France, en Europe et en Nations-Unies ; puis en d\u00e9cembre 2006 lorsque j'\u00e9tais kidnapp\u00e9 et s\u00e9questr\u00e9 pas les autorit\u00e9s pour \u00eatre tortur\u00e9 par des poisons mortels, et ensuite en 2008, 2009 et 2012 apr\u00e8s avoir \u00e9puis\u00e9 toutes les voies de recours administratifs disponibles \u00e0 foison mais corrompues et r\u00e9guli\u00e8rement renomm\u00e9es ou r\u00e9form\u00e9es.<\/p>\n<ul>\n<li><a href=\"https:\/\/asherhaimhalevi.ordisoftware.com\/author\/poetry\/le-probleme-de-rabbi-jesus\/\">Le probl\u00e8me de rabbi J\u00e9sus<\/a><\/li>\n<\/ul>\n<ul>\n<li><a href=\"https:\/\/asherhaimhalevi.ordisoftware.com\/author\/poetry\/le-reve-de-l-africain\/\">Le r\u00eave de l'africain<\/a><\/li>\n<\/ul>\n<ul>\n<li><a href=\"https:\/\/asherhaimhalevi.ordisoftware.com\/author\/poetry\/souffle-apres-souffle\/\">Souffle apr\u00e8s souffle<\/a><\/li>\n<\/ul>\n<ul>\n<li><a href=\"https:\/\/asherhaimhalevi.ordisoftware.com\/author\/poetry\/les-cordes\/\">Les cordes<\/a><\/li>\n<\/ul>\n<ul>\n<li><a href=\"https:\/\/asherhaimhalevi.ordisoftware.com\/author\/poetry\/au-nom-du-sang\/\">Au nom du sang<\/a><\/li>\n<\/ul>\n<ul>\n<li><a href=\"https:\/\/asherhaimhalevi.ordisoftware.com\/author\/poetry\/l-ange-et-la-sylphe\/\">L'ange et la sylphe<\/a><\/li>\n<\/ul>\n<ul>\n<li><a href=\"https:\/\/asherhaimhalevi.ordisoftware.com\/author\/poetry\/injustice\/\">Injustice<\/a><\/li>\n<\/ul>\n<ul>\n<li><a href=\"https:\/\/asherhaimhalevi.ordisoftware.com\/author\/poetry\/les-tribunaux-du-crime\/\">Les tribunaux du crime<\/a><\/li>\n<\/ul>\n<\/p>","protected":false},"excerpt":{"rendered":"<p>Po\u00e8mes \u00e9crits avant qu'un chiropracteur d\u00e9chire mon dos et que des psychiatres ab\u00eement mon cerveau, puis apr\u00e8s avoir \u00e9puis\u00e9 toutes les voies de recours administratifs corrompues. <\/p>\n<p><span style=\"color:#333\"> &rarr; <a href=\"https:\/\/asherhaimhalevi.ordisoftware.com\/author\/poetry\/\">Lire la suite<\/a><\/span><\/p>\n","protected":false},"author":1,"featured_media":0,"parent":187,"menu_order":13,"comment_status":"closed","ping_status":"closed","template":"","meta":[],"_links":{"self":[{"href":"https:\/\/asherhaimhalevi.ordisoftware.com\/wp-json\/wp\/v2\/pages\/241"}],"collection":[{"href":"https:\/\/asherhaimhalevi.ordisoftware.com\/wp-json\/wp\/v2\/pages"}],"about":[{"href":"https:\/\/asherhaimhalevi.ordisoftware.com\/wp-json\/wp\/v2\/types\/page"}],"author":[{"embeddable":true,"href":"https:\/\/asherhaimhalevi.ordisoftware.com\/wp-json\/wp\/v2\/users\/1"}],"replies":[{"embeddable":true,"href":"https:\/\/asherhaimhalevi.ordisoftware.com\/wp-json\/wp\/v2\/comments?post=241"}],"version-history":[{"count":0,"href":"https:\/\/asherhaimhalevi.ordisoftware.com\/wp-json\/wp\/v2\/pages\/241\/revisions"}],"up":[{"embeddable":true,"href":"https:\/\/asherhaimhalevi.ordisoftware.com\/wp-json\/wp\/v2\/pages\/187"}],"wp:attachment":[{"href":"https:\/\/asherhaimhalevi.ordisoftware.com\/wp-json\/wp\/v2\/media?parent=241"}],"curies":[{"name":"wp","href":"https:\/\/api.w.org\/{rel}","templated":true}]}}