{"id":246,"date":"2021-04-01T07:54:24","date_gmt":"2021-04-01T05:54:24","guid":{"rendered":"https:\/\/asherhaimhalevi.ordisoftware.com\/?page_id=246"},"modified":"2022-06-28T12:45:38","modified_gmt":"2022-06-28T10:45:38","slug":"dedication","status":"publish","type":"page","link":"https:\/\/asherhaimhalevi.ordisoftware.com\/works\/the-religious-problem\/dedication\/","title":{"rendered":"D\u00e9dicace"},"content":{"rendered":"<p style=\"margin-bottom:25px;\"><p style=\"padding-left: 40px; margin-top: 40px;\">Cet ouvrage est d\u00e9di\u00e9<\/p>\n<p style=\"padding-left: 40px;\">\u00c0 la Doctrine de la Torah H\u00e9bra\u00efque qui fait sortir de l'ignorance des lois en vigueur<\/p>\n<p style=\"padding-left: 40px;\">\u00c0 la l\u00e9gislation mondiale qui accorde des droits, qui interdit le crime et qui prot\u00e8ge la vie<\/p>\n<p style=\"padding-left: 40px;\">\u00c0 l'\u00c9tat fran\u00e7ais et aux Nations Unies qui sont garants de l'application correcte des r\u00e8gles<\/p>\n<p style=\"padding-left: 40px;\">Aux justes des univers humains qui instruisent avec g\u00e9n\u00e9rosit\u00e9, mis\u00e9ricorde et rigueur<\/p>\n<p style=\"padding-left: 40px;\">\u00c0 la sauvegarde et \u00e0 l'\u00e9l\u00e9vation de ma famille qui m'a enseign\u00e9 la force de l'union<\/p>\n<p style=\"padding-left: 40px;\">\u00c0 la m\u00e9moire de<\/p>\n<div style=\"padding-left: 40px;\">\n<p style=\"padding-left: 40px;\">Mon p\u00e8re qui m'a enseign\u00e9 le raisonnement et la disposition<\/p>\n<p style=\"padding-left: 40px;\">Ma m\u00e8re qui m'a enseign\u00e9e la logique et la discipline<\/p>\n<p style=\"padding-left: 40px;\">Mes grands-parents qui m'ont enseign\u00e9s la vigilance et la bienveillance<\/p>\n<\/div>\n<div style=\"padding-left: 40px;\">\n<p>\u00c0 chaque \u00eatre qui devrait avoir la chance de savoir ce qu'il est et ce qui le fait exister<\/p>\n<p>Et aux hors-la-loi qui apr\u00e8s m'avoir donn\u00e9 le souffle de vie et la connaissance<br \/>\nm'ont ill\u00e9galement donn\u00e9 la mort afin de justifier leur pouvoir de transgression<\/p>\n<\/div>\n<hr style=\"margin-bottom: 0px; margin-top: 50px;\" \/>\n<table style=\"width: 100%; text-align: left; margin: 5px auto 5px auto;\" border=\"0\" cellspacing=\"1\" cellpadding=\"1\">\n<tbody align=\"justify\">\n<tr>\n<td style=\"width: 20%;\"><\/td>\n<td style=\"text-align: center;\"><span style=\"font-size: Normal;\"><a href=\"https:\/\/asherhaimhalevi.ordisoftware.com\/works\/the-religious-problem\/#tableofcontent\">Sommaire<\/a><\/span><\/td>\n<td style=\"width: 20%; text-align: right;\"><span style=\"font-size: Normal;\"><a href=\"https:\/\/asherhaimhalevi.ordisoftware.com\/works\/the-religious-problem\/authors-quotes\/\">Suivant<\/a><\/span><\/td>\n<\/tr>\n<\/tbody>\n<\/table>\n<hr style=\"margin-top: 0px;\" \/>\n<\/p>","protected":false},"excerpt":{"rendered":"<p>D\u00e9dicace du livre \"Le probl\u00e8me religieux\". <\/p>\n<p><span style=\"color:#333\"> &rarr; <a href=\"https:\/\/asherhaimhalevi.ordisoftware.com\/works\/the-religious-problem\/dedication\/\">Lire la suite<\/a><\/span><\/p>\n","protected":false},"author":1,"featured_media":0,"parent":155,"menu_order":11,"comment_status":"closed","ping_status":"closed","template":"","meta":[],"_links":{"self":[{"href":"https:\/\/asherhaimhalevi.ordisoftware.com\/wp-json\/wp\/v2\/pages\/246"}],"collection":[{"href":"https:\/\/asherhaimhalevi.ordisoftware.com\/wp-json\/wp\/v2\/pages"}],"about":[{"href":"https:\/\/asherhaimhalevi.ordisoftware.com\/wp-json\/wp\/v2\/types\/page"}],"author":[{"embeddable":true,"href":"https:\/\/asherhaimhalevi.ordisoftware.com\/wp-json\/wp\/v2\/users\/1"}],"replies":[{"embeddable":true,"href":"https:\/\/asherhaimhalevi.ordisoftware.com\/wp-json\/wp\/v2\/comments?post=246"}],"version-history":[{"count":0,"href":"https:\/\/asherhaimhalevi.ordisoftware.com\/wp-json\/wp\/v2\/pages\/246\/revisions"}],"up":[{"embeddable":true,"href":"https:\/\/asherhaimhalevi.ordisoftware.com\/wp-json\/wp\/v2\/pages\/155"}],"wp:attachment":[{"href":"https:\/\/asherhaimhalevi.ordisoftware.com\/wp-json\/wp\/v2\/media?parent=246"}],"curies":[{"name":"wp","href":"https:\/\/api.w.org\/{rel}","templated":true}]}}