{"id":247,"date":"2021-04-01T07:54:35","date_gmt":"2021-04-01T05:54:35","guid":{"rendered":"https:\/\/asherhaimhalevi.ordisoftware.com\/?page_id=247"},"modified":"2022-11-10T20:44:02","modified_gmt":"2022-11-10T19:44:02","slug":"audio-video","status":"publish","type":"page","link":"https:\/\/asherhaimhalevi.ordisoftware.com\/works\/audio-video\/","title":{"rendered":"Version audio et vid\u00e9o"},"content":{"rendered":"<p style=\"margin-bottom:25px;\"><div style=\"margin-top: 15px;\" id=\"toc_container\" class=\"no_bullets\"><ul class=\"toc_list\"><li><a href=\"#Playlist_YouTube\">Playlist YouTube<\/a><\/li><li><a href=\"#Playlist_MP3\">Playlist MP3<\/a><\/li><li><a href=\"#Archive_ZIP\">Archive ZIP<\/a><\/li><li><a href=\"#Details_des_exposes\">D\u00e9tails des expos\u00e9s<\/a><\/li><\/ul><\/div>\n\n<h3><span id=\"Playlist_YouTube\">Playlist YouTube<\/span><\/h3>\n<p style=\"margin-bottom: 20px;\"><em>\u00c9galement disponible sur <a href=\"https:\/\/vimeo.com\/showcase\/6207493\" target=\"_blank\" rel=\"nofollow noopener\">Vimeo<\/a>.<\/em><\/p>\n<div  id=\"_ytid_58242\" class=\"__youtube_prefs__  __youtube_prefs_gdpr__ \" allowfullscreen data-no-lazy=\"1\" data-skipgform_ajax_framebjll=\"\"><p><strong>Please accept YouTube cookies to play this video.<\/strong> By accepting you will be accessing content from YouTube, a service provided by an external third party.<\/p>\n<p><a href=\"https:\/\/policies.google.com\/privacy\" target=\"_blank\" rel=\"noopener\">YouTube privacy policy<\/a><\/p>\n<p>If you accept this notice, your choice will be saved and the page will refresh.<\/p>\n<button type=\"button\" class=\"__youtube_prefs_gdpr__\">Accept YouTube Content<img src=\"https:\/\/asherhaimhalevi.ordisoftware.com\/wp-content\/plugins\/youtube-embed-plus\/images\/icon-check.png\" alt=\"accept\" data-no-lazy=\"1\" data-skipgform_ajax_framebjll=\"\" \/><\/button><\/div>\n<h3 style=\"margin-bottom: 15px;\"><span id=\"Playlist_MP3\"><a id=\"audio\"><\/a>Playlist MP3<\/span><\/h3>\n\n<h3 style=\"margin-bottom: 20px;\"><span id=\"Archive_ZIP\">Archive ZIP<\/span><\/h3>\n<p style=\"margin-top:0px;margin-bottom:3px;margin-left:15px\">\r\n<img style=\"margin-bottom: 3px;vertical-align: middle\" src=\"\/wp-content\/plugins\/wp-downloadmanager\/images\/ext\/zip.gif\" alt=\"\" title=\"\" \/>&nbsp;\r\n<strong><a href=\"https:\/\/asherhaimhalevi.ordisoftware.com\/?dl_name=Le-probleme-religieux-MP3.zip\">Le probl\u00e8me religieux MP3<\/a><\/strong>\r\n<\/p>\r\n<p style=\"margin-left:40px;margin-top:0px;color:#555555;font-style:bold\">\r\n<small><i>\r\nTaille : 450,9 Mio<br \/>\r\nMise en ligne : 30 ao\u00fbt 2019<br \/>\r\nMise \u00e0 jour : 30 ao\u00fbt 2019<br \/>\r\nDernier t\u00e9l\u00e9chargement : 9 novembre 2022<br \/>\r\nT\u00e9l\u00e9chargements depuis avril 2021 ou mise en ligne : 63\r\n<\/i><\/small>\r\n<\/p>\r\n<p style=\"margin-left:40px;margin-top:-10px\">Version audio de l'\u00e9bauche de la deuxi\u00e8me \u00e9dition<\/p>\n<h3><span id=\"Details_des_exposes\">D\u00e9tails des expos\u00e9s<\/span><\/h3>\n<p><em>La dur\u00e9e totale des expos\u00e9s est de 19h32 pour 460 Mo en MP3 56k.<br \/>\n<\/em><em>La <a href=\"\">version texte<\/a> contient plus de d\u00e9tails avec des <a href=\"https:\/\/asherhaimhalevi.ordisoftware.com\/works\/the-religious-problem\/diagrams\/\">tableaux et diagrammes<\/a>.<\/em><\/p>\n<ul>\n<li><b>Pr\u00e9sentation<\/b><br \/>\n<i>7m30<\/i><i> - 3.5 Mo<\/i><a href=\"\/mp3\/00%20-%20Presentation%20du%20livre%20Le%20probleme%20religieux.mp3\" target=\"_blank\" rel=\"nofollow noopener\"><br \/>\nPr\u00e9sentation du livre Le probl\u00e8me religieux.mp3<\/a><\/li>\n<\/ul>\n<ul>\n<li><b>\u00c9tude du syst\u00e8me d'information \"Protection de la vie humaine\"<br \/>\n<\/b><i>1h - 23.5 Mo<\/i><a href=\"\/mp3\/01%20-%20Theorie%20de%20sante-aide-justice.mp3\" target=\"_blank\" rel=\"nofollow noopener\"><br \/>\nTh\u00e9orie de sant\u00e9-aide-justice.mp3<\/a><\/li>\n<\/ul>\n<ul>\n<li><b>Avant-propos<br \/>\n<\/b><i>2h15 - 53 Mo<\/i><a href=\"\/mp3\/02%20-%20Avant-propos.mp3\" target=\"_blank\" rel=\"nofollow noopener\"><br \/>\nAvant-propos.mp3<\/a><\/li>\n<\/ul>\n<ul>\n<li><b>Premier chapitre <\/b><i><br \/>\n51m - 19.5 Mo<\/i><a href=\"\/mp3\/03%20-%20L%27univers%20et%20la%20vie.mp3\" target=\"_blank\" rel=\"nofollow noopener\"><br \/>\nL'univers et la vie.mp3<\/a><\/li>\n<\/ul>\n<ul>\n<li><b>Deuxi\u00e8me chapitre <\/b><i><br \/>\n24m - 9.5 Mo<\/i><a href=\"\/mp3\/04%20-%20Le%20probleme%20linguistique.mp3\" target=\"_blank\" rel=\"nofollow noopener\"><br \/>\nLe probl\u00e8me linguistique.mp3<\/a><\/li>\n<\/ul>\n<ul>\n<li><b>S'entendre avec le Pouvoir <\/b><i><br \/>\n13m - 5 Mo<\/i><a href=\"\/mp3\/05%20-%20Shema%20Israel.mp3\" target=\"_blank\" rel=\"nofollow noopener\"><br \/>\nSh\u00e9ma Isra\u00ebl.mp3<\/a><\/li>\n<\/ul>\n<ul>\n<li><b>Gratitude \u00e0 la force qui est en moi, qui m'a cr\u00e9\u00e9 et qui me fait exister<br \/>\n<\/b><i>8m30 - 3 Mo<\/i><a href=\"\/mp3\/06%20-%20Basmala.mp3\" target=\"_blank\" rel=\"nofollow noopener\"><br \/>\nBasmala.mp3<\/a><\/li>\n<\/ul>\n<ul>\n<li><b>Au d\u00e9but \u00e9taient les G\u00e8nes et les G\u00e8nes \u00e9taient avec l'ADN et l'ADN \u00e9tait les G\u00e8nes<\/b><i><br \/>\n26m - 10 Mo<\/i><a href=\"\/mp3\/07%20-%20Theos-Logos.mp3\" target=\"_blank\" rel=\"nofollow noopener\"><br \/>\nTh\u00e9os-Logos.mp3<\/a><\/li>\n<\/ul>\n<ul>\n<li><b>Compassion Bienveillance Aide V\u00e9rit\u00e9 ou Amour Int\u00e9grit\u00e9 G\u00e9n\u00e9rosit\u00e9 Sinc\u00e9rit\u00e9 <\/b><i><br \/>\n9m30 - 3.5 Mo<\/i><a href=\"\/mp3\/08%20-%20Om%20Mani%20Padme%20Hum.mp3\" target=\"_blank\" rel=\"nofollow noopener\"><br \/>\nOm Mani Padme Hum.mp3<\/a><\/li>\n<\/ul>\n<ul>\n<li><b>Les instructions-source de la Torah et les forces de l'univers et de la vie <\/b><i><br \/>\n22m30 - 8.5 Mo<\/i><a href=\"\/mp3\/09%20-%20La%20lettrique%20hebraique%20et%20les%20noms%20de%20Dieu.mp3\" target=\"_blank\" rel=\"nofollow noopener\"><br \/>\nLa lettrique h\u00e9bra\u00efque et les noms de Dieu.mp3<\/a><\/li>\n<\/ul>\n<ul>\n<li><a name=\"hebrew-alphabet-anchor\"><\/a> <b>La destin\u00e9e du Youd de l'Alef au Tav ou la formation du couple<\/b><i><br \/>\n15m30 - 6 Mo<br \/>\n<\/i><a href=\"\/mp3\/Alphabet%20hebreu.mp3\" target=\"_blank\" rel=\"nofollow noopener\">Alphabet h\u00e9breu.mp3<\/a><\/li>\n<\/ul>\n<ul>\n<li><b>Les lettres de la cr\u00e9ation et la force des justes <\/b><i><br \/>\n29m - 11 Mo<\/i><a href=\"\/mp3\/10%20-%20Torah%20et%20Kabbale.mp3\" target=\"_blank\" rel=\"nofollow noopener\"><br \/>\nTorah et Kabbale.mp3<\/a><\/li>\n<\/ul>\n<ul>\n<li><a name=\"sefirot-anchor\"><\/a><b>La lib\u00e9ration des mensonges et des symboles<br \/>\n<\/b><i>40m - 15.5 Mo<\/i><a href=\"\/mp3\/11%20-%20Pessah%20et%20la%20sortie%20de%20Mitsraim.mp3\" target=\"_blank\" rel=\"nofollow noopener\"><br \/>\nPessah et la sortie de Mitsra\u00efm.mp3<\/a><\/li>\n<\/ul>\n<ul>\n<li><b>Enlever le mal et former l'int\u00e9grit\u00e9 <\/b><i><br \/>\n1h30 - 34.5 Mo<\/i><a href=\"\/mp3\/12%20-%20La%20circoncision%2c%20le%20hamets%2c%20la%20matsa%20et%20le%20souffle.mp3\" target=\"_blank\" rel=\"nofollow noopener\"><br \/>\nLa circoncision, le 'hamets, la matsa et le souffle.mp3<\/a><\/li>\n<\/ul>\n<ul>\n<li><b>Restaurer la communication<br \/>\n<\/b><i>1h06 - 25.5 Mo<\/i><a href=\"\/mp3\/13%20-%20La%20reparation%20de%20la%20Techouva.mp3\" target=\"_blank\" rel=\"nofollow noopener\"><br \/>\nLa r\u00e9paration de la T\u00e9chouva.mp3<\/a><\/li>\n<\/ul>\n<ul>\n<li><b>L'action de l'intention et la volont\u00e9 du mouvement<br \/>\n<\/b><i>1h09 - 27.5 Mo<\/i><a href=\"\/mp3\/14%20-%20La%20communication%20et%20la%20priere.mp3\" target=\"_blank\" rel=\"nofollow noopener\"><br \/>\nLa communication et la pri\u00e8re.mp3<\/a><\/li>\n<\/ul>\n<ul>\n<li><b>L'\u00e9nergie de la mati\u00e8re organique humaine<br \/>\n<\/b><i>33m30 - 13 Mo<\/i><a href=\"\/mp3\/15%20-%20L%27arbre%20de%20vie%2c%20les%20fleuves%2c%20les%20chakras%20et%20les%20nadis.mp3\" target=\"_blank\" rel=\"nofollow noopener\"><br \/>\nL'arbre de vie, les fleuves, les chakras et les nadis.mp3<\/a><\/li>\n<\/ul>\n<ul>\n<li><b>R\u00e8gles de vie pour une harmonie \u00e9lectromagn\u00e9tique<br \/>\n<\/b><i>42m - 17 Mo<\/i><a href=\"\/mp3\/16%20-%20Ablutions%2c%20barbe%2c%20vetements%20et%20cacherout.mp3\" target=\"_blank\" rel=\"nofollow noopener\"><br \/>\nAblutions, barbe, v\u00eatements et cacherout.mp3<\/a><\/li>\n<\/ul>\n<ul>\n<li><b>Le pouvoir du son rythm\u00e9<br \/>\n<\/b><i>15m - 6 Mo<\/i><a href=\"\/mp3\/17%20-%20Torah%20et%20musique.mp3\" target=\"_blank\" rel=\"nofollow noopener\"><br \/>\nTorah et musique.mp3<\/a><\/li>\n<\/ul>\n<ul>\n<li><b>Les 12 secteurs de la civilisation id\u00e9ale<br \/>\n<\/b><i>18m - 7.5 Mo<\/i><a href=\"\/mp3\/18%20-%20Les%2012%20tribus%20d%27Israel.mp3\" target=\"_blank\" rel=\"nofollow noopener\"><br \/>\nLes 12 tribus d'Isra\u00ebl.mp3<\/a><\/li>\n<\/ul>\n<ul>\n<li><b>L'action juste et non nuisible pour la cohabitation et la survie<br \/>\n<\/b><i>29m - 11.5 Mo<\/i><a href=\"\/mp3\/19%20-%20Les%2010%20commandements.mp3\" target=\"_blank\" rel=\"nofollow noopener\"><br \/>\nLes 10 commandements.mp3<\/a><\/li>\n<\/ul>\n<ul>\n<li><a name=\"alliance-anchor\"><\/a><b>Compassion, sinc\u00e9rit\u00e9, partage, investissement, tendresse et libert\u00e9<\/b><i><br \/>\n47m - 18.5 Mo<\/i><a href=\"\/mp3\/20%20-%20Le%20mariage%20et%20Mashali%2031.mp3\" target=\"_blank\" rel=\"nofollow noopener\"><br \/>\nLe mariage et Mashali 31.mp3<\/a><\/li>\n<\/ul>\n<ul>\n<li><b>La sauvegarde de l'avenir des justes <\/b><i><br \/>\n1h39 - 39.5 Mo<\/i><a href=\"\/mp3\/21%20-%20Bereshit%2C%20la%20sexualite%20et%20les%20generations.mp3\" target=\"_blank\" rel=\"nofollow noopener\"><br \/>\nB\u00e9r\u00e9shit, la sexualit\u00e9 et les g\u00e9n\u00e9rations.mp3<\/a><\/li>\n<\/ul>\n<ul>\n<li><b>\u00c9nergie et mati\u00e8re ou le temps de l'espace et du supra-espace<br \/>\n<\/b><i>55min30 - 22 Mo<\/i><a href=\"\/mp3\/22%20-%20Les%20dimensions%20de%20l%27univers.mp3\" target=\"_blank\" rel=\"nofollow noopener\"><br \/>\nLes dimensions de l'univers.mp3<\/a><\/li>\n<\/ul>\n<ul>\n<li><b>Pessa'h, Shavou'ot, Yom Terou'ah, Yom HaKipourim et Soukot :<br \/>\nla lib\u00e9ration du mal, le don de la connaissance,<br \/>\nla joie du bien, les peines des ruptures<br \/>\net la construction du futur<br \/>\n<\/b><i>1h42 - 39 Mo<\/i><a href=\"\/mp3\/23%20-%20Les%20celebrations%20de%20la%20Torah.mp3\" target=\"_blank\" rel=\"nofollow noopener\"><br \/>\nLes c\u00e9l\u00e9brations de la Torah.mp3<\/a><\/li>\n<\/ul>\n<ul>\n<li><b>Conclusion<br \/>\n<\/b><i>1h03 - 25 Mo<\/i><a href=\"\/mp3\/24%20-%20Conclusion.mp3\" target=\"_blank\" rel=\"nofollow noopener\"><br \/>\nConclusion.mp3<\/a><\/li>\n<\/ul>\n<h6>Plus d'informations<\/h6>\n<ul>\n<li><a href=\"https:\/\/asherhaimhalevi.ordisoftware.com\/\">Proposition logique pour un monde meilleur<\/a><\/li>\n<li><a href=\"https:\/\/asherhaimhalevi.ordisoftware.com\/logical-proposition\/fundamental-laws\/\">Rappel de lois fondamentales<\/a><\/li>\n<li><a href=\"https:\/\/asherhaimhalevi.ordisoftware.com\/logical-proposition\/humans-laws-about-humans-rights\/\">Th\u00e9orie de sant\u00e9-aide-justice<\/a><\/li>\n<li><a href=\"https:\/\/asherhaimhalevi.ordisoftware.com\/works\/\">Ouvrages<\/a><\/li>\n<\/ul>\n<p style=\"text-align: center;\"><a href=\"https:\/\/asherhaimhalevi.ordisoftware.com\/wp-content\/uploads\/2022\/02\/treasure-of-tutankhamun.jpg\"><img decoding=\"async\" class=\"image-bordered-p alignnone wp-image-3040\" src=\"https:\/\/asherhaimhalevi.ordisoftware.com\/wp-content\/uploads\/2022\/02\/treasure-of-tutankhamun.jpg\" alt=\"\" width=\"300\" height=\"200\" srcset=\"https:\/\/asherhaimhalevi.ordisoftware.com\/wp-content\/uploads\/2022\/02\/treasure-of-tutankhamun.jpg 1000w, https:\/\/asherhaimhalevi.ordisoftware.com\/wp-content\/uploads\/2022\/02\/treasure-of-tutankhamun-300x200.jpg 300w, https:\/\/asherhaimhalevi.ordisoftware.com\/wp-content\/uploads\/2022\/02\/treasure-of-tutankhamun-200x133.jpg 200w, https:\/\/asherhaimhalevi.ordisoftware.com\/wp-content\/uploads\/2022\/02\/treasure-of-tutankhamun-768x512.jpg 768w, https:\/\/asherhaimhalevi.ordisoftware.com\/wp-content\/uploads\/2022\/02\/treasure-of-tutankhamun-150x100.jpg 150w, https:\/\/asherhaimhalevi.ordisoftware.com\/wp-content\/uploads\/2022\/02\/treasure-of-tutankhamun-400x267.jpg 400w\" sizes=\"(max-width: 300px) 100vw, 300px\" \/><\/a> \u00a0 \u00a0<a href=\"https:\/\/asherhaimhalevi.ordisoftware.com\/wp-content\/uploads\/2022\/02\/cagnacci-allegoria.jpg\"><img decoding=\"async\" class=\"image-bordered-p alignnone wp-image-3036\" src=\"https:\/\/asherhaimhalevi.ordisoftware.com\/wp-content\/uploads\/2022\/02\/cagnacci-allegoria-234x300.jpg\" alt=\"\" width=\"156\" height=\"200\" srcset=\"https:\/\/asherhaimhalevi.ordisoftware.com\/wp-content\/uploads\/2022\/02\/cagnacci-allegoria-234x300.jpg 234w, https:\/\/asherhaimhalevi.ordisoftware.com\/wp-content\/uploads\/2022\/02\/cagnacci-allegoria-156x200.jpg 156w, https:\/\/asherhaimhalevi.ordisoftware.com\/wp-content\/uploads\/2022\/02\/cagnacci-allegoria-768x984.jpg 768w, https:\/\/asherhaimhalevi.ordisoftware.com\/wp-content\/uploads\/2022\/02\/cagnacci-allegoria-117x150.jpg 117w, https:\/\/asherhaimhalevi.ordisoftware.com\/wp-content\/uploads\/2022\/02\/cagnacci-allegoria-400x513.jpg 400w, https:\/\/asherhaimhalevi.ordisoftware.com\/wp-content\/uploads\/2022\/02\/cagnacci-allegoria.jpg 800w\" sizes=\"(max-width: 156px) 100vw, 156px\" \/><\/a><br \/>\n<a href=\"https:\/\/asherhaimhalevi.ordisoftware.com\/wp-content\/uploads\/2022\/05\/queen-esther-mfrh-original-scaled.jpg\"><img decoding=\"async\" class=\"image-bordered aligncenter wp-image-3414\" src=\"https:\/\/asherhaimhalevi.ordisoftware.com\/wp-content\/uploads\/2022\/05\/queen-esther-mfrh-original-821x1024.jpg\" alt=\"\" width=\"492\" height=\"613\" srcset=\"https:\/\/asherhaimhalevi.ordisoftware.com\/wp-content\/uploads\/2022\/05\/queen-esther-mfrh-original-821x1024.jpg 821w, https:\/\/asherhaimhalevi.ordisoftware.com\/wp-content\/uploads\/2022\/05\/queen-esther-mfrh-original-241x300.jpg 241w, https:\/\/asherhaimhalevi.ordisoftware.com\/wp-content\/uploads\/2022\/05\/queen-esther-mfrh-original-160x200.jpg 160w, https:\/\/asherhaimhalevi.ordisoftware.com\/wp-content\/uploads\/2022\/05\/queen-esther-mfrh-original-768x957.jpg 768w, https:\/\/asherhaimhalevi.ordisoftware.com\/wp-content\/uploads\/2022\/05\/queen-esther-mfrh-original-1232x1536.jpg 1232w, https:\/\/asherhaimhalevi.ordisoftware.com\/wp-content\/uploads\/2022\/05\/queen-esther-mfrh-original-1643x2048.jpg 1643w, https:\/\/asherhaimhalevi.ordisoftware.com\/wp-content\/uploads\/2022\/05\/queen-esther-mfrh-original-120x150.jpg 120w, https:\/\/asherhaimhalevi.ordisoftware.com\/wp-content\/uploads\/2022\/05\/queen-esther-mfrh-original-400x499.jpg 400w\" sizes=\"(max-width: 492px) 100vw, 492px\" \/><\/a><\/p>\n<\/p>","protected":false},"excerpt":{"rendered":"<p>Version audio-vid\u00e9o YouTube et MP3 t\u00e9l\u00e9chargeable des livres. <\/p>\n<p><span style=\"color:#333\"> &rarr; <a href=\"https:\/\/asherhaimhalevi.ordisoftware.com\/works\/audio-video\/\">Lire la suite<\/a><\/span><\/p>\n","protected":false},"author":1,"featured_media":0,"parent":160,"menu_order":20,"comment_status":"closed","ping_status":"closed","template":"","meta":[],"_links":{"self":[{"href":"https:\/\/asherhaimhalevi.ordisoftware.com\/wp-json\/wp\/v2\/pages\/247"}],"collection":[{"href":"https:\/\/asherhaimhalevi.ordisoftware.com\/wp-json\/wp\/v2\/pages"}],"about":[{"href":"https:\/\/asherhaimhalevi.ordisoftware.com\/wp-json\/wp\/v2\/types\/page"}],"author":[{"embeddable":true,"href":"https:\/\/asherhaimhalevi.ordisoftware.com\/wp-json\/wp\/v2\/users\/1"}],"replies":[{"embeddable":true,"href":"https:\/\/asherhaimhalevi.ordisoftware.com\/wp-json\/wp\/v2\/comments?post=247"}],"version-history":[{"count":0,"href":"https:\/\/asherhaimhalevi.ordisoftware.com\/wp-json\/wp\/v2\/pages\/247\/revisions"}],"up":[{"embeddable":true,"href":"https:\/\/asherhaimhalevi.ordisoftware.com\/wp-json\/wp\/v2\/pages\/160"}],"wp:attachment":[{"href":"https:\/\/asherhaimhalevi.ordisoftware.com\/wp-json\/wp\/v2\/media?parent=247"}],"curies":[{"name":"wp","href":"https:\/\/api.w.org\/{rel}","templated":true}]}}