{"id":252,"date":"2021-04-01T07:53:59","date_gmt":"2021-04-01T05:53:59","guid":{"rendered":"https:\/\/asherhaimhalevi.ordisoftware.com\/?page_id=252"},"modified":"2022-10-18T13:33:35","modified_gmt":"2022-10-18T11:33:35","slug":"chapters","status":"publish","type":"page","link":"https:\/\/asherhaimhalevi.ordisoftware.com\/works\/hebrew-alphabet\/chapters\/","title":{"rendered":"Chapitres"},"content":{"rendered":"<p style=\"margin-bottom:25px;\"><div class=\"post-headline\" style=\"margin-top: -13px;\">\n<h2>L'alphabet h\u00e9breu<\/h2>\n<\/div>\n<p style=\"text-align: justify;\"><span style=\"color: #401000; text-transform: uppercase; font-size: 11pt;\">Chapitres<\/span><\/p>\n<div style=\"margin-top: 15px;\" id=\"toc_container\" class=\"no_bullets\"><ul class=\"toc_list\"><li><a href=\"#Preambule\">Pr\u00e9ambule<\/a><\/li><li><a href=\"#Lettrique\">Lettrique<\/a><ul><li><a href=\"#Savoir_programme\">Savoir programm\u00e9<\/a><\/li><li><a href=\"#Dissociation_ditems\">Dissociation d'items<\/a><\/li><li><a href=\"#Association_didees\">Association d'id\u00e9es<\/a><\/li><li><a href=\"#Correspondance_conceptuelle\">Correspondance conceptuelle<\/a><\/li><\/ul><\/li><li><a href=\"#Exemples\">Exemples<\/a><\/li><\/ul><\/div>\n\n<h3><span id=\"Preambule\">Pr\u00e9ambule<\/span><\/h3>\n<p>La tradition enseigne que chacune des lettres est issue d'un point primordial nomm\u00e9 Youd, graph\u00e8me correspondant \u00e0 une particule d'\u00e9nergie vibrante et mouvante dans l'espace qui forme ainsi la substance de chacune des lettres de la cr\u00e9ation h\u00e9bra\u00efque.<\/p>\n<p>La forme des lettres n'est pas un symbole mais une fonction structurante qui organise la mati\u00e8re anim\u00e9e de la vie humaine. Le nombre de lettres correspond ainsi au nombre de chromosomes non sexuels. L'\u00eatre humain est en effet au commencement cr\u00e9\u00e9 m\u00e2le et femelle gr\u00e2ce \u00e0 la m\u00e9iose et la fusion des gam\u00e8tes. Ces lettres consonnes d\u00e9finissent math\u00e9matiquement et g\u00e9om\u00e9triquement tout ce qui existe, qui a exist\u00e9 et qui existera, du premier jusqu'au dernier de l'esp\u00e8ce.<\/p>\n<p>Les voyelles, le chant m\u00e9lodique qui module la manifestation de la parole, n'\u00e9taient initialement pas inscrites dans le S\u00e9fer Torah : elles ont en effet une importance mineure et elles ont \u00e9t\u00e9 ajout\u00e9s au cas o\u00f9 la tradition orale serait perdue. Les voyelles ont ainsi \u00e9t\u00e9 ajout\u00e9es avec la Massorah. Il semble qu'avant cette \u00e9poque, le Alef se pronon\u00e7ait \"a\", le H\u00e9 \"o\", le Vav \"ou\", le Youd \"i\", et on ajoutait \"e, \u00e9, \u00e8\" \u00e0 une consonne pour le souffle de la respiration. Le premier verset de la Bible peut ainsi se lire \"b\u00e9rashit b\u00e9ra aloim at osh\u00e9mim ouat oar\u00e8ts\", HaShem YHVH \"ioouo\" et Torah \"touro\".<\/p>\n<p>En r\u00e9alit\u00e9, peu importe les voyelles utilis\u00e9es, car ce sont les consonnes et la racine h\u00e9bra\u00efque qui sont importantes et qui d\u00e9finissent le sens des mots et des versets de la Doctrine. Les voyelles ne sont que des conventions laiss\u00e9es pour libre arbitre \u00e0 la cr\u00e9ature, car sans structure pas de fonction. Ainsi, m\u00eame lire la Torah avec une seule voyelle serait correct du moment que les lettres ne sont pas chang\u00e9es. Placer telle ou telle voyelle ou utiliser telle lettre pour telle voyelle rel\u00e8ve ainsi de la commodit\u00e9 de prononciation et de l'harmonie musicale. On notera cependant que la nature du son est d'impr\u00e9gner la mati\u00e8re c\u00e9r\u00e9brale et de modeler l'activit\u00e9 des g\u00e8nes non-codants, et que ce son se transmet \u00e0 la descendance au m\u00eame titre que la joie et le stress.<\/p>\n<p>Ce livret est un compl\u00e9ment au livre \u00ab Le probl\u00e8me religieux - Trait\u00e9 d'occultisme physicaliste abrahamique - Structures et fonctions de l'univers et de la vie - Les lettres du vivant et les cycles du temps \u00bb dont il est s\u00e9par\u00e9 afin d'offrir une utilisation pratique.<\/p>\n<h3><span id=\"Lettrique\">Lettrique<\/span><\/h3>\n<h4><span id=\"Savoir_programme\">Savoir programm\u00e9<\/span><\/h4>\n<p>L'alphabet h\u00e9bra\u00efque est comme la r\u00e9f\u00e9rence des codes d'instructions mn\u00e9moniques de la programmation assembleur des chromosomes et il permet l'\u00e9tude lettrique des mots cl\u00e9s du langage orient\u00e9 objet du savoir expos\u00e9 dans la Torah.<\/p>\n<p>La Bible h\u00e9bra\u00efque n'est pas un texte litt\u00e9raire malgr\u00e9 son apparente po\u00e9sie : on n'y trouve aucun \"jeux de mots\" relevant de l'humour railleur, aucune \"figure de style\" relevant de la tromperie et aucune romancerie relative \u00e0 une histoire temporelle et historique : c'est un code logiciel relatant les ph\u00e9nom\u00e8nes causalement effectifs des lois r\u00e9gissant l'univers et le vivant humain.<\/p>\n<h4><span id=\"Dissociation_ditems\">Dissociation d'items<\/span><\/h4>\n<p>La premi\u00e8re \u00e9tape de la m\u00e9thode intuitive de l'\u00e9tude lettrique d'un mot h\u00e9breu consiste \u00e0 \u00e9tudier le sens de chaque lettre et le sens commun donn\u00e9 par le dictionnaire et par la tradition orale.<\/p>\n<p>Par exemple, le \"Tov\" qui veut dire \"bien, \u00eatre bon, agr\u00e9able, beau\" est compos\u00e9 des lettres Tet, Vav et Bet.<\/p>\n<p>L'action structurelle du Tet est d'\u00eatre la protection du bouclier, son principe fonctionnel est l'esth\u00e9tique de la beaut\u00e9 et sa valeur num\u00e9rique est 9. Son sens intuitif est le refuge de la barque qui prot\u00e8ge le voyageur au cours de son int\u00e9riorit\u00e9.<\/p>\n<p>Le Vav est l'associativit\u00e9 du clou et l'interaction de la communication, le rayon de la lumi\u00e8re spirituelle, la liaison esprit-mati\u00e8re, la m\u00e9diation et la droiture, le cap et la direction des affaires et des voyages. Le Vav est l'enfant du couple en tant que fille, tout comme le Zayin est le fils. Ce sont les enfants du Youd qui correspondent aux gam\u00e8tes m\u00e2les et femelles contenant chacun une moiti\u00e9 du potentiel de l'\u00e9tincelle de la conscience de vie (le spermatozo\u00efde Youd et l'ovule Samek).<\/p>\n<p>Le Bet est la maison, lieu des activit\u00e9s de la vie personnelle, sociale et professionnelle, soit le porteur de la flamme de vie, la demeure de l'\u00e9nergie, la volont\u00e9, le temple et le foyer solitaire. Le Bet est l'homme sans la femme qu'il rencontre avec le H\u00e9 en marchant vers la Torah pour former son enfant devenant le 'Het puis le Tet et ainsi de suite, du potentiel Alef au Tav r\u00e9alis\u00e9.<\/p>\n<p>Tet + Vav + Bet = 9 + 6 + 2 = 17 soit Youd-Zayin, le germe du fils.<\/p>\n<p>Tet + Vav + Bet = 17 = 1 + 7 = 8 soit 'Het, la cr\u00e9ature.<\/p>\n<p>Nous comprenons ainsi que la cr\u00e9ature anim\u00e9e par la respiration du souffle dans son principe d'existence est une chose bonne tel que mentionn\u00e9 en B\u00e9r\u00e9shit 1.21 et 1.25 \"Il aura pris soin que [cela {l'existence des animaux} [soit] bon\", tandis que c'est en 3.6 qu'il est mentionn\u00e9 \"Elle a pris soin la Ishah que [soit] bon l'arbre [de la connaissance du bien et du mal] pour nourriture [de Adam {don de la Torah}]\", \u00e0 cause la facult\u00e9 du libre arbitre dont est pourvu l'esp\u00e8ce humaine et qui lui procure la raison et la compr\u00e9hension.<\/p>\n<p>Le Alef est une barre oblique avec deux Youd. Le Youd en bas \u00e0 gauche est la femme qui supporte et soutient le Youd en haut \u00e0 droite qui est l'homme. La barre est la vision unique de la direction du couple. Le Alef est l'arch\u00e9type du couple form\u00e9 et tourn\u00e9 vers l'avenir. C'est le couple id\u00e9al en potentiel. Du Bet au Shin, c'est le processus de formation et de vie du couple. Le Tav est le Resh (l'homme stable) du Bet (l'homme en recherche) qui est soutenu par le Youd de la femme avec force : c'est l'aboutissement, la barre du Alef potentiel a fusionn\u00e9 avec chacun, l'homme et la femme font une seule chair et sont devenu le Tav.<\/p>\n<h4><span id=\"Association_didees\">Association d'id\u00e9es<\/span><\/h4>\n<p>La deuxi\u00e8me \u00e9tape consiste \u00e0 assembler les informations dissoci\u00e9es selon le contexte linguistique et narratif du texte. Il s'agit g\u00e9n\u00e9ralement de s\u00e9lectionner pour chaque lettre quelques mots conceptuels repr\u00e9sentant son sens. Le sens fondamental d'un mot est ainsi l'univers conceptuel de l'ensemble des associations combinatoires possible. Par exemple \"Tov\" signifie \"refuge de la lumi\u00e8re de la volont\u00e9\".<\/p>\n<h4><span id=\"Correspondance_conceptuelle\">Correspondance conceptuelle<\/span><\/h4>\n<p>La troisi\u00e8me \u00e9tape consiste \u00e0 attribuer une expression r\u00e9sumant la signification. Cela peut \u00eatre un concept, une chose r\u00e9elle ou imaginaire, un \u00e9l\u00e9ment environnemental ou une structure organique, corporelle ou psychologique.<\/p>\n<p>\"Tov\" est le bien, c'est ce qui est bon, ce qui \u00e9mane la bont\u00e9, c'est-\u00e0-dire les pens\u00e9es et les actes qui am\u00e8nent les choses saines, souhaitables et qui ne nuisent pas.<\/p>\n<p>Selon le dictionnaire, Tov veut dire : retourner, rendre, r\u00e9pondre. C'est r\u00e9pondre de ce qui arrive et \u00eatre responsable de s'occuper de quelque chose, que l'on soit cause ou effet, coupable ou innocent.<\/p>\n<p>Tov est form\u00e9 de Tet-Vav (r\u00e9sistance, force) associ\u00e9 \u00e0 Bet (maison).<\/p>\n<p>Le Tov est la r\u00e9sistance au mal, et telle est la particularit\u00e9 de la maison d'Isra\u00ebl.<\/p>\n<p>Le bien est donc la <i>responsabilit\u00e9 <\/i>au sens d'avoir la responsabilit\u00e9 de quelque chose et de quelqu'un, au singulier comme au pluriel - ne pas confondre avec \u00eatre auteur involontaire ou coupable d'une mauvaise chose.<\/p>\n<h3><span id=\"Exemples\">Exemples<\/span><\/h3>\n<p><b>\u00a0\u00a0 \u00a0Elohim<\/b><\/p>\n<p style=\"padding-left: 40px;\">Alef-Lamed-H\u00e9-Youd-Mem : Dieu<br \/>\n\ud83e\udc46 Source de l'Existence du Mouvement de l'Impulsion Formatrice<br \/>\n\ud83e\udc46<i> Lois structurelles de l'univers physique et m\u00e9taphysique<\/i><\/p>\n<p><b>\u00a0\u00a0 \u00a0YHVH<\/b><\/p>\n<p style=\"padding-left: 40px;\">Youd-H\u00e9-Vav-H\u00e9 : \u00c9ternel<br \/>\n\ud83e\udc46\u00a0Impulsion du Mouvement Dirigeant le Souffle<br \/>\n\ud83e\udc46 <i>Lois fonctionnelles de la vie physique et m\u00e9taphysique<\/i><\/p>\n<p><b>\u00a0\u00a0 \u00a0Mitsvah<\/b><\/p>\n<p style=\"padding-left: 40px;\">Mem-Tsadi-Vav-H\u00e9 : commandement, prescription<br \/>\n\ud83e\udc46 Formation de l'Aide Communiquant le Souffle<br \/>\n\ud83e\udc46<i> R\u00e8gle d'une chose \u00e0 faire ou \u00e0 ne pas faire pour que les choses aillent bien<\/i><\/p>\n<p><b>\u00a0\u00a0 \u00a0Mitsra\u00efm<\/b><\/p>\n<p style=\"padding-left: 40px;\">Mem-Tsadi-Resh-Youd-Mem : \u00c9gypte, oppressions<br \/>\n\ud83e\udc46 Chemin Pi\u00e9geant le Mental de l'\u00c9nergie Inconsciente<br \/>\n\ud83e\udc46<i> Monde des mensonges et des illusions<\/i><\/p>\n<p><b>\u00a0\u00a0 \u00a0Isra\u00ebl<\/b><\/p>\n<p style=\"padding-left: 40px;\">Youd-Shin-Resh-Alef-Lamed : Isra\u00ebl, Dieu l'emporte<br \/>\n\ud83e\udc46 Impulsion de la Chair du Mental \u00e0 l'Origine de la Transmission<br \/>\n\ud83e\udc46<i> Peuple qui effectue le don de la Torah<\/i><\/p>\n<p><b>\u00a0\u00a0 \u00a0Adam<\/b><\/p>\n<p style=\"padding-left: 40px;\">Alef-Dalet-Mem : homme, \u00eatre humain, sang rouge, \u00eatre rouge<br \/>\n\ud83e\udc46\u00a0Potentiel de l'\u00c9tudiant Transform\u00e9<br \/>\n\ud83e\udc46\u00a0Source du D\u00e9s\u00e9quilibre de l'Inconscient<br \/>\n\ud83e\udc46\u00a0<i>L'\u00e9l\u00e8ve, celui qui est form\u00e9<br \/>\n<\/i><\/p>\n<p><b>\u00a0\u00a0 \u00a0'Havah<\/b><\/p>\n<p style=\"padding-left: 40px;\">'Het-Vav-H\u00e9\u00a0: femme, donneuse de vie, montrer, respirer<br \/>\n\ud83e\udc46\u00a0Autorit\u00e9 Communiquant le Souffle<br \/>\n\ud83e\udc46\u00a0Vitalit\u00e9 de la Lumi\u00e8re Joyeuse<br \/>\n\ud83e\udc46<i>\u00a0L'instructrice, celle qui enseigne<br \/>\n<\/i><\/p>\n<p><b>\u00a0\u00a0\u00a0 Na'hash<\/b><\/p>\n<p style=\"padding-left: 40px;\">Noun-'Het-Shin\u00a0: serpent, murmurer, apprendre, pratiquer la divination<br \/>\n\ud83e\udc46\u00a0Pouvoir de la Cr\u00e9ature de Chair<br \/>\n\ud83e\udc46\u00a0Nourriture de la Motivation Confuse<br \/>\n\ud83e\udc46<i>\u00a0L'int\u00e9r\u00eat, ce qui attire l'attention<\/i><\/p>\n<h6>Plus d'informations<\/h6>\n<ul>\n<li><a href=\"https:\/\/asherhaimhalevi.ordisoftware.com\/works\/hebrew-alphabet\/letters\/\">Description des 22 lettres h\u00e9bra\u00efques<\/a><\/li>\n<li><a href=\"https:\/\/asherhaimhalevi.ordisoftware.com\/works\/the-religious-problem\/diagrams\/#TOC-Table-de-l-alphabet-h-bra-que\">Tableau synth\u00e9tique<\/a><\/li>\n<\/ul>\n<\/p>","protected":false},"excerpt":{"rendered":"<p>Chapitres du livret \"L'alphabet h\u00e9breu\". <\/p>\n<p><span style=\"color:#333\"> &rarr; <a href=\"https:\/\/asherhaimhalevi.ordisoftware.com\/works\/hebrew-alphabet\/chapters\/\">Lire la suite<\/a><\/span><\/p>\n","protected":false},"author":1,"featured_media":0,"parent":195,"menu_order":8,"comment_status":"closed","ping_status":"closed","template":"","meta":[],"_links":{"self":[{"href":"https:\/\/asherhaimhalevi.ordisoftware.com\/wp-json\/wp\/v2\/pages\/252"}],"collection":[{"href":"https:\/\/asherhaimhalevi.ordisoftware.com\/wp-json\/wp\/v2\/pages"}],"about":[{"href":"https:\/\/asherhaimhalevi.ordisoftware.com\/wp-json\/wp\/v2\/types\/page"}],"author":[{"embeddable":true,"href":"https:\/\/asherhaimhalevi.ordisoftware.com\/wp-json\/wp\/v2\/users\/1"}],"replies":[{"embeddable":true,"href":"https:\/\/asherhaimhalevi.ordisoftware.com\/wp-json\/wp\/v2\/comments?post=252"}],"version-history":[{"count":0,"href":"https:\/\/asherhaimhalevi.ordisoftware.com\/wp-json\/wp\/v2\/pages\/252\/revisions"}],"up":[{"embeddable":true,"href":"https:\/\/asherhaimhalevi.ordisoftware.com\/wp-json\/wp\/v2\/pages\/195"}],"wp:attachment":[{"href":"https:\/\/asherhaimhalevi.ordisoftware.com\/wp-json\/wp\/v2\/media?parent=252"}],"curies":[{"name":"wp","href":"https:\/\/api.w.org\/{rel}","templated":true}]}}