{"id":253,"date":"2021-04-01T07:54:01","date_gmt":"2021-04-01T05:54:01","guid":{"rendered":"https:\/\/asherhaimhalevi.ordisoftware.com\/?page_id=253"},"modified":"2022-10-30T10:15:03","modified_gmt":"2022-10-30T09:15:03","slug":"letters","status":"publish","type":"page","link":"https:\/\/asherhaimhalevi.ordisoftware.com\/works\/hebrew-alphabet\/letters\/","title":{"rendered":"Description des 22 lettres"},"content":{"rendered":"<p style=\"margin-bottom:25px;\"><div class=\"post-headline\" style=\"margin-top: -13px;\">\n<h2>L'alphabet h\u00e9breu<\/h2>\n<\/div>\n<p style=\"text-align: justify;\"><span style=\"color: #401000; text-transform: uppercase; font-size: 11pt;\">Description des 22 lettres<\/span><\/p>\n<p><em><a href=\"https:\/\/asherhaimhalevi.ordisoftware.com\/works\/the-religious-problem\/diagrams\/#Table-de-l-alphabet-h-bra-que\">Tableau synth\u00e9tique<\/a><\/em><\/p>\n<p style=\"text-align: center;\"><span style=\"font-size: 40px;\"><a href=\"#ALEF\">\u05d0<\/a>\u00a0 <a href=\"#BET\">\u05d1<\/a>\u00a0 <a href=\"#GUIMEL\">\u05d2<\/a>\u00a0 <a href=\"#DALET\">\u05d3<\/a>\u00a0 <a href=\"#HE\">\u05d4<\/a>\u00a0 <a href=\"#VAV\">\u05d5<\/a>\u00a0\u00a0 <a href=\"#ZAYIN\">\u05d6<\/a> \u00a0 <a href=\"#HET\">\u05d7<\/a>\u00a0 <a href=\"#TET\">\u05d8<\/a>\u00a0 <a href=\"#YOUD\">\u05d9<\/a> \u00a0 <a href=\"#KAF\">\u05da<\/a><\/span><\/p>\n<p style=\"text-align: center;\"><span style=\"font-size: 40px;\"><a href=\"#LAMED\">\u05dc<\/a>\u00a0 <a href=\"#MEM\">\u05de<\/a>\u00a0 <a href=\"#NOUN\">\u05e0<\/a>\u00a0 <a href=\"#SAMEK\">\u05e1<\/a>\u00a0 <a href=\"#HAYIN\">\u05e2<\/a>\u00a0 <a href=\"#PE\">\u05e4<\/a>\u00a0 <a href=\"#TSADI\">\u05e6<\/a>\u00a0 <a href=\"#QOUF\">\u05e7<\/a>\u00a0 <a href=\"#RESH\">\u05e8<\/a>\u00a0 <a href=\"#SHIN\">\u05e9<\/a>\u00a0 <a href=\"#TAV\">\u05ea<\/a><\/span><\/p>\n<div style=\"margin-top: 15px;\" id=\"toc_container\" class=\"no_bullets\"><ul class=\"toc_list\"><li><a href=\"#ALEF\">ALEF<\/a><\/li><li><a href=\"#BET\"> BET<\/a><\/li><li><a href=\"#GUIMEL\">GUIMEL<\/a><\/li><li><a href=\"#DALET\">DALET<\/a><\/li><li><a href=\"#HE\">H\u00c9<\/a><\/li><li><a href=\"#VAV\">VAV<\/a><\/li><li><a href=\"#ZAYIN\">ZAYIN<\/a><\/li><li><a href=\"#HET\">'HET<\/a><\/li><li><a href=\"#TET\">TET<\/a><\/li><li><a href=\"#YOUD\">YOUD<\/a><\/li><li><a href=\"#KAF\">KAF<\/a><\/li><li><a href=\"#LAMED\">LAMED<\/a><\/li><li><a href=\"#MEM\">MEM<\/a><\/li><li><a href=\"#NOUN\">NOUN<\/a><\/li><li><a href=\"#SAMEK\">SAMEK<\/a><\/li><li><a href=\"#HAYIN\">H'AYIN<\/a><\/li><li><a href=\"#PE\">P\u00c9<\/a><\/li><li><a href=\"#TSADI\">TSADI<\/a><\/li><li><a href=\"#QOUF\">QOUF<\/a><\/li><li><a href=\"#RESH\">RESH<\/a><\/li><li><a href=\"#SHIN\">SHIN<\/a><\/li><li><a href=\"#TAV\">TAV<\/a><\/li><\/ul><\/div>\n\n<h3><span id=\"ALEF\"><a name=\"ALEF\"><\/a>ALEF<\/span><\/h3>\n<p><i>Valeur simple<\/i> : 1<br \/>\n<i>Valeur pleine<\/i> : 111<\/p>\n<p><i>Aspect positif<\/i> : Savoir<br \/>\n<i>Aspect n\u00e9gatif<\/i> : Ignorance<br \/>\n<i>Sens verbal<\/i> : Planifier<br \/>\n<i>Sens structurel<\/i> : Boeuf<br \/>\n<i>Sens fonctionnel<\/i> : Ma\u00eetre<\/p>\n<p><i>Sens kabalistique<\/i> : Thorax - Air<\/p>\n<p><b>LETTRIQUE<\/b><\/p>\n<p>Source de l'Existence du Verbe<\/p>\n<p><b>Signification<\/b><\/p>\n<ul>\n<li>Unit\u00e9, Un, Unique, Unifi\u00e9<\/li>\n<li>Source, Origine, Chef, Instructeur<\/li>\n<li>N\u00e9ant, Immat\u00e9riel, Silence<\/li>\n<li>Potentiel, Ind\u00e9termin\u00e9, Non manifest\u00e9, Concept<\/li>\n<li>Espace, Distance, Interstice<\/li>\n<li>Stabilit\u00e9, Satisfaction, Modestie<\/li>\n<li>Art, Enseignement, Imagination<\/li>\n<li>Miroir de la cr\u00e9ation diff\u00e9renci\u00e9e : moi, toi<\/li>\n<li>Adam (Youd droit) et 'Havah (Youd gauche)<\/li>\n<\/ul>\n<p><b>Commentaire<\/b><\/p>\n<p>Alef est l'arch\u00e9type du couple vivant form\u00e9 et uni qui est tourn\u00e9 vers l'avenir.<\/p>\n<p>Le Youd en bas \u00e0 gauche est la femme qui supporte et soutient le Youd en haut \u00e0 droite qui est l'homme. La barre est la force de la vision commune de la direction du couple, orient\u00e9e du haut \u00e0 gauche ou pens\u00e9e vers le bas \u00e0 droite ou mati\u00e8re : 'Havah donne l'impulsion de la pens\u00e9e tandis qu'Adam fait face au possibles de la mati\u00e8re.<\/p>\n<p>Gr\u00e2ce \u00e0 la femme, l'homme se r\u00e9alise dans le d\u00e9veloppement de la femme qui ne peut croitre sans l'homme qui ne peut exister sans la femme. Le ma\u00eetre mot de l'avenir du couple est la communication Vav qui unit les deux \u00e9tincelles de vie Youd.<\/p>\n<p>Youd-Vav-Youd = 10 + 6 + 10 = 26 = YHVH dont le moyen du but Tov est la formation du couple respectueux de la Torah.<\/p>\n<h3><span id=\"BET\"><a name=\"BET\"><\/a> BET<\/span><\/h3>\n<p><i>Valeur simple<\/i> : 2<br \/>\n<i>Valeur pleine<\/i> : 412<\/p>\n<p><i>Aspect positif<\/i> : B\u00e9n\u00e9diction<br \/>\n<i>Aspect n\u00e9gatif<\/i> : Mal\u00e9diction<br \/>\n<i>Sens verbal<\/i> : Disposer<br \/>\n<i>Sens structurel<\/i> : Maison<br \/>\n<i>Sens fonctionnel<\/i> : Passage<\/p>\n<p><i>Sens kabalistique<\/i> : Bouche - Saturne<\/p>\n<p><b>LETTRIQUE<\/b><\/p>\n<p>Volont\u00e9 de l'\u00c9nergie de la Mati\u00e8re<\/p>\n<p><b>Signification<\/b><\/p>\n<ul>\n<li>Porteur de la flamme<\/li>\n<li>Demeure de l'\u00e9nergie<\/li>\n<li>Temple, Corps<\/li>\n<li>Volont\u00e9, Analyse<\/li>\n<li>Cr\u00e9ation<\/li>\n<li>R\u00e9paration<\/li>\n<li>Int\u00e9riorit\u00e9<\/li>\n<li>Solitude<\/li>\n<\/ul>\n<p><b>Commentaire<\/b><\/p>\n<p>Bet est l'homme seul qui n'est pas mari\u00e9 avec une femme et qui se pr\u00e9pare \u00e0 partir \u00e0 sa recherche afin de former le couple de l'Alef potentiel devenant le Tav complet.<\/p>\n<p>Au lendemain de l'\u00e9veil, le Youd a peu de force mentale pour avancer vers l'avenir. L'introspection du pass\u00e9 est donc n\u00e9cessaire afin d'apprendre les lois et les choses.<br \/>\nLa flamme de vie se dirige alors en elle-m\u00eame vers la gauche du v\u00e9cu c\u00e9r\u00e9bral. Afin de trouver son chemin dans le monde \u00e0 venir qui se cr\u00e9\u00e9 \u00e0 chaque instant, la t\u00eate regarde au-del\u00e0 du sens de l'histoire personnelle r\u00e9v\u00e9l\u00e9e par l'\u00e9tude de la Torah. La Doctrine est ainsi un soutien solide formant le fondement du cheminement. La flamme de vie se positionne pour avancer sur le sentier de la sortie de Mitsra\u00efm afin d'entrer en Isra\u00ebl<br \/>\net de conqu\u00e9rir son propre corps et sa propre destin\u00e9e, pour que le Alef imaginaire devienne la r\u00e9alit\u00e9 du Tav lib\u00e9r\u00e9 des mensonges et des illusions.<\/p>\n<p>Un Adam quitte ses parents Alef pour trouver une 'Havah afin de former un Tav.<\/p>\n<h3><span id=\"GUIMEL\"><a name=\"GUIMEL\"><\/a>GUIMEL<\/span><\/h3>\n<p><i>Valeur simple<\/i> : 3<br \/>\n<i>Valeur pleine<\/i> : 83<\/p>\n<p><i>Aspect positif<\/i> : Raison<br \/>\n<i>Aspect n\u00e9gatif<\/i> : Folie<br \/>\n<i>Sens verbal<\/i> : Donner<br \/>\n<i>Sens structurel<\/i> : Chameau<br \/>\n<i>Sens fonctionnel<\/i> : Voyage<\/p>\n<p><i>Sens kabalistique<\/i> : Oeil droit - Jupiter<\/p>\n<p><b>LETTRIQUE<\/b><\/p>\n<p>Destin de l'\u00c9nergie Formant l'Existence<\/p>\n<p><b>Signification<\/b><\/p>\n<ul>\n<li>Porteur en marche<\/li>\n<li>\u00c9nergie en mouvement<\/li>\n<li>Berger<\/li>\n<li>Temps<\/li>\n<li>G\u00e9n\u00e9rosit\u00e9<\/li>\n<li>Investissement<\/li>\n<li>Richesse<\/li>\n<li>\u00c9tude<\/li>\n<li>T\u00e9moignage<\/li>\n<li>Histoire<\/li>\n<li>Destin<\/li>\n<\/ul>\n<p><b>Commentaire<\/b><\/p>\n<p>Guimel est l'homme en mouvement sur son chemin \u00e0 la recherche de lui-m\u00eame et de sa destin\u00e9e.<\/p>\n<p>Le petit trait scind\u00e9 du bas repr\u00e9sente ses deux jambes qui avancent sur l'instabilit\u00e9 p\u00e9rilleuse des souvenirs des \u00e9v\u00e8nements qui ont model\u00e9 son corps ou organes, son \u00e2me ou \u00e9motions et son esprit ou pens\u00e9es.<\/p>\n<p>Adam accepte le don de la Torah et avance sur le chemin de la g\u00e9n\u00e9rosit\u00e9 de Dieu.<\/p>\n<h3><span id=\"DALET\"><a name=\"DALET\"><\/a>DALET<\/span><\/h3>\n<p><i>Valeur simple<\/i> : 4<br \/>\n<i>Valeur pleine<\/i> : 434<\/p>\n<p><i>Aspect positif<\/i> : \u00c9quilibre<br \/>\n<i>Aspect n\u00e9gatif<\/i> : D\u00e9s\u00e9quilibre<br \/>\n<i>Sens verbal<\/i> : \u00c9mettre<br \/>\n<i>Sens structurel<\/i> : Colonne<br \/>\n<i>Sens fonctionnel<\/i> : \u00c9tudiant<\/p>\n<p><i>Sens kabalistique<\/i> : Oeil gauche - Mars<\/p>\n<p><b>LETTRIQUE<\/b><\/p>\n<p>\u00c9coulement du Regard de la Mati\u00e8re<\/p>\n<p><b>Signification<\/b><\/p>\n<ul>\n<li>Porte<\/li>\n<li>Seuil<\/li>\n<li>Sanctuaire<\/li>\n<li>Manifestation<\/li>\n<li>D\u00e9roulement<\/li>\n<li>\u00c9coulement<\/li>\n<li>Pens\u00e9e<\/li>\n<li>Humilit\u00e9<\/li>\n<li>Pauvret\u00e9<\/li>\n<li>Errance<\/li>\n<li>Faiblesse<\/li>\n<li>Soumission<\/li>\n<\/ul>\n<p><b>Commentaire<\/b><\/p>\n<p>Dalet est un Bet qui arr\u00eate sa marche.<\/p>\n<p>Quelque chose a attir\u00e9 son attention.<\/p>\n<p>La flamme se tient debout la t\u00eate en avant pour regarder.<\/p>\n<p>Elle peut facilement tr\u00e9bucher car rien le soutient de l'\u00e9tude n'est pas assez fort.<\/p>\n<p>Le Bet errant est solitaire et faible.<\/p>\n<h3><span id=\"HE\"><a name=\"HE\"><\/a>H\u00c9<\/span><\/h3>\n<p><i>Valeur simple<\/i> : 5<br \/>\n<i>Valeur pleine<\/i> : 6<\/p>\n<p><i>Aspect positif<\/i> : Mouvement<br \/>\n<i>Aspect n\u00e9gatif<\/i> : Immobilit\u00e9<br \/>\n<i>Sens verbal<\/i> : Constater<br \/>\n<i>Sens structurel<\/i> : Louange<br \/>\n<i>Sens fonctionnel<\/i> : Joie<\/p>\n<p><i>Sens kabalistique<\/i> : Foie - B\u00e9lier<\/p>\n<p><b>LETTRIQUE<\/b><\/p>\n<p>Mouvement de l'Espace<\/p>\n<p><b>Signification<\/b><\/p>\n<ul>\n<li>Souffle<\/li>\n<li>Respiration<\/li>\n<li>Rencontre<\/li>\n<li>Pr\u00e9sentation<\/li>\n<li>Transmission<\/li>\n<li>Magn\u00e9tisme<\/li>\n<li>Fen\u00eatre<\/li>\n<li>\u00c9tonnement<\/li>\n<li>Festivit\u00e9<\/li>\n<\/ul>\n<p><b>Commentaire<\/b><\/p>\n<p>Le Dalet rencontre un Youd qui communique avec lui gr\u00e2ce au Vav.<\/p>\n<p>Adam est face \u00e0 'Havah.<\/p>\n<p>L'homme a trouv\u00e9 une femme qui se manifeste \u00e0 lui.<\/p>\n<h3><span id=\"VAV\"><a name=\"VAV\"><\/a>VAV<\/span><\/h3>\n<p><i>Valeur simple<\/i> : 6<br \/>\n<i>Valeur pleine<\/i> : 12<\/p>\n<p><i>Aspect positif<\/i> : Liaison<br \/>\n<i>Aspect n\u00e9gatif<\/i> : Rupture<br \/>\n<i>Sens verbal<\/i> : Informer<br \/>\n<i>Sens structurel<\/i> : Clou<br \/>\n<i>Sens fonctionnel<\/i> : Communication<\/p>\n<p><i>Sens kabalistique<\/i> : V\u00e9sicule biliaire - Taureau<\/p>\n<p><b>LETTRIQUE<\/b><\/p>\n<p>Communication de la Lumi\u00e8re<\/p>\n<p><b>Signification<\/b><\/p>\n<ul>\n<li>Rayon de lumi\u00e8re<\/li>\n<li>Coordination<\/li>\n<li>R\u00e9alit\u00e9<\/li>\n<li>Fondement<\/li>\n<li>Loi<\/li>\n<li>Cap<\/li>\n<li>Direction<\/li>\n<li>M\u00e9diation<\/li>\n<li>Droiture<\/li>\n<li>Fille<\/li>\n<\/ul>\n<p><b>Commentaire<\/b><\/p>\n<p>Le Vav est un Youd d'\u00e9nergie mise en mouvement depuis le haut de l'esprit vers le bas de la mati\u00e8re.<\/p>\n<p>La r\u00e9alit\u00e9 est ainsi cr\u00e9\u00e9e.<\/p>\n<p>L'invisible devient visible.<\/p>\n<p>L'esprit de l'\u00eatre humain, homme ou femme, est ancr\u00e9 dans la mati\u00e8re.<\/p>\n<p>Vav est \u00e9galement 'Havah, la fille de la Torah.<\/p>\n<h3><span id=\"ZAYIN\"><a name=\"ZAYIN\"><\/a>ZAYIN<\/span><\/h3>\n<p><i>Valeur simple<\/i> : 7<br \/>\n<i>Valeur pleine<\/i> : 67<\/p>\n<p><i>Aspect positif<\/i> : Compassion<br \/>\n<i>Aspect n\u00e9gatif<\/i> : M\u00e9pris<br \/>\n<i>Sens verbal<\/i> : Pers\u00e9v\u00e9rer<br \/>\n<i>Sens structurel<\/i> : Arme<br \/>\n<i>Sens fonctionnel<\/i> : Combat<\/p>\n<p><i>Sens kabalistique<\/i> : Rate - G\u00e9meaux<\/p>\n<p><b>LETTRIQUE<\/b><\/p>\n<p>Action de l'\u00c9nergie du Pouvoir<\/p>\n<p><b>Signification<\/b><\/p>\n<ul>\n<li>Logique<\/li>\n<li>Action<\/li>\n<li>Discernement<\/li>\n<li>D\u00e9termination<\/li>\n<li>Rigueur<\/li>\n<li>Contradiction<\/li>\n<li>R\u00e9volte<\/li>\n<li>Audace<\/li>\n<li>Sentiment<\/li>\n<li>Repos<\/li>\n<li>Fils<\/li>\n<\/ul>\n<p><b>Commentaire<\/b><\/p>\n<p>Zayin est le fruit de l'union de deux Youd que sont un homme et une femme unis pour former une seule chair.<\/p>\n<p>L'affinit\u00e9 entre Adam et 'Havah, la communication r\u00e9ciproque et la r\u00e9alit\u00e9 partag\u00e9e, engendre l'\u00e9galit\u00e9 et l'attachement.<\/p>\n<p>Le fils engendr\u00e9 par le pass\u00e9 est tourn\u00e9 vers le futur.<\/p>\n<p>Zayin est \u00e9galement Adam, le fils de la Torah.<\/p>\n<h3><span id=\"HET\"><a name=\"HET\"><\/a>'HET<\/span><\/h3>\n<p><i>Valeur simple<\/i> : 8<br \/>\n<i>Valeur pleine<\/i> : 408<\/p>\n<p><i>Aspect positif<\/i> : Fid\u00e9lit\u00e9<br \/>\n<i>Aspect n\u00e9gatif<\/i> : Trahison<br \/>\n<i>Sens verbal<\/i> : Accorder<br \/>\n<i>Sens structurel<\/i> : Barri\u00e8re<br \/>\n<i>Sens fonctionnel<\/i> : Vitalit\u00e9<\/p>\n<p><i>Sens kabalistique<\/i> : Intestin gr\u00e2le - Cancer<\/p>\n<p><b>LETTRIQUE<\/b><\/p>\n<p>Soutien de la Mati\u00e8re<\/p>\n<p><b>Signification<\/b><\/p>\n<ul>\n<li>Soutien<\/li>\n<li>Cr\u00e9ature<\/li>\n<li>Limite<\/li>\n<li>Territoire<\/li>\n<li>Domaine<\/li>\n<li>Engagement<\/li>\n<li>Accord<\/li>\n<li>Influence<\/li>\n<li>Autorit\u00e9<\/li>\n<li>Purification<\/li>\n<li>Incorruptibilit\u00e9<\/li>\n<li>Motivation<\/li>\n<li>Renoncement<\/li>\n<li>L\u00e2chet\u00e9<\/li>\n<li>P\u00e9ch\u00e9<\/li>\n<\/ul>\n<p><b>Commentaire<\/b><\/p>\n<p>'Het est un H\u00e9 devenu plus stable gr\u00e2ce \u00e0 la communication Vav qui soutient l'\u00e9tudiant Dalet.<\/p>\n<p>L'homme a d\u00e9sormais une aide.<\/p>\n<h3><span id=\"TET\"><a name=\"TET\"><\/a>TET<\/span><\/h3>\n<p><i>Valeur simple<\/i> : 9<br \/>\n<i>Valeur pleine<\/i> : 409<\/p>\n<p><i>Aspect positif<\/i> : Association<br \/>\n<i>Aspect n\u00e9gatif<\/i> : Isolement<br \/>\n<i>Sens verbal<\/i> : Assembler<br \/>\n<i>Sens structurel<\/i> : Bouclier<br \/>\n<i>Sens fonctionnel<\/i> : Beaut\u00e9<\/p>\n<p><i>Sens kabalistique<\/i> : Rein droit - Lion<\/p>\n<p><b>LETTRIQUE<\/b><\/p>\n<p>Refuge de la Mati\u00e8re<\/p>\n<p><b>Signification<\/b><\/p>\n<ul>\n<li>Barque<\/li>\n<li>Refuge<\/li>\n<li>Protection<\/li>\n<li>\u00c9change<\/li>\n<li>R\u00e9flexion<\/li>\n<li>\u00c9ternit\u00e9<\/li>\n<li>D\u00e9nuement<\/li>\n<\/ul>\n<p><b>Commentaire<\/b><\/p>\n<p>Tet est un Zayin dont on prend soin gr\u00e2ce \u00e0 la communication Vav.<\/p>\n<p>Le parent, homme ou femme, tient dans ses bras le nouveau-n\u00e9 afin de le prot\u00e9ger.<\/p>\n<p>Son amour est ainsi un socle solide.<\/p>\n<p>Tet est \u00e9galement le couple, Adam et 'Havah, un Zayin et un Vav qui reposent fermement sur la Torah tandis que la femme \u00e9l\u00e8ve l'homme.<\/p>\n<p>Une moiti\u00e9 de Torah inn\u00e9e plus une moiti\u00e9 de Torah acquise \u00e9gale une Torah compl\u00e8te.<\/p>\n<h3><span id=\"YOUD\"><a name=\"YOUD\"><\/a>YOUD<\/span><\/h3>\n<p><i>Valeur simple<\/i> : 10<br \/>\n<i>Valeur pleine<\/i> : 20<\/p>\n<p><i>Aspect positif<\/i> : Impulsion<br \/>\n<i>Aspect n\u00e9gatif<\/i> : Interruption<br \/>\n<i>Sens verbal<\/i> : Exister<br \/>\n<i>Sens structurel<\/i> : Main<br \/>\n<i>Sens fonctionnel<\/i> : Amour<\/p>\n<p><i>Sens kabalistique<\/i> : Rein gauche - Vierge<\/p>\n<p><b>LETTRIQUE<\/b><\/p>\n<p>\u00c9nergie de la Lumi\u00e8re Manifest\u00e9e<\/p>\n<p><b>Signification<\/b><\/p>\n<ul>\n<li>Flamme \u00e9nergie (Adam XY et 'Havah XX)<\/li>\n<li>Noyau spirituel<\/li>\n<li>Germe<\/li>\n<li>Centre<\/li>\n<li>Puret\u00e9<\/li>\n<li>Abn\u00e9gation<\/li>\n<li>Spermatozo\u00efde<\/li>\n<\/ul>\n<p><b>Commentaire<\/b><\/p>\n<p>Youd est l'\u00e9tincelle de vie, le centre de l'homme et de la femme qui effectue un mouvement depuis l'esprit-fonction vers la mati\u00e8re-structure.<\/p>\n<p>Chacune des 22 lettres existe en tant que mouvement du Youd primordial, le point statique, y compris la lettre Youd manifest\u00e9.<\/p>\n<p>C'est le feu int\u00e9rieur qui anime la conscience et le corps qui peuvent ainsi exister gr\u00e2ce au mouvement de la dimension.<\/p>\n<h3><span id=\"KAF\"><a name=\"KAF\"><\/a>KAF<\/span><\/h3>\n<p><i>Valeur simple<\/i> : 20<br \/>\n<i>Valeur pleine<\/i> : 100<\/p>\n<p><i>Aspect positif<\/i> : Attraction<br \/>\n<i>Aspect n\u00e9gatif<\/i> : R\u00e9pulsion<br \/>\n<i>Sens verbal<\/i> : R\u00e9pandre<br \/>\n<i>Sens structurel<\/i> : Paume<br \/>\n<i>Sens fonctionnel<\/i> : Amusement<\/p>\n<p><i>Sens kabalistique<\/i> : Narine droite - Soleil<\/p>\n<p><b>LETTRIQUE<\/b><\/p>\n<p>Puissance du Verbe<\/p>\n<p><b>Signification<\/b><\/p>\n<ul>\n<li>\u00c9lan int\u00e9rieur<\/li>\n<li>\u00c9veil du potentiel<\/li>\n<li>Courbure<\/li>\n<li>Couvrir<\/li>\n<li>Assimilation<\/li>\n<li>Puissance<\/li>\n<\/ul>\n<p><b>Commentaire<\/b><\/p>\n<p>Kaf, fermement soutenu par l'enseignement des lois de l'univers et de la vie, se penche pour scruter les \u00e9v\u00e8nements v\u00e9cus afin d'en comprendre l'origine et le sens.<\/p>\n<p>Kaf est la main puissante de Dieu qui lib\u00e8re de Mitsra\u00efm en r\u00e9pandant la Torah.<\/p>\n<h3><span id=\"LAMED\"><a name=\"LAMED\"><\/a>LAMED<\/span><\/h3>\n<p><i>Valeur simple<\/i> : 30<br \/>\n<i>Valeur pleine<\/i> : 74<\/p>\n<p><i>Aspect positif<\/i> : \u00c9volution<br \/>\n<i>Aspect n\u00e9gatif<\/i> : R\u00e9gression<br \/>\n<i>Sens verbal<\/i> : Transmettre<br \/>\n<i>Sens structurel<\/i> : B\u00e2ton<br \/>\n<i>Sens fonctionnel<\/i> : \u00c9ducation<\/p>\n<p><i>Sens kabalistique<\/i> : Gros intestin - Balance<\/p>\n<p><b>LETTRIQUE<\/b><\/p>\n<p>\u00c9l\u00e9vation Formatrice de l'\u00c9tudiant<\/p>\n<p><b>Signification<\/b><\/p>\n<ul>\n<li>\u00c9l\u00e9vation<\/li>\n<li>Orientation<\/li>\n<li>Observation<\/li>\n<li>Existence<\/li>\n<li>Exp\u00e9rience<\/li>\n<li>Instruction<\/li>\n<li>Enseigner<\/li>\n<li>Dynamiser<\/li>\n<li>D\u00e9passer<\/li>\n<li>Inventer<\/li>\n<li>Ferveur<\/li>\n<li>Passif devient actif<\/li>\n<\/ul>\n<p><b>Commentaire<\/b><\/p>\n<p>Le Dalet ayant \u00e9tudi\u00e9 et compris la loi et son histoire, s'\u00e9l\u00e8ve pour prendre son envol.<\/p>\n<p>La substance du savoir est ainsi sublim\u00e9e en connaissance \u00e9l\u00e9vatrice.<\/p>\n<p>L'\u00e9tudiant domin\u00e9 par les illusions devient alors souverain de sa destin\u00e9e.<\/p>\n<p>Adam et 'Havah qui ne sont plus soumis aux pulsions transmutent leurs aspirations en juste ambition.<\/p>\n<h3><span id=\"MEM\"><a name=\"MEM\"><\/a>MEM<\/span><\/h3>\n<p><i>Valeur simple<\/i> : 40<br \/>\n<i>Valeur pleine <\/i>: 80<\/p>\n<p><i>Aspect positif<\/i> : Progr\u00e8s<br \/>\n<i>Aspect n\u00e9gatif<\/i> : Corruption<br \/>\n<i>Sens verbal<\/i> : Contribuer<br \/>\n<i>Sens structurel<\/i> : Eaux<br \/>\n<i>Sens fonctionnel<\/i> : Dualit\u00e9<\/p>\n<p><i>Sens kabalistique<\/i> : Ventre - Eau<\/p>\n<p><b>LETTRIQUE<\/b><\/p>\n<p>Transmutation du Chemin<\/p>\n<p><b>Signification<\/b><\/p>\n<ul>\n<li>Matrice<\/li>\n<li>Formation<\/li>\n<li>Transformation<\/li>\n<li>Transmutation<\/li>\n<li>Alchimie<\/li>\n<li>Maturation<\/li>\n<li>Salutation<\/li>\n<li>Reconnaissance<\/li>\n<li>Pl\u00e9nitude<\/li>\n<li>Pri\u00e8re<\/li>\n<li>Service<\/li>\n<li>Chemin<\/li>\n<li>Inconscient<\/li>\n<\/ul>\n<p><b>Commentaire<\/b><\/p>\n<p>Le Lamed qui a pris son \u00e9lan exprime sa gratitude en saluant la vie, la t\u00eate relev\u00e9e non de fiert\u00e9 mais de compassion envers les \u00eatres.<\/p>\n<h3><span id=\"NOUN\"><a name=\"NOUN\"><\/a>NOUN<\/span><\/h3>\n<p><i>Valeur simple<\/i> : 50<br \/>\n<i>Valeur pleine<\/i> : 106<\/p>\n<p><i>Aspect positif<\/i> : F\u00e9condit\u00e9<br \/>\n<i>Aspect n\u00e9gatif<\/i> : Aust\u00e9rit\u00e9<br \/>\n<i>Sens verbal<\/i> : Diriger<br \/>\n<i>Sens structurel<\/i> : Poisson<br \/>\n<i>Sens fonctionnel<\/i> : Pouvoir<\/p>\n<p><i>Sens kabalistique<\/i> : Oesophage - Scorpion<\/p>\n<p><b>LETTRIQUE<\/b><\/p>\n<p>Pouvoir de Communication de la Vie<\/p>\n<p><b>Signification<\/b><\/p>\n<ul>\n<li>Vie<\/li>\n<li>Engendrement<\/li>\n<li>Perp\u00e9tuation<\/li>\n<li>Nouveau-n\u00e9<\/li>\n<li>Nourriture<\/li>\n<li>Abondance<\/li>\n<li>Prodige<\/li>\n<li>Cerveau<\/li>\n<li>Cach\u00e9<\/li>\n<li>Intime<\/li>\n<li>Pr\u00e9sence<\/li>\n<li>Foi<\/li>\n<li>Chute<\/li>\n<\/ul>\n<p><b>Commentaire<\/b><\/p>\n<p>Noun est un Vav ancr\u00e9 dans la connaissance transmise par la Torah.<\/p>\n<p>La Torah communique en effet les solides r\u00e8gles du pouvoir de la bont\u00e9.<\/p>\n<h3><span id=\"SAMEK\"><a name=\"SAMEK\"><\/a>SAMEK<\/span><\/h3>\n<p><i>Valeur simple<\/i> : 60<br \/>\n<i>Valeur pleine<\/i> : 120<\/p>\n<p><i>Aspect positif<\/i> : Cr\u00e9ation<br \/>\n<i>Aspect n\u00e9gatif<\/i> : Destruction<br \/>\n<i>Sens verbal<\/i> : Rassembler<br \/>\n<i>Sens structurel<\/i> : Appui<br \/>\n<i>Sens fonctionnel<\/i> : Perfectionnement<\/p>\n<p><i>Sens kabalistique<\/i> : Main droite - Sagittaire<\/p>\n<p><b>LETTRIQUE<\/b><\/p>\n<p>Alliance du Service de la Puissance<\/p>\n<p><b>Signification<\/b><\/p>\n<ul>\n<li>Squelette<\/li>\n<li>Charpente<\/li>\n<li>Ossature<\/li>\n<li>Berceau<\/li>\n<li>Pulsion<\/li>\n<li>Passion<\/li>\n<li>R\u00e9confort<\/li>\n<li>S\u00e9curit\u00e9<\/li>\n<li>Alliance<\/li>\n<li>Dissoudre<\/li>\n<li>Ovule<\/li>\n<\/ul>\n<p><b>Commentaire<\/b><\/p>\n<p>Samek est le berceau qui prot\u00e8ge tant le couple homme-femme que la prog\u00e9niture spirituelle et physique d'Adam et 'Havah.<\/p>\n<p>Samek est l'alliance de la connaissance des lois de l'univers et de la vie expos\u00e9es par la Torah.<\/p>\n<p>C'est le cercle des infinis possible de la r\u00e9alit\u00e9 et des imaginaires.<\/p>\n<h3><span id=\"HAYIN\"><a name=\"HAYIN\"><\/a>H'AYIN<\/span><\/h3>\n<p><i>Valeur simple<\/i> : 70<br \/>\n<i>Valeur pleine<\/i> : 130<\/p>\n<p><i>Aspect positif<\/i> : Visible<br \/>\n<i>Aspect n\u00e9gatif<\/i> : Invisible<br \/>\n<i>Sens verbal<\/i> : Interagir<br \/>\n<i>Sens structurel<\/i> : Oeil<br \/>\n<i>Sens fonctionnel<\/i> : Apprivoisement<\/p>\n<p><i>Sens kabalistique<\/i> : Main gauche - Capricorne<\/p>\n<p><b>LETTRIQUE<\/b><\/p>\n<p>Vision de l'\u00c9nergie du Pouvoir<\/p>\n<p><b>Signification<\/b><\/p>\n<ul>\n<li>Prise de conscience<\/li>\n<li>Regard<\/li>\n<li>Vision<\/li>\n<li>Secret<\/li>\n<li>Myst\u00e8re<\/li>\n<li>Croissance<\/li>\n<li>Superficialit\u00e9<\/li>\n<\/ul>\n<p><b>Commentaire<\/b><\/p>\n<p>Le parent ou l'instructeur transmet gr\u00e2ce \u00e0 la communication r\u00e9ciproque sa connaissance \u00e0 son enfant ou son \u00e9l\u00e8ve qui aura ainsi de solides bases dans la vie.<\/p>\n<h3><span id=\"PE\"><a name=\"PE\"><\/a>P\u00c9<\/span><\/h3>\n<p><i>Valeur simple<\/i> : 80<br \/>\n<i>Valeur pleine<\/i> : 85<\/p>\n<p><i>Aspect positif<\/i> : Confiance<br \/>\n<i>Aspect n\u00e9gatif<\/i> : Doute<br \/>\n<i>Sens verbal<\/i> : Prot\u00e9ger<br \/>\n<i>Sens structurel<\/i> : Bouche<br \/>\n<i>Sens fonctionnel<\/i> : Renaissance<\/p>\n<p><i>Sens kabalistique<\/i> : Narine gauche - V\u00e9nus<\/p>\n<p><b>LETTRIQUE<\/b><\/p>\n<p>Parole du Ma\u00eetre<\/p>\n<p><b>Signification<\/b><\/p>\n<ul>\n<li>Expression<\/li>\n<li>Verbe<\/li>\n<li>Parole<\/li>\n<li>D\u00e9livrance<\/li>\n<li>R\u00e9alisation du potentiel<\/li>\n<li>Pr\u00e9paration \u00e0 l'ind\u00e9pendance<\/li>\n<li>R\u00e9v\u00e9lation<\/li>\n<li>Initiation<\/li>\n<li>Dignit\u00e9<\/li>\n<li>Transgression<\/li>\n<li>Culpabilit\u00e9<\/li>\n<\/ul>\n<p><b>Commentaire<\/b><\/p>\n<p>Le parent ou l'instructeur ayant enseign\u00e9 l'enfant ou l'\u00e9l\u00e8ve, il le pr\u00e9pare \u00e0 son envol afin qu'il prenne ses responsabilit\u00e9s.<\/p>\n<h3><span id=\"TSADI\"><a name=\"TSADI\"><\/a>TSADI<\/span><\/h3>\n<p><i>Valeur simple<\/i> : 90<br \/>\n<i>Valeur pleine<\/i> : 104<\/p>\n<p><i>Aspect positif<\/i> : Assistance<br \/>\n<i>Aspect n\u00e9gatif<\/i> : Abandon<br \/>\n<i>Sens verbal<\/i> : Aider<br \/>\n<i>Sens structurel<\/i> : Hame\u00e7on<br \/>\n<i>Sens fonctionnel<\/i> : Ailes<\/p>\n<p><i>Sens kabalistique<\/i> : Pied droit - Verseau<\/p>\n<p><b>LETTRIQUE<\/b><\/p>\n<p>Ext\u00e9riorisation de l'\u00c9tudiant Lib\u00e9r\u00e9<\/p>\n<p><b>Signification<\/b><\/p>\n<ul>\n<li>\u00c9lan ext\u00e9rieur<\/li>\n<li>Ext\u00e9riorisation<\/li>\n<li>Pr\u00e9paration au d\u00e9part<\/li>\n<li>Sublimation<\/li>\n<li>Juste<\/li>\n<li>Pi\u00e8ge<\/li>\n<\/ul>\n<p><b>Commentaire<\/b><\/p>\n<p>Le parent ou l'instructeur se pr\u00e9pare \u00e0 lancer vers son avenir l'enfant ou l'\u00e9l\u00e8ve qui est pr\u00eat \u00e0 prendre son ind\u00e9pendance et \u00e0 s'aventurer dans son futur.<\/p>\n<h3><span id=\"QOUF\"><a name=\"QOUF\"><\/a>QOUF<\/span><\/h3>\n<p><i>Valeur simple<\/i> : 100<br \/>\n<i>Valeur pleine<\/i> : 186<\/p>\n<p><i>Aspect positif<\/i> : V\u00e9rit\u00e9<br \/>\n<i>Aspect n\u00e9gatif<\/i> : Mensonge<br \/>\n<i>Sens verbal<\/i> : Lib\u00e9rer<br \/>\n<i>Sens structurel<\/i> : Nuque<br \/>\n<i>Sens fonctionnel<\/i> : Sagesse<\/p>\n<p><i>Sens kabalistique<\/i> : Pied gauche - Poissons<\/p>\n<p><b>LETTRIQUE<\/b><\/p>\n<p>Sagesse de la Communication du Verbe<\/p>\n<p><b>Signification<\/b><\/p>\n<ul>\n<li>D\u00e9part<\/li>\n<li>D\u00e9but<\/li>\n<li>L\u00e2cher prise<\/li>\n<li>Don<\/li>\n<li>Diff\u00e9rentiation entre r\u00e9el et imaginaire<\/li>\n<li>Illumination<\/li>\n<li>Libert\u00e9<\/li>\n<li>Imitation<\/li>\n<li>S\u00e9paration<\/li>\n<li>Coupure<\/li>\n<li>Conspiration<\/li>\n<\/ul>\n<p><b>Commentaire<\/b><\/p>\n<p>Le parent ou l'instructeur l\u00e2che son enfant ou son \u00e9l\u00e8ve instruit au sein du monde.<\/p>\n<h3><span id=\"RESH\"><a name=\"RESH\"><\/a>RESH<\/span><\/h3>\n<p><i>Valeur simple<\/i> : 200<br \/>\n<i>Valeur pleine<\/i> : 500<\/p>\n<p><i>Aspect positif<\/i> : Ind\u00e9pendance<br \/>\n<i>Aspect n\u00e9gatif<\/i> : Esclavage<br \/>\n<i>Sens verbal<\/i> : Montrer<br \/>\n<i>Sens structurel<\/i> : T\u00eate<br \/>\n<i>Sens fonctionnel<\/i> : Maturit\u00e9<\/p>\n<p><i>Sens kabalistique<\/i> : Oreille droite - Mercure<\/p>\n<p><b>LETTRIQUE<\/b><\/p>\n<p>Mental de la Chair<\/p>\n<p><b>Signification<\/b><\/p>\n<ul>\n<li>Mental<\/li>\n<li>Intellect<\/li>\n<li>Clart\u00e9<\/li>\n<li>Renouvellement<\/li>\n<li>Incarnation<\/li>\n<li>Discr\u00e9tion<\/li>\n<li>Royaut\u00e9<\/li>\n<li>Vanit\u00e9<\/li>\n<li>Paix<\/li>\n<li>Guerre<\/li>\n<\/ul>\n<p><b>Commentaire<\/b><\/p>\n<p>Le Resh est un Dalet mature, devenu fort et stable, qui vit en accord avec les lois du monde.<\/p>\n<h3><span id=\"SHIN\"><a name=\"SHIN\"><\/a>SHIN<\/span><\/h3>\n<p><i>Valeur simple<\/i> : 300<br \/>\n<i>Valeur pleine<\/i> : 360<\/p>\n<p><i>Aspect positif<\/i> : Coh\u00e9sion<br \/>\n<i>Aspect n\u00e9gatif<\/i> : Confusion<br \/>\n<i>Sens verbal<\/i> : Partager<br \/>\n<i>Sens structurel<\/i> : Dent<br \/>\n<i>Sens fonctionnel<\/i> : Mod\u00e9ration<\/p>\n<p><i>Sens kabalistique<\/i> : T\u00eate - Feu<\/p>\n<p><b>LETTRIQUE<\/b><\/p>\n<p>Chair de l'\u00c9nergie du Pouvoir<\/p>\n<p><b>Signification<\/b><\/p>\n<ul>\n<li>Force<\/li>\n<li>Chair<\/li>\n<li>Foyer<\/li>\n<li>Famille<\/li>\n<li>Amiti\u00e9<\/li>\n<li>R\u00e9duction<\/li>\n<li>Aveuglement<\/li>\n<\/ul>\n<p><b>Commentaire<\/b><\/p>\n<p>Le voyage du Bet au Shin est le processus de formation et de vie du couple.<\/p>\n<p>Un homme plus une femme plus un enfant \u00e9gale trois \u00e9tincelles de vie Youd.<\/p>\n<p>La connaissance des lois de l'univers et de la vie est un fondement stable et robuste pour la famille.<\/p>\n<h3><span id=\"TAV\"><a name=\"TAV\"><\/a>TAV<\/span><\/h3>\n<p><i>Valeur simple<\/i> : 400<br \/>\n<i>Valeur pleine<\/i> : 406<\/p>\n<p><i>Aspect positif<\/i> : R\u00e9ussite<br \/>\n<i>Aspect n\u00e9gatif<\/i> : \u00c9chec<br \/>\n<i>Sens verbal<\/i> : Soutenir<br \/>\n<i>Sens structurel<\/i> : Signe<br \/>\n<i>Sens fonctionnel<\/i> : Offrande<\/p>\n<p><i>Sens kabalistique<\/i> : Oreille gauche - Lune<\/p>\n<p><b>LETTRIQUE<\/b><\/p>\n<p>Union gr\u00e2ce \u00e0 la Communication<\/p>\n<p><b>Signification<\/b><\/p>\n<ul>\n<li>Mati\u00e8re<\/li>\n<li>Substance<\/li>\n<li>Synth\u00e8se<\/li>\n<li>Union<\/li>\n<li>Fusion<\/li>\n<li>But<\/li>\n<li>Aboutissement<\/li>\n<li>Perfection<\/li>\n<li>Gr\u00e2ce<\/li>\n<li>Musique<\/li>\n<li>Marque<\/li>\n<li>Symbole<\/li>\n<\/ul>\n<p><b>Commentaire<\/b><\/p>\n<p>Tav est le Resh (l'homme stable) du Bet (l'homme en recherche) qui est soutenu par le Youd (la femme) qui communique (Vav) avec force.<\/p>\n<p>L'homme est fort : il fait confiance \u00e0 la femme et s'appuie sur elle sans r\u00e9serves.<\/p>\n<p>La femme est forte : elle ne plie pas sous le poids des responsabilit\u00e9s mutuelles.<\/p>\n<p>C'est l'aboutissement : Adam et 'Havah forment une seule chair.<\/p>\n<\/p>","protected":false},"excerpt":{"rendered":"<p>Description des 22 lettres h\u00e9bra\u00efques du livret \"L'alphabet h\u00e9breu\". <\/p>\n<p><span style=\"color:#333\"> &rarr; <a href=\"https:\/\/asherhaimhalevi.ordisoftware.com\/works\/hebrew-alphabet\/letters\/\">Lire la suite<\/a><\/span><\/p>\n","protected":false},"author":1,"featured_media":0,"parent":195,"menu_order":17,"comment_status":"closed","ping_status":"closed","template":"","meta":[],"_links":{"self":[{"href":"https:\/\/asherhaimhalevi.ordisoftware.com\/wp-json\/wp\/v2\/pages\/253"}],"collection":[{"href":"https:\/\/asherhaimhalevi.ordisoftware.com\/wp-json\/wp\/v2\/pages"}],"about":[{"href":"https:\/\/asherhaimhalevi.ordisoftware.com\/wp-json\/wp\/v2\/types\/page"}],"author":[{"embeddable":true,"href":"https:\/\/asherhaimhalevi.ordisoftware.com\/wp-json\/wp\/v2\/users\/1"}],"replies":[{"embeddable":true,"href":"https:\/\/asherhaimhalevi.ordisoftware.com\/wp-json\/wp\/v2\/comments?post=253"}],"version-history":[{"count":0,"href":"https:\/\/asherhaimhalevi.ordisoftware.com\/wp-json\/wp\/v2\/pages\/253\/revisions"}],"up":[{"embeddable":true,"href":"https:\/\/asherhaimhalevi.ordisoftware.com\/wp-json\/wp\/v2\/pages\/195"}],"wp:attachment":[{"href":"https:\/\/asherhaimhalevi.ordisoftware.com\/wp-json\/wp\/v2\/media?parent=253"}],"curies":[{"name":"wp","href":"https:\/\/api.w.org\/{rel}","templated":true}]}}