{"id":254,"date":"2021-03-31T22:36:54","date_gmt":"2021-03-31T20:36:54","guid":{"rendered":"https:\/\/asherhaimhalevi.ordisoftware.com\/?page_id=254"},"modified":"2021-04-06T13:08:43","modified_gmt":"2021-04-06T11:08:43","slug":"le-probleme-de-rabbi-jesus","status":"publish","type":"page","link":"https:\/\/asherhaimhalevi.ordisoftware.com\/author\/poetry\/le-probleme-de-rabbi-jesus\/","title":{"rendered":"Le probl\u00e8me de rabbi J\u00e9sus"},"content":{"rendered":"<p style=\"margin-bottom:25px;\"><p><sup><i>\u00c9crit en octobre 2008<\/i><\/sup><\/p>\n<div>\n<div style=\"margin-top: 15px;\" id=\"toc_container\" class=\"no_bullets\"><ul class=\"toc_list\"><li><a href=\"#Cest_quoi_ce_probleme\">C'est quoi ce probl\u00e8me ?<\/a><\/li><li><a href=\"#Cest_quoi_ces_mechants\">C'est quoi ces m\u00e9chants ?<\/a><\/li><li><a href=\"#Cest_quoi_cette_arrogance\">C'est quoi cette arrogance ?<\/a><\/li><li><a href=\"#Cest_quoi_ce_negationnisme\">C'est quoi ce n\u00e9gationnisme ?<\/a><\/li><\/ul><\/div>\n<h3 style=\"text-transform: uppercase;\"><span id=\"Cest_quoi_ce_probleme\">C'est quoi ce probl\u00e8me ?<\/span><\/h3>\n<p>C'est rabbi J\u00e9sus qui demande \u00e0 rabbi Abraham :<br \/>\n- C'est quoi le probl\u00e8me religieux ?<\/p>\n<p>Il r\u00e9pondit :<br \/>\n- C'est un probl\u00e8me mondial.<\/p>\n<p>Peu satisfait de la r\u00e9ponse, il \u00e9crit \u00e0 rabbi Ronron :<br \/>\n- C'est pas un probl\u00e8me, y a que des solutions.<\/p>\n<p>Peu satisfait de la r\u00e9ponse, il t\u00e9l\u00e9phone \u00e0 rabbi Helena :<br \/>\n- Je cherche.<\/p>\n<p>Peu satisfait de la r\u00e9ponse, il invoque l'aide de rabbi Spiritum :<br \/>\n- C'est le probl\u00e8me de Dieu.<\/p>\n<p>Peu satisfait de la r\u00e9ponse, il va voir rabbi Mahomet :<br \/>\n- C'est un probl\u00e8me de religion.<\/p>\n<p>Peu satisfait de la r\u00e9ponse, il prie rabbi Mosh\u00e9 de lui r\u00e9pondre :<br \/>\n- C'est leur probl\u00e8me.<\/p>\n<p>Peu satisfait de la r\u00e9ponse, il rend visite \u00e0 rabbi Lao-Tseu :<br \/>\n- La solution d'un probl\u00e8me, c'est le probl\u00e8me de la solution.<\/p>\n<p>Peu satisfait de la r\u00e9ponse, il contacte rabbi Bouddha :<br \/>\n- Les probl\u00e8mes sont des illusions imaginaires rendues r\u00e9elles dans ton esprit et ils n'existent pas.<\/p>\n<p>Peu satisfait de la r\u00e9ponse, il demande \u00e0 rabbi Veda :<br \/>\n- C'est une question d'image.<\/p>\n<p>Peu satisfait de la r\u00e9ponse, il questionne rabbi Chaman :<br \/>\n- Le grand probl\u00e8me des probl\u00e8mes, c'est qu'ils sont des probl\u00e8mes.<\/p>\n<p>Peu satisfait de la r\u00e9ponse, il envoie un email \u00e0 rabbi Toubib :<br \/>\n- Secret professionnel.<\/p>\n<p>Peu satisfait de la r\u00e9ponse, il s'adresse \u00e0 rabbi Poulet :<br \/>\n- Si tu restes dans mes pattes, tu vas avoir des probl\u00e8mes.<\/p>\n<p>Peu satisfait de la r\u00e9ponse, il interroge \u00e0 rabbi SDF :<br \/>\n- Tu vois pas que j'ai des probl\u00e8mes ?<\/p>\n<p>Peu satisfait de la r\u00e9ponse, il sollicite rabbi Media :<br \/>\n- Chut, \u00e7a tourne.<\/p>\n<p>Alors rabbi J\u00e9sus y se dit :<br \/>\n- Quel probl\u00e8me !<\/p>\n<p>Alors rabbi J\u00e9sus va voir rabbi Statue, et il lui montre rabbi Bouquin.<\/p>\n<\/div>\n<div>\n<p>Au bout d'un moment, rabbi J\u00e9sus s'en va en marmonnant quelque chose dans sa barbe.<\/p>\n<h3 style=\"text-transform: uppercase;\"><span id=\"Cest_quoi_ces_mechants\">C'est quoi ces m\u00e9chants ?<\/span><\/h3>\n<p>Rabbi J\u00e9sus demande \u00e0 Dieu :- Jusqu'\u00e0 quel point les m\u00e9chants ont-ils tort ?<\/p>\n<p>- Jusqu'au point de convoiter, de mentir, de tromper, de m\u00e9priser,<br \/>\nde blesser, de rompre la communication et de tuer.<\/p>\n<p>- Pourquoi font-ils ces choses ?<\/p>\n<p>- Ils sont b\u00eates.<\/p>\n<p>- Comment leur expliquer ?<\/p>\n<p>- Ils comprendront un jour.<\/p>\n<p>- Et les victimes ?<\/p>\n<p>- Elles comprendront aussi un jour.<\/p>\n<p>- Qu'y a-t-il \u00e0 comprendre ?<\/p>\n<p>- C'est \u00e0 cause de la m\u00e9chancet\u00e9, de l'hypocrisie, de l'ignorance,<br \/>\ndes pr\u00e9jug\u00e9s, de la haine et des victimes.<\/p>\n<h3 style=\"text-transform: uppercase;\"><span id=\"Cest_quoi_cette_arrogance\">C'est quoi cette arrogance ?<\/span><\/h3>\n<\/div>\n<p>Les disciples de rabbi J\u00e9sus lui demand\u00e8rent :<\/p>\n<div>\n<p>- Quelle est l'arrogance supr\u00eame ?<\/p>\n<p>Il r\u00e9pondit :<\/p>\n<p>- En v\u00e9rit\u00e9, je vous le dit, la plus grande arrogance est une le\u00e7on d'humilit\u00e9.<\/p>\n<h3 style=\"text-transform: uppercase;\"><span id=\"Cest_quoi_ce_negationnisme\">C'est quoi ce n\u00e9gationnisme ?<\/span><\/h3>\n<p>Les disciples de rabbi J\u00e9sus lui demand\u00e8rent :<\/p>\n<\/div>\n<div>\n<p>- Pourquoi les m\u00e9chants tuent et nient l'existence de Dieu ?<\/p>\n<p>Il r\u00e9pondit :<\/p>\n<p>- En v\u00e9rit\u00e9, je vous le dit, les m\u00e9chants nient l'existence de la Vie.<\/p>\n<\/div>\n<\/p>","protected":false},"excerpt":{"rendered":"<p>Le probl\u00e8me de rabbi J\u00e9sus. <\/p>\n<p><span style=\"color:#333\"> &rarr; <a href=\"https:\/\/asherhaimhalevi.ordisoftware.com\/author\/poetry\/le-probleme-de-rabbi-jesus\/\">Lire la suite<\/a><\/span><\/p>\n","protected":false},"author":1,"featured_media":0,"parent":241,"menu_order":3,"comment_status":"closed","ping_status":"closed","template":"","meta":[],"_links":{"self":[{"href":"https:\/\/asherhaimhalevi.ordisoftware.com\/wp-json\/wp\/v2\/pages\/254"}],"collection":[{"href":"https:\/\/asherhaimhalevi.ordisoftware.com\/wp-json\/wp\/v2\/pages"}],"about":[{"href":"https:\/\/asherhaimhalevi.ordisoftware.com\/wp-json\/wp\/v2\/types\/page"}],"author":[{"embeddable":true,"href":"https:\/\/asherhaimhalevi.ordisoftware.com\/wp-json\/wp\/v2\/users\/1"}],"replies":[{"embeddable":true,"href":"https:\/\/asherhaimhalevi.ordisoftware.com\/wp-json\/wp\/v2\/comments?post=254"}],"version-history":[{"count":0,"href":"https:\/\/asherhaimhalevi.ordisoftware.com\/wp-json\/wp\/v2\/pages\/254\/revisions"}],"up":[{"embeddable":true,"href":"https:\/\/asherhaimhalevi.ordisoftware.com\/wp-json\/wp\/v2\/pages\/241"}],"wp:attachment":[{"href":"https:\/\/asherhaimhalevi.ordisoftware.com\/wp-json\/wp\/v2\/media?parent=254"}],"curies":[{"name":"wp","href":"https:\/\/api.w.org\/{rel}","templated":true}]}}