{"id":255,"date":"2021-03-31T22:44:49","date_gmt":"2021-03-31T20:44:49","guid":{"rendered":"https:\/\/asherhaimhalevi.ordisoftware.com\/?page_id=255"},"modified":"2022-10-29T19:29:14","modified_gmt":"2022-10-29T17:29:14","slug":"le-reve-de-l-africain","status":"publish","type":"page","link":"https:\/\/asherhaimhalevi.ordisoftware.com\/author\/poetry\/le-reve-de-l-africain\/","title":{"rendered":"Le r\u00eave de l'africain"},"content":{"rendered":"<p style=\"margin-bottom:25px;\"><p style=\"margin-bottom: 30px;\"><sup><i>\u00c9crit en janvier 2004<\/i><\/sup><\/p>\n<p>J'ai vu le soleil se lever<br \/>\nLa pluie se laver<br \/>\nLe vent se soulever<br \/>\nEt la terre se pardonner<\/p>\n<p>J'ai vu le monde se tromper<br \/>\nL'homme se conditionner<br \/>\nSa loi l'encha\u00eener<br \/>\nPour enfin le r\u00e9veiller<\/p>\n<p>J'ai vu les gardiens de la pens\u00e9e<br \/>\nLa vie arnaqu\u00e9e<br \/>\nLe monde amput\u00e9<br \/>\nEt certains se lever<\/p>\n<p>J'ai vu un pays lointain<br \/>\nO\u00f9 vivre serein<br \/>\nR\u00eave de l'africain<br \/>\nAu d\u00e9tour de sa chute<\/p>\n<p>J'ai vu un monde sans bobards<br \/>\nLa fin de la censure<br \/>\nLe d\u00e9part des truands<br \/>\nEt le retour de l'espoir<\/p>\n<p>J'ai vu les machines du futur<br \/>\nLa chute du miroir<br \/>\nUn monde sans essence<br \/>\nEt le pr\u00e9sent non absent<\/p>\n<p>J'ai r\u00eav\u00e9 d'un monde d'amour<br \/>\nLa paix pour toujours<br \/>\nJ'ai r\u00eav\u00e9 de l'harmonie du jour<br \/>\nLa vie \u00e0 son tour<\/p>\n<p>J'ai r\u00eav\u00e9 de technologique<br \/>\nEt d'\u00e9cologique<br \/>\nJ'ai r\u00eav\u00e9 le r\u00eave de demain<br \/>\nLe r\u00eave de l'africain<\/p>\n<\/p>","protected":false},"excerpt":{"rendered":"<p>Po\u00e8me \"Le r\u00eave de l'africain\". <\/p>\n<p><span style=\"color:#333\"> &rarr; <a href=\"https:\/\/asherhaimhalevi.ordisoftware.com\/author\/poetry\/le-reve-de-l-africain\/\">Lire la suite<\/a><\/span><\/p>\n","protected":false},"author":1,"featured_media":0,"parent":241,"menu_order":5,"comment_status":"closed","ping_status":"closed","template":"","meta":[],"_links":{"self":[{"href":"https:\/\/asherhaimhalevi.ordisoftware.com\/wp-json\/wp\/v2\/pages\/255"}],"collection":[{"href":"https:\/\/asherhaimhalevi.ordisoftware.com\/wp-json\/wp\/v2\/pages"}],"about":[{"href":"https:\/\/asherhaimhalevi.ordisoftware.com\/wp-json\/wp\/v2\/types\/page"}],"author":[{"embeddable":true,"href":"https:\/\/asherhaimhalevi.ordisoftware.com\/wp-json\/wp\/v2\/users\/1"}],"replies":[{"embeddable":true,"href":"https:\/\/asherhaimhalevi.ordisoftware.com\/wp-json\/wp\/v2\/comments?post=255"}],"version-history":[{"count":0,"href":"https:\/\/asherhaimhalevi.ordisoftware.com\/wp-json\/wp\/v2\/pages\/255\/revisions"}],"up":[{"embeddable":true,"href":"https:\/\/asherhaimhalevi.ordisoftware.com\/wp-json\/wp\/v2\/pages\/241"}],"wp:attachment":[{"href":"https:\/\/asherhaimhalevi.ordisoftware.com\/wp-json\/wp\/v2\/media?parent=255"}],"curies":[{"name":"wp","href":"https:\/\/api.w.org\/{rel}","templated":true}]}}