{"id":256,"date":"2021-03-31T22:45:53","date_gmt":"2021-03-31T20:45:53","guid":{"rendered":"https:\/\/asherhaimhalevi.ordisoftware.com\/?page_id=256"},"modified":"2022-10-29T19:29:17","modified_gmt":"2022-10-29T17:29:17","slug":"souffle-apres-souffle","status":"publish","type":"page","link":"https:\/\/asherhaimhalevi.ordisoftware.com\/author\/poetry\/souffle-apres-souffle\/","title":{"rendered":"Souffle apr\u00e8s souffle"},"content":{"rendered":"<p style=\"margin-bottom:25px;\"><p style=\"margin-bottom: 30px;\"><sup><i>\u00c9crit en janvier 2004<\/i><\/sup><\/p>\n<p>Au fil du temps la vie s'\u00e9teint<br \/>\nLes maladies et les accidents<br \/>\nLes blessures et les traumatismes<br \/>\nEnferment la vie qui s'enlise<\/p>\n<p>Dissiper les cha\u00eenes d\u00e9tach\u00e9es<br \/>\nS'allonger et inspirer<br \/>\nRemonter le temps et expirer<br \/>\nRappeler le souvenir et l\u00e2cher<\/p>\n<p>D\u00e9laiss\u00e9es les fissures du pass\u00e9<br \/>\nLe souffle de la vie r\u00e9veill\u00e9e<br \/>\nPorte l'espoir vers l'instant pr\u00e9sent<br \/>\nPour faire face au levant<\/p>\n<p>D\u00e9pass\u00e9s les regrets oubli\u00e9s<br \/>\nLe mouvement enfin lib\u00e9r\u00e9<br \/>\nLa vie s'anime et se savoure<br \/>\nPour vivre toujours<\/p>\n<p>Douce chaleur du soleil<br \/>\nLumi\u00e8re qui rayonne de pl\u00e9nitude<br \/>\nSource de vie, germes de particules<br \/>\nQui soutiennent l'infini pr\u00e9sent<\/p>\n<p>Chagrin des \u00e9toiles<br \/>\nChutes des soleils<br \/>\nC'est \u00e0 la chaleur<br \/>\nQue la vie fleurit<\/p>\n<p>Peine des lunes<br \/>\nLaver les \u00e9cumes<br \/>\nC'est au souffle<br \/>\nQue la vie se fortifie<\/p>\n<p>Souffle apr\u00e8s souffle la vie prend son souffle<br \/>\nLarmes apr\u00e8s larmes la vie prend ses armes<br \/>\nSouffle apr\u00e8s souffle la vie prend sa place<\/p>\n<p>&nbsp;<\/p>\n<\/p>","protected":false},"excerpt":{"rendered":"<p>Po\u00e8me \"Souffle apr\u00e8s souffle\". <\/p>\n<p><span style=\"color:#333\"> &rarr; <a href=\"https:\/\/asherhaimhalevi.ordisoftware.com\/author\/poetry\/souffle-apres-souffle\/\">Lire la suite<\/a><\/span><\/p>\n","protected":false},"author":1,"featured_media":0,"parent":241,"menu_order":8,"comment_status":"closed","ping_status":"closed","template":"","meta":[],"_links":{"self":[{"href":"https:\/\/asherhaimhalevi.ordisoftware.com\/wp-json\/wp\/v2\/pages\/256"}],"collection":[{"href":"https:\/\/asherhaimhalevi.ordisoftware.com\/wp-json\/wp\/v2\/pages"}],"about":[{"href":"https:\/\/asherhaimhalevi.ordisoftware.com\/wp-json\/wp\/v2\/types\/page"}],"author":[{"embeddable":true,"href":"https:\/\/asherhaimhalevi.ordisoftware.com\/wp-json\/wp\/v2\/users\/1"}],"replies":[{"embeddable":true,"href":"https:\/\/asherhaimhalevi.ordisoftware.com\/wp-json\/wp\/v2\/comments?post=256"}],"version-history":[{"count":0,"href":"https:\/\/asherhaimhalevi.ordisoftware.com\/wp-json\/wp\/v2\/pages\/256\/revisions"}],"up":[{"embeddable":true,"href":"https:\/\/asherhaimhalevi.ordisoftware.com\/wp-json\/wp\/v2\/pages\/241"}],"wp:attachment":[{"href":"https:\/\/asherhaimhalevi.ordisoftware.com\/wp-json\/wp\/v2\/media?parent=256"}],"curies":[{"name":"wp","href":"https:\/\/api.w.org\/{rel}","templated":true}]}}