{"id":2567,"date":"2021-09-08T23:13:49","date_gmt":"2021-09-08T21:13:49","guid":{"rendered":"https:\/\/asherhaimhalevi.ordisoftware.com\/?p=2567"},"modified":"2021-11-22T14:57:09","modified_gmt":"2021-11-22T13:57:09","slug":"commentaire-de-lepitaphe-termine","status":"publish","type":"post","link":"https:\/\/asherhaimhalevi.ordisoftware.com\/blog\/2021\/09\/commentaire-de-lepitaphe-termine\/","title":{"rendered":"Commentaire de l'\u00e9pitaphe presque termin\u00e9"},"content":{"rendered":"<p style=\"margin-bottom:25px;\"><p><span class=\"css-901oao css-16my406 r-poiln3 r-bcqeeo r-qvutc0\">Le commentaire de l'<a href=\"http:\/\/asherhaimhalevi.ordisoftware.com\/works\/epitaph\">\u00e9pitaphe<\/a> avec une analyse de dix-huit shenous \u00e9gyptiens est termin\u00e9 \u00e0 quelques relectures et corrections pr\u00e8s, et peut-\u00eatre quelques shenous de plus tels que Anoukis (p\u00f4le r\u00e9cepteur), Apis (p\u00f4le \u00e9metteur), Shou (p\u00e8re), Tefnout (m\u00e8re), Nout (foyer), Bastet (pudeur), Geb (fruit), Kh\u00e9pri (cr\u00e9ation), Ma\u00e2t (\u00e9quilibre, paix, justice et compassion), Ptah (artisanat et architecture), Hathor (musique et joie), Isfet (le mal qui porte pr\u00e9judice), Sekhmet (le bien qui soigne et r\u00e9pare).<br \/>\n<\/span><\/p>\n<p><a href=\"asherhaimhalevi.ordisoftware.com\/works\/epitaph\"><img decoding=\"async\" class=\"image-bordered-p wp-image-2420 size-full aligncenter\" src=\"https:\/\/asherhaimhalevi.ordisoftware.com\/wp-content\/uploads\/2021\/09\/aton.png\" alt=\"\" width=\"90\" height=\"55\" \/><\/a><\/p>\n<\/p>","protected":false},"excerpt":{"rendered":"<p style=\"margin-bottom:25px;\">\n<p>Le commentaire de l'epitaphe avec une analyse de dix-huit shenous egyptiens est termine a quelques relectures et corrections pres, et peut-etre quelques shenous de plus tels que Anoukis (pole recepteur), Apis (pole emetteur), Shou (pere), Tefnout (mere), Nout (foyer), Bastet (pudeur), Geb (fruit), Khepri (creation), Maat (equilibre, paix, justice et compassion), Ptah (artisanat et architecture), Hathor (musique et joie), Isfet (le mal qui porte prejudice), Sekhmet (le bien qui soigne et repare). <\/p><\/p>\n","protected":false},"author":1,"featured_media":0,"comment_status":"closed","ping_status":"closed","sticky":false,"template":"","format":"standard","meta":[],"categories":[10],"tags":[],"jetpack_featured_media_url":"","_links":{"self":[{"href":"https:\/\/asherhaimhalevi.ordisoftware.com\/wp-json\/wp\/v2\/posts\/2567"}],"collection":[{"href":"https:\/\/asherhaimhalevi.ordisoftware.com\/wp-json\/wp\/v2\/posts"}],"about":[{"href":"https:\/\/asherhaimhalevi.ordisoftware.com\/wp-json\/wp\/v2\/types\/post"}],"author":[{"embeddable":true,"href":"https:\/\/asherhaimhalevi.ordisoftware.com\/wp-json\/wp\/v2\/users\/1"}],"replies":[{"embeddable":true,"href":"https:\/\/asherhaimhalevi.ordisoftware.com\/wp-json\/wp\/v2\/comments?post=2567"}],"version-history":[{"count":0,"href":"https:\/\/asherhaimhalevi.ordisoftware.com\/wp-json\/wp\/v2\/posts\/2567\/revisions"}],"wp:attachment":[{"href":"https:\/\/asherhaimhalevi.ordisoftware.com\/wp-json\/wp\/v2\/media?parent=2567"}],"wp:term":[{"taxonomy":"category","embeddable":true,"href":"https:\/\/asherhaimhalevi.ordisoftware.com\/wp-json\/wp\/v2\/categories?post=2567"},{"taxonomy":"post_tag","embeddable":true,"href":"https:\/\/asherhaimhalevi.ordisoftware.com\/wp-json\/wp\/v2\/tags?post=2567"}],"curies":[{"name":"wp","href":"https:\/\/api.w.org\/{rel}","templated":true}]}}