{"id":257,"date":"2021-03-31T22:46:39","date_gmt":"2021-03-31T20:46:39","guid":{"rendered":"https:\/\/asherhaimhalevi.ordisoftware.com\/?page_id=257"},"modified":"2022-10-29T19:29:20","modified_gmt":"2022-10-29T17:29:20","slug":"les-cordes","status":"publish","type":"page","link":"https:\/\/asherhaimhalevi.ordisoftware.com\/author\/poetry\/les-cordes\/","title":{"rendered":"Les cordes"},"content":{"rendered":"<p style=\"margin-bottom:25px;\"><p style=\"margin-bottom: 30px;\"><sup><i>\u00c9crit en janvier 2004<\/i><\/sup><\/p>\n<p>Mirage du sillage<br \/>\nGlisse d'entre les mondes<br \/>\nVital gribouillage<br \/>\nDe l'artiste du monde<\/p>\n<p>Libre ennui pesant<br \/>\nNaissance des exp\u00e9riences<br \/>\nMouvement pensant<br \/>\nDe l'ultime conscience<\/p>\n<p>Plausible apparence<br \/>\nD'un monde vibrant<br \/>\nAu son de la transe<br \/>\nS'entrelace les \u00e9crans<\/p>\n<p>Ronde des astres<br \/>\nTurbulences particulaires<br \/>\nFractales pendulaires<br \/>\nDe l'ultime s\u00e9ance<\/p>\n<p>D'une corde \u00e0 l'autre<br \/>\nLes soleils sautillent<br \/>\nD'une corde \u00e0 l'autre<br \/>\nLes soleils scintillent<\/p>\n<p>Au son des cordes<br \/>\nLes soleils s'amusent<br \/>\n\u00c2mes en discordes<br \/>\nSoleils qui rayonnent<\/p>\n<\/p>","protected":false},"excerpt":{"rendered":"<p>po\u00e8me \"Les cordes\". <\/p>\n<p><span style=\"color:#333\"> &rarr; <a href=\"https:\/\/asherhaimhalevi.ordisoftware.com\/author\/poetry\/les-cordes\/\">Lire la suite<\/a><\/span><\/p>\n","protected":false},"author":1,"featured_media":0,"parent":241,"menu_order":11,"comment_status":"closed","ping_status":"closed","template":"","meta":[],"_links":{"self":[{"href":"https:\/\/asherhaimhalevi.ordisoftware.com\/wp-json\/wp\/v2\/pages\/257"}],"collection":[{"href":"https:\/\/asherhaimhalevi.ordisoftware.com\/wp-json\/wp\/v2\/pages"}],"about":[{"href":"https:\/\/asherhaimhalevi.ordisoftware.com\/wp-json\/wp\/v2\/types\/page"}],"author":[{"embeddable":true,"href":"https:\/\/asherhaimhalevi.ordisoftware.com\/wp-json\/wp\/v2\/users\/1"}],"replies":[{"embeddable":true,"href":"https:\/\/asherhaimhalevi.ordisoftware.com\/wp-json\/wp\/v2\/comments?post=257"}],"version-history":[{"count":0,"href":"https:\/\/asherhaimhalevi.ordisoftware.com\/wp-json\/wp\/v2\/pages\/257\/revisions"}],"up":[{"embeddable":true,"href":"https:\/\/asherhaimhalevi.ordisoftware.com\/wp-json\/wp\/v2\/pages\/241"}],"wp:attachment":[{"href":"https:\/\/asherhaimhalevi.ordisoftware.com\/wp-json\/wp\/v2\/media?parent=257"}],"curies":[{"name":"wp","href":"https:\/\/api.w.org\/{rel}","templated":true}]}}