{"id":258,"date":"2021-03-31T22:46:45","date_gmt":"2021-03-31T20:46:45","guid":{"rendered":"https:\/\/asherhaimhalevi.ordisoftware.com\/?page_id=258"},"modified":"2021-04-06T13:08:47","modified_gmt":"2021-04-06T11:08:47","slug":"au-nom-du-sang","status":"publish","type":"page","link":"https:\/\/asherhaimhalevi.ordisoftware.com\/author\/poetry\/au-nom-du-sang\/","title":{"rendered":"Au nom du sang"},"content":{"rendered":"<p style=\"margin-bottom:25px;\"><p style=\"margin-bottom: 30px;\"><sup><i>\u00c9crit en janvier 2004<\/i><\/sup><\/p>\n<p>L'exp\u00e9rience, r\u00eave<br \/>\nDe l'\u00eatre pass\u00e9<br \/>\nFile sur les traces de la terre<br \/>\nImpulsion de la pens\u00e9e<\/p>\n<p>Future connaissance<br \/>\nL'\u00e9ther de son \u00e2me<br \/>\n\u00c9nergie de l'esprit<br \/>\nEnvo\u00fbte les astres<\/p>\n<p>Le nouvel ancien monde<br \/>\nR\u00eave si lointain<br \/>\nR\u00e9miniscence de l'onde<br \/>\nObscure source de demain<\/p>\n<p>Poussi\u00e8re de soleils<br \/>\nLes cendres d'\u00e9tincelles<br \/>\n\u00c9ternelle libert\u00e9<br \/>\nD'une explosion agit\u00e9e<\/p>\n<p>Pr\u00e9sence d'origine connue<br \/>\nAmn\u00e9sie de son vaste ennui<br \/>\nDestination finale des choix perdus<\/p>\n<p>Au nom du P\u00e8re, du Fils et du Saint-Esprit<br \/>\nAu nom du Sang, du Jeu et de la Vie<\/p>\n<\/p>","protected":false},"excerpt":{"rendered":"<p>Po\u00e8me \"Au nom du sang\". <\/p>\n<p><span style=\"color:#333\"> &rarr; <a href=\"https:\/\/asherhaimhalevi.ordisoftware.com\/author\/poetry\/au-nom-du-sang\/\">Lire la suite<\/a><\/span><\/p>\n","protected":false},"author":1,"featured_media":0,"parent":241,"menu_order":23,"comment_status":"closed","ping_status":"closed","template":"","meta":[],"_links":{"self":[{"href":"https:\/\/asherhaimhalevi.ordisoftware.com\/wp-json\/wp\/v2\/pages\/258"}],"collection":[{"href":"https:\/\/asherhaimhalevi.ordisoftware.com\/wp-json\/wp\/v2\/pages"}],"about":[{"href":"https:\/\/asherhaimhalevi.ordisoftware.com\/wp-json\/wp\/v2\/types\/page"}],"author":[{"embeddable":true,"href":"https:\/\/asherhaimhalevi.ordisoftware.com\/wp-json\/wp\/v2\/users\/1"}],"replies":[{"embeddable":true,"href":"https:\/\/asherhaimhalevi.ordisoftware.com\/wp-json\/wp\/v2\/comments?post=258"}],"version-history":[{"count":0,"href":"https:\/\/asherhaimhalevi.ordisoftware.com\/wp-json\/wp\/v2\/pages\/258\/revisions"}],"up":[{"embeddable":true,"href":"https:\/\/asherhaimhalevi.ordisoftware.com\/wp-json\/wp\/v2\/pages\/241"}],"wp:attachment":[{"href":"https:\/\/asherhaimhalevi.ordisoftware.com\/wp-json\/wp\/v2\/media?parent=258"}],"curies":[{"name":"wp","href":"https:\/\/api.w.org\/{rel}","templated":true}]}}