{"id":259,"date":"2021-03-31T22:46:51","date_gmt":"2021-03-31T20:46:51","guid":{"rendered":"https:\/\/asherhaimhalevi.ordisoftware.com\/?page_id=259"},"modified":"2021-04-06T13:08:50","modified_gmt":"2021-04-06T11:08:50","slug":"injustice","status":"publish","type":"page","link":"https:\/\/asherhaimhalevi.ordisoftware.com\/author\/poetry\/injustice\/","title":{"rendered":"Injustice"},"content":{"rendered":"<p style=\"margin-bottom:25px;\"><p style=\"margin-bottom: 30px;\"><sup><i>\u00c9crit en juin 2009<\/i><\/sup><\/p>\n<p>Ils ont pris du plaisir, \u00e7a j'en suis s\u00fbr<br \/>\nC'est bizarre c'que pensent ces gens<br \/>\nC'est des fous qui font du mal<br \/>\nIls ont pris du plaisir, \u00e0 me faire<\/p>\n<p>Ils ont s\u00fbrement arnaqu\u00e9 la justice<br \/>\nIls ont peut-\u00eatre jou\u00e9 ma vie<br \/>\nIls ont peut-\u00eatre bluff\u00e9 le monde<br \/>\nC'est peut-\u00eatre con mais j'y crois plus<br \/>\nC'est tellement n'importe quoi<\/p>\n<p>Tu comprends, ils me voulaient pas<br \/>\nMoi, j'\u00e9tais qu'un probl\u00e8me<br \/>\nRien que leurs mensonges<br \/>\nMais j'avais rien demand\u00e9 moi<br \/>\nJ'avais rien demand\u00e9<\/p>\n<p>Moi, je les ai toujours vus me maltraiter<br \/>\nM'insulter, les reproches, les m\u00e9disances<br \/>\nEncore aujourd'hui, je supporte pas<br \/>\nLes conneries, la violence<\/p>\n<p>Et on se fait tuer par leurs soins<br \/>\nOn voit ces gens, la vie au dehors<br \/>\nEt des sourires, qui nous d\u00e9vorent<br \/>\nPas d'parents, c'est la rue ou l'bureau<br \/>\nOn s'appuie contre les murs pour tenir<br \/>\nDurs et tr\u00e8s froids<br \/>\nIls sont aux abois<\/p>\n<p>Y a les autres, la musique<br \/>\nL'hiver, les ronces et les mots de haine<br \/>\nEt puis y'a la mort au d\u00e9tour du m\u00e9pris<\/p>\n<p>Il en faut du temps pour comprendre<br \/>\nQue les gens sont si mauvais<br \/>\nQu'ils sont coupables<br \/>\nQu'on est innocent rendu incapable<\/p>\n<p>Et puis pour moins souffrir<br \/>\nEt pouvoir refuser ce qu'on nous impose<br \/>\nUn sale jour, on s'en va<br \/>\nLoin des m\u00e9chancet\u00e9s<br \/>\nEt loin des d\u00e9bilit\u00e9s<\/p>\n<p>Un sale jour, on s'en va<br \/>\nLoin des guignoleries<br \/>\nEt loin des barbaries<\/p>\n<\/p>","protected":false},"excerpt":{"rendered":"<p>Po\u00e8me \"Injustice\". <\/p>\n<p><span style=\"color:#333\"> &rarr; <a href=\"https:\/\/asherhaimhalevi.ordisoftware.com\/author\/poetry\/injustice\/\">Lire la suite<\/a><\/span><\/p>\n","protected":false},"author":1,"featured_media":0,"parent":241,"menu_order":25,"comment_status":"closed","ping_status":"closed","template":"","meta":[],"_links":{"self":[{"href":"https:\/\/asherhaimhalevi.ordisoftware.com\/wp-json\/wp\/v2\/pages\/259"}],"collection":[{"href":"https:\/\/asherhaimhalevi.ordisoftware.com\/wp-json\/wp\/v2\/pages"}],"about":[{"href":"https:\/\/asherhaimhalevi.ordisoftware.com\/wp-json\/wp\/v2\/types\/page"}],"author":[{"embeddable":true,"href":"https:\/\/asherhaimhalevi.ordisoftware.com\/wp-json\/wp\/v2\/users\/1"}],"replies":[{"embeddable":true,"href":"https:\/\/asherhaimhalevi.ordisoftware.com\/wp-json\/wp\/v2\/comments?post=259"}],"version-history":[{"count":0,"href":"https:\/\/asherhaimhalevi.ordisoftware.com\/wp-json\/wp\/v2\/pages\/259\/revisions"}],"up":[{"embeddable":true,"href":"https:\/\/asherhaimhalevi.ordisoftware.com\/wp-json\/wp\/v2\/pages\/241"}],"wp:attachment":[{"href":"https:\/\/asherhaimhalevi.ordisoftware.com\/wp-json\/wp\/v2\/media?parent=259"}],"curies":[{"name":"wp","href":"https:\/\/api.w.org\/{rel}","templated":true}]}}