{"id":260,"date":"2021-03-31T22:46:54","date_gmt":"2021-03-31T20:46:54","guid":{"rendered":"https:\/\/asherhaimhalevi.ordisoftware.com\/?page_id=260"},"modified":"2021-04-06T13:08:51","modified_gmt":"2021-04-06T11:08:51","slug":"les-tribunaux-du-crime","status":"publish","type":"page","link":"https:\/\/asherhaimhalevi.ordisoftware.com\/author\/poetry\/les-tribunaux-du-crime\/","title":{"rendered":"Les tribunaux du crime"},"content":{"rendered":"<p style=\"margin-bottom:25px;\"><p style=\"margin-bottom: 30px;\"><sup><i>\u00c9crit en d\u00e9cembre 2012<\/i><\/sup><\/p>\n<p>Moi, j'ai pas b'soin d'argent<br \/>\nM\u00eame si j'ai plus rien<br \/>\nSans travail, ami ou force<\/p>\n<p>Vous avez l'obligation<br \/>\nD'vous soumettre \u00e0 la loi<br \/>\nC'est juste pour toujours<br \/>\nL'int\u00e9grit\u00e9 et l'honn\u00eatet\u00e9<\/p>\n<p>\u00c0 tous les corrompus du crime et d'l'obstruction<br \/>\nLes profiteurs du ch\u00e2teau, les seigneurs de la table<br \/>\nSi vous pensez aux gens, c'est pr\u00e9m\u00e9ditant<br \/>\nDemain, vos noms, peut-\u00eatre grossiront la liste<\/p>\n<p>Autrefois on s'amusait toujours sur la place du village<br \/>\nUne bille, une carte, un coin pour inventer des r\u00eaves<br \/>\nAujourd'hui vos paupi\u00e8res et vos maisons sont closes<br \/>\nVous contre les autres, vous en \u00eates fiers<\/p>\n<p>Vous avez mauvaise conscience<br \/>\n\u00c7a m'emp\u00eache de dormir<br \/>\nEt pour tout dire, \u00e7a g\u00e2che un peu l'go\u00fbt d'la vie<br \/>\nC'est pas vraiment ma faute si y'en a qui sont m\u00e9chants<br \/>\nMais \u00e7a l'deviendrait, si je disais rien<br \/>\nJ'ai pas d'solution pour changer l'monde<br \/>\nMais si j'peux t\u00e9moigner, j'ai rien d'autre \u00e0 faire<br \/>\nY a vraiment trop d'mis\u00e8res, trop d'injustices<br \/>\nEt \u00e7a se passe ici, ici et aujourd'hui<\/p>\n<p>Aujourd'hui, on n'a plus de droit<br \/>\nNi d'avoir sant\u00e9, ni d'avoir justice<br \/>\nImplant\u00e9 le chacun pour soi<br \/>\nQuand je pense \u00e0 vous, je pense \u00e0 eux<br \/>\nJe vous promets la grande v\u00e9rit\u00e9<br \/>\nJuste l'int\u00e9grit\u00e9 et l'honn\u00eatet\u00e9<br \/>\nUn peu de faits et beaucoup de preuves<br \/>\nDans les tribunaux, les tribunaux du crime<\/p>\n<\/p>","protected":false},"excerpt":{"rendered":"<p>Po\u00e8me \"Les tribunaux du crime\". <\/p>\n<p><span style=\"color:#333\"> &rarr; <a href=\"https:\/\/asherhaimhalevi.ordisoftware.com\/author\/poetry\/les-tribunaux-du-crime\/\">Lire la suite<\/a><\/span><\/p>\n","protected":false},"author":1,"featured_media":0,"parent":241,"menu_order":26,"comment_status":"closed","ping_status":"closed","template":"","meta":[],"_links":{"self":[{"href":"https:\/\/asherhaimhalevi.ordisoftware.com\/wp-json\/wp\/v2\/pages\/260"}],"collection":[{"href":"https:\/\/asherhaimhalevi.ordisoftware.com\/wp-json\/wp\/v2\/pages"}],"about":[{"href":"https:\/\/asherhaimhalevi.ordisoftware.com\/wp-json\/wp\/v2\/types\/page"}],"author":[{"embeddable":true,"href":"https:\/\/asherhaimhalevi.ordisoftware.com\/wp-json\/wp\/v2\/users\/1"}],"replies":[{"embeddable":true,"href":"https:\/\/asherhaimhalevi.ordisoftware.com\/wp-json\/wp\/v2\/comments?post=260"}],"version-history":[{"count":0,"href":"https:\/\/asherhaimhalevi.ordisoftware.com\/wp-json\/wp\/v2\/pages\/260\/revisions"}],"up":[{"embeddable":true,"href":"https:\/\/asherhaimhalevi.ordisoftware.com\/wp-json\/wp\/v2\/pages\/241"}],"wp:attachment":[{"href":"https:\/\/asherhaimhalevi.ordisoftware.com\/wp-json\/wp\/v2\/media?parent=260"}],"curies":[{"name":"wp","href":"https:\/\/api.w.org\/{rel}","templated":true}]}}