{"id":2786,"date":"2022-01-20T15:02:49","date_gmt":"2022-01-20T14:02:49","guid":{"rendered":"https:\/\/asherhaimhalevi.ordisoftware.com\/?p=2786"},"modified":"2022-11-10T11:38:18","modified_gmt":"2022-11-10T10:38:18","slug":"ajout-section-denouement-medical-au-temoignage","status":"publish","type":"post","link":"https:\/\/asherhaimhalevi.ordisoftware.com\/blog\/2022\/01\/ajout-section-denouement-medical-au-temoignage\/","title":{"rendered":"Ajout section D\u00e9nouement m\u00e9dical au t\u00e9moignage"},"content":{"rendered":"<p style=\"margin-bottom:25px;\"><p><span class=\"css-901oao css-16my406 r-poiln3 r-bcqeeo r-qvutc0\">Mise \u00e0 jour du <a href=\"https:\/\/asherhaimhalevi.ordisoftware.com\/author\/testimony\/\">T\u00e9moignage<\/a> avec la section<\/span> <a href=\"https:\/\/asherhaimhalevi.ordisoftware.com\/author\/testimony\/#Denouement_medical\">D\u00e9nouement m\u00e9dical<\/a> <span class=\"css-901oao css-16my406 r-poiln3 r-bcqeeo r-qvutc0\">et d\u00e9placement du <a href=\"https:\/\/asherhaimhalevi.ordisoftware.com\/author\/testimony\/#Recapitulatif\">R\u00e9capitulatif<\/a> depuis la page <a href=\"https:\/\/asherhaimhalevi.ordisoftware.com\/author\/evidence-files\/\">Dossier des preuves<\/a> pour plus de coh\u00e9rence : e<\/span>n plus de compenser un d\u00e9ficit immunitaire avec des immunoglobulines de vache en poudre ou humaines en perfusions pour \u00e9viter les infections chroniques, une fois diagnostiqu\u00e9, il est bon de savoir que les fleurs de bruy\u00e8re peuvent dans certains cas soigner les ost\u00e9omy\u00e9lites notamment \u00e0 pyocyanique, m\u00eame si les autorit\u00e9s affirment au fil du temps et apr\u00e8s quelques d\u00e9cennies que des traumatismes corporels infect\u00e9s attest\u00e9s par les faits, les examens et les rapports d'expertise sont finalement une maladie mentale imaginaire et un dysfonctionnement c\u00e9r\u00e9bral de la victime jug\u00e9e dangereuse pour la soci\u00e9t\u00e9, n\u00e9cessitant sans recours possible retrait des droits, kidnapping, s\u00e9questration, tortures et empoisonnements \u00e0 vie, ce qui est <a href=\"https:\/\/asherhaimhalevi.ordisoftware.com\">criminel<\/a> et qui est pourtant pratiqu\u00e9 actuellement en toute impunit\u00e9 sur un certain nombre de personnes, y compris dans d'autres cas divers et vari\u00e9s pour quelque raison injustifiable et ill\u00e9gitime que ce soit, par l'organisation dirigeante de <a href=\"https:\/\/asherhaimhalevi.ordisoftware.com\/logical-proposition\/health-help-justice-theory\/\">sant\u00e9, aide et justice<\/a> privatis\u00e9e et donc ill\u00e9gale, et ce, afin de prot\u00e9ger les responsables directs et les assurances charg\u00e9es au nom de l'\u00c9tat de la protection de la vie et des biens ainsi que du salaire des humains lorsqu'ils perdent la capacit\u00e9 de travailler...<\/p>\n<\/p>","protected":false},"excerpt":{"rendered":"<p style=\"margin-bottom:25px;\">\n<p>Mise a jour du Temoignage avec la section Denouement medical et deplacement du Recapitulatif depuis la page Dossier des preuves pour plus de coherence : en plus de compenser un deficit immunitaire avec des immunoglobulines de vache en poudre ou humaines en perfusions pour eviter les infections chroniques, une fois diagnostique, il est bon de savoir que les fleurs de bruyere peuvent dans certains cas soigner les osteomyelites notamment a pyocyanique, meme si les autorites affirment au fil du temps et apres quelques decennies que des traumatismes corporels infectes attestes par les faits, les examens et les rapports d'expertise <\/p>\n<p><span style=\"color:#333\"> &rarr; <a href=\"https:\/\/asherhaimhalevi.ordisoftware.com\/blog\/2022\/01\/ajout-section-denouement-medical-au-temoignage\/\">Lire la suite<\/a><\/span><\/p>\n","protected":false},"author":1,"featured_media":0,"comment_status":"closed","ping_status":"closed","sticky":false,"template":"","format":"standard","meta":[],"categories":[1],"tags":[],"jetpack_featured_media_url":"","_links":{"self":[{"href":"https:\/\/asherhaimhalevi.ordisoftware.com\/wp-json\/wp\/v2\/posts\/2786"}],"collection":[{"href":"https:\/\/asherhaimhalevi.ordisoftware.com\/wp-json\/wp\/v2\/posts"}],"about":[{"href":"https:\/\/asherhaimhalevi.ordisoftware.com\/wp-json\/wp\/v2\/types\/post"}],"author":[{"embeddable":true,"href":"https:\/\/asherhaimhalevi.ordisoftware.com\/wp-json\/wp\/v2\/users\/1"}],"replies":[{"embeddable":true,"href":"https:\/\/asherhaimhalevi.ordisoftware.com\/wp-json\/wp\/v2\/comments?post=2786"}],"version-history":[{"count":0,"href":"https:\/\/asherhaimhalevi.ordisoftware.com\/wp-json\/wp\/v2\/posts\/2786\/revisions"}],"wp:attachment":[{"href":"https:\/\/asherhaimhalevi.ordisoftware.com\/wp-json\/wp\/v2\/media?parent=2786"}],"wp:term":[{"taxonomy":"category","embeddable":true,"href":"https:\/\/asherhaimhalevi.ordisoftware.com\/wp-json\/wp\/v2\/categories?post=2786"},{"taxonomy":"post_tag","embeddable":true,"href":"https:\/\/asherhaimhalevi.ordisoftware.com\/wp-json\/wp\/v2\/tags?post=2786"}],"curies":[{"name":"wp","href":"https:\/\/api.w.org\/{rel}","templated":true}]}}