{"id":2877,"date":"2022-01-29T10:00:03","date_gmt":"2022-01-29T09:00:03","guid":{"rendered":"https:\/\/asherhaimhalevi.ordisoftware.com\/?p=2877"},"modified":"2022-02-02T10:44:22","modified_gmt":"2022-02-02T09:44:22","slug":"nouvelle-carte-de-visite-2022","status":"publish","type":"post","link":"https:\/\/asherhaimhalevi.ordisoftware.com\/blog\/2022\/01\/nouvelle-carte-de-visite-2022\/","title":{"rendered":"Nouvelle carte de visite 2022"},"content":{"rendered":"<p style=\"margin-bottom:25px;\"><p>Nouvelle carte de visite double face 2022 avec images de :<\/p>\n<ul>\n<li>Tr\u00e8fle rouge me sauvant la vie d'une naissance en 1973 immunod\u00e9prim\u00e9 (n\u00e9cessite des immunoglobulines) et infect\u00e9 mais fort des os et des organes.<\/li>\n<\/ul>\n<ul>\n<li>Bruy\u00e8re vulgaire me sauvant partiellement des m\u00e9chants qui ont tort de vouloir depuis 1984 me faire souffrir et mourir pr\u00e9matur\u00e9ment depuis ma petite enfance pour ce qu'ils font et ce qu'ils ne font pas car ils se trompent de cible et de moyens.<\/li>\n<\/ul>\n<p><a href=\"https:\/\/asherhaimhalevi.ordisoftware.com\/author\/\"><img decoding=\"async\" class=\"image-p aligncenter wp-image-2909 size-full\" src=\"https:\/\/asherhaimhalevi.ordisoftware.com\/wp-content\/uploads\/2022\/01\/business-card-2022.jpg\" alt=\"\" width=\"500\" height=\"654\" srcset=\"https:\/\/asherhaimhalevi.ordisoftware.com\/wp-content\/uploads\/2022\/01\/business-card-2022.jpg 500w, https:\/\/asherhaimhalevi.ordisoftware.com\/wp-content\/uploads\/2022\/01\/business-card-2022-229x300.jpg 229w, https:\/\/asherhaimhalevi.ordisoftware.com\/wp-content\/uploads\/2022\/01\/business-card-2022-153x200.jpg 153w, https:\/\/asherhaimhalevi.ordisoftware.com\/wp-content\/uploads\/2022\/01\/business-card-2022-115x150.jpg 115w, https:\/\/asherhaimhalevi.ordisoftware.com\/wp-content\/uploads\/2022\/01\/business-card-2022-400x523.jpg 400w\" sizes=\"(max-width: 500px) 100vw, 500px\" \/><\/a><\/p>\n<\/p>","protected":false},"excerpt":{"rendered":"<p style=\"margin-bottom:25px;\">\n<p>Nouvelle carte de visite double face 2022 avec images de :<\/p>\n<p> Trefle rouge me sauvant la vie d'une naissance en 1973 immunodeprime (necessite des immunoglobulines) et infecte mais fort des os et des organes. Bruyere vulgaire me sauvant partiellement des mechants qui ont tort de vouloir depuis 1984 me faire souffrir et mourir prematurement depuis ma petite enfance pour ce qu'ils font et ce qu'ils ne font pas car ils se trompent de cible et de moyens. <\/p>\n","protected":false},"author":1,"featured_media":0,"comment_status":"closed","ping_status":"closed","sticky":false,"template":"","format":"standard","meta":[],"categories":[1],"tags":[],"jetpack_featured_media_url":"","_links":{"self":[{"href":"https:\/\/asherhaimhalevi.ordisoftware.com\/wp-json\/wp\/v2\/posts\/2877"}],"collection":[{"href":"https:\/\/asherhaimhalevi.ordisoftware.com\/wp-json\/wp\/v2\/posts"}],"about":[{"href":"https:\/\/asherhaimhalevi.ordisoftware.com\/wp-json\/wp\/v2\/types\/post"}],"author":[{"embeddable":true,"href":"https:\/\/asherhaimhalevi.ordisoftware.com\/wp-json\/wp\/v2\/users\/1"}],"replies":[{"embeddable":true,"href":"https:\/\/asherhaimhalevi.ordisoftware.com\/wp-json\/wp\/v2\/comments?post=2877"}],"version-history":[{"count":0,"href":"https:\/\/asherhaimhalevi.ordisoftware.com\/wp-json\/wp\/v2\/posts\/2877\/revisions"}],"wp:attachment":[{"href":"https:\/\/asherhaimhalevi.ordisoftware.com\/wp-json\/wp\/v2\/media?parent=2877"}],"wp:term":[{"taxonomy":"category","embeddable":true,"href":"https:\/\/asherhaimhalevi.ordisoftware.com\/wp-json\/wp\/v2\/categories?post=2877"},{"taxonomy":"post_tag","embeddable":true,"href":"https:\/\/asherhaimhalevi.ordisoftware.com\/wp-json\/wp\/v2\/tags?post=2877"}],"curies":[{"name":"wp","href":"https:\/\/api.w.org\/{rel}","templated":true}]}}