{"id":3,"date":"2021-03-29T09:53:29","date_gmt":"2021-03-29T07:53:29","guid":{"rendered":"https:\/\/asherhaimhalevi.ordisoftware.com\/?page_id=3"},"modified":"2022-11-14T13:52:45","modified_gmt":"2022-11-14T12:52:45","slug":"legal-notice","status":"publish","type":"page","link":"https:\/\/asherhaimhalevi.ordisoftware.com\/legal-notice\/","title":{"rendered":"Informations l\u00e9gales"},"content":{"rendered":"<p style=\"margin-bottom:25px;\"><p><em><\/em><\/p>\r\n<p><em><\/em><\/p>\r\n<div style=\"margin-top: 15px;\" id=\"toc_container\" class=\"no_bullets\"><ul class=\"toc_list\"><li><a href=\"#A_propos_de_ce_site\">\u00c0 propos de ce site<\/a><\/li><li><a href=\"#Confidentialite\">Confidentialit\u00e9<\/a><\/li><li><a href=\"#Copyright\">Copyright<\/a><\/li><li><a href=\"#Auteur\">Auteur<\/a><\/li><\/ul><\/div>\n<h3 style=\"text-align: justify;\"><span id=\"A_propos_de_ce_site\"><span id=\"A_propos_de_ce_site\">\u00c0 propos de ce site<\/span><\/span><\/h3>\r\n<h4 style=\"text-align: justify;\">Objet<\/h4>\r\n<p>Ce site a \u00e9t\u00e9 lanc\u00e9 par <a href=\"https:\/\/asherhaimhalevi.ordisoftware.com\/author\/\">Olivier Aim\u00e9 Louis Rogier<\/a> sous le pseudonyme <a href=\"#pseudonyme\">Asher 'Ha\u00efm HaLevi<\/a> en 2015 et son but est de pr\u00e9senter des livres libres en fran\u00e7ais r\u00e9alis\u00e9s depuis 2011 sur une ex\u00e9g\u00e8se physicaliste de la Torah et de la Bible h\u00e9bra\u00efque, et un peu sur les Sutras, les \u00c9vangiles, le Quran et les hi\u00e9roglyphes.<\/p>\r\n<p>Archiv\u00e9 sur GitHub :<\/p>\r\n<ul>\r\n<li><a href=\"https:\/\/github.com\/Ordisoftware\/Torah-Physicalist-Exegesis\" target=\"_blank\" rel=\"noopener\">D\u00e9p\u00f4t<\/a><\/li>\r\n<li><a href=\"https:\/\/archive.softwareheritage.org\/browse\/origin\/directory\/?origin_url=https:\/\/github.com\/Ordisoftware\/Torah-Physicalist-Exegesis\" target=\"_blank\" rel=\"noopener\">Duplicata<\/a><\/li>\r\n<li><a href=\"https:\/\/ordisoftware.github.io\/Torah-Physicalist-Exegesis\/\" target=\"_blank\" rel=\"noopener\">Site miroir<\/a><\/li>\r\n<\/ul>\r\n<h4 style=\"text-align: justify;\">Sp\u00e9cifications<\/h4>\r\n<p style=\"text-align: justify;\">Fonctionne avec <a href=\"https:\/\/wordpress.org\" target=\"_blank\" rel=\"noopener noreferrer\">WordPress<\/a> et <a href=\"https:\/\/www.mysql.com\" target=\"_blank\" rel=\"noopener noreferrer\">MySQL<\/a> chez <a href=\"https:\/\/www.gandi.net\" target=\"_blank\" rel=\"noopener noreferrer\">Gandi<\/a>.<\/p>\r\n<p>R\u00e9solution d\u2019affichage minimum recommand\u00e9e :<\/p>\r\n<ul>\r\n<li>Adapt\u00e9 aux affichages de plus de 480\u00d7320 pixels.<\/li>\r\n<li>Smartphones et petites tablettes : 640\u00d7480 pixels.<\/li>\r\n<li>Ordinateur de bureau, portables et tablettes : 1024\u00d7768 pixels.<\/li>\r\n<li>La fonction zoom du navigateur peut \u00eatre utilis\u00e9e avec les \u00e9crans 4K.<\/li>\r\n<\/ul>\r\n<h3 id=\"privacy\"><span id=\"Confidentialite\">Confidentialit\u00e9<\/span><\/h3>\r\n<h4 style=\"text-align: justify;\">Navigation<\/h4>\r\n<p style=\"text-align: justify;\">Ce site est accessible via le protocole HTTPS, ce qui signifie que toutes les donn\u00e9es \u00e9chang\u00e9es entre le serveur d'h\u00e9bergement Gandi Simple Hosting et votre appareil sont crypt\u00e9es en utilisant le protocole SSL avec un chiffrement de 256 bits et un certificat ayant une cl\u00e9 de 2048 bits.<\/p>\r\n<h4 style=\"text-align: justify;\">Cookies<\/h4>\r\n<p style=\"text-align: justify;\">Les informations suivantes sont stock\u00e9es dans l'espace cookies de votre navigateur : langue de lecture et donn\u00e9es WordPress.<\/p>\r\n<p style=\"text-align: justify;\">Ce site ne collecte aucune donn\u00e9e \u00e0 vis\u00e9e publicitaire et aucune information personnelle autres que celles mentionn\u00e9es ci-apr\u00e8s.<\/p>\r\n<h4 style=\"text-align: justify;\">Collecte de donn\u00e9es<\/h4>\r\n<p>En application de la GDPR, ce site n'enregistre pas votre adresse IP au del\u00e0 d'une certaine dur\u00e9e mentionn\u00e9e ci-apr\u00e8s.<\/p>\r\n<p>Les informations suivantes peuvent \u00eatre collect\u00e9es automatiquement et uniquement \u00e0 des fins statistiques pour une dur\u00e9e n'exc\u00e9dant pas trois mois : pays, ville, type du syst\u00e8me d'exploitation, r\u00e9solution de l'\u00e9cran, nom du navigateur et pages affich\u00e9es.<\/p>\r\n<p>Afin de garantir la s\u00e9curit\u00e9 du site, le syst\u00e8me peut enregistrer votre adresse IP dans la base de donn\u00e9es du serveur web pour \u00eatre bloqu\u00e9e.<\/p>\r\n<p>Votre adresse IP peut \u00e9galement \u00eatre transmise pour v\u00e9rification \u00e0 des services de s\u00e9curit\u00e9 tiers r\u00e9put\u00e9s tels que Shield Security, Zero Spam et IPStack, ainsi que Google Maps.<\/p>\r\n<p>Les informations renseign\u00e9es directement telles que le nom et l'adresse \u00e9lectronique sont utilis\u00e9es exclusivement dans le cadre de l'activit\u00e9 de ce site et elles ne sont pas c\u00e9d\u00e9es \u00e0 des tiers.<\/p>\r\n<p>Une fois r\u00e9ceptionn\u00e9s, les messages \u00e9lectroniques sont stock\u00e9s dans une base de donn\u00e9e chiffr\u00e9e \u00e0 fort mot de passe, et ceux non pertinents sont rapidement effac\u00e9s.<\/p>\r\n<h4 style=\"text-align: justify;\">Droits d'acc\u00e8s et de modification<\/h4>\r\n<p style=\"text-align: justify;\">Le traitement des donn\u00e9es personnelles est d\u00e9clar\u00e9e \u00e0 la <a href=\"http:\/\/www.cnil.fr\/\" target=\"_blank\" rel=\"noopener noreferrer\">CNIL<\/a> selon la <a href=\"http:\/\/www.cnil.fr\/en-savoir-plus\/deliberations\/deliberation\/delib\/184\/\" target=\"_blank\" rel=\"noopener noreferrer\">Norme simplifi\u00e9e N\u00b048<\/a> sous la r\u00e9f\u00e9rence 1264692 du 26 novembre 2007.<\/p>\r\n<p style=\"text-align: justify;\">Conform\u00e9ment \u00e0 la loi fran\u00e7aise <a href=\"http:\/\/www.legifrance.gouv.fr\/affichTexte.do?cidTexte=LEGITEXT000006068624&amp;dateTexte=20110103\" target=\"_blank\" rel=\"noopener noreferrer\">informatique et libert\u00e9s<\/a> du 6 janvier 1978, vous disposez d\u2019un droit d\u2019acc\u00e8s, de modification et de suppression de vos donn\u00e9es.<\/p>\r\n<h3 style=\"text-align: justify;\"><span id=\"Copyright\"><span id=\"Copyright\">Copyright<\/span><\/span><\/h3>\r\n<h4 style=\"text-align: justify;\">Photos et images<\/h4>\r\n<p>L'image de peinture rouge utilis\u00e9e pour les couvertures des livres provient de l'ancien <a href=\"https:\/\/www.fotolia.com\/\" target=\"_blank\" rel=\"noopener\">Fotolia.com<\/a> et a \u00e9t\u00e9 achet\u00e9e via PayPal le 12 novembre 2011. Elle a ensuite \u00e9t\u00e9 coloris\u00e9e avec des filtres pour diff\u00e9rencier les couvertures des livrets r\u00e9alis\u00e9s depuis 2019.<\/p>\r\n<p>La photo du S\u00e9fer Torah, utilis\u00e9e en collage avec celle des chromosomes achet\u00e9e chez <a href=\"https:\/\/www.shutterstock.com\/fr\/image-illustration\/chromosomes-medical-3d-illustration-1432382966\" target=\"_blank\" rel=\"noopener\">Shutterstock<\/a> en janvier 2020, est de <a href=\"https:\/\/commons.wikimedia.org\/wiki\/File:Open_Torah_and_pointer.jpg\" target=\"_blank\" rel=\"noopener\">Lawrie Cate<\/a> (CC BY 2.0).<\/p>\r\n<p>Le fond jaune <a href=\"https:\/\/www.shutterstock.com\/image-photo\/ladys-silhouette-raised-arms-against-calm-1192403449\" target=\"_blank\" rel=\"noopener\">1192403449<\/a> pour la photo de profil retouch\u00e9e avec GIMP a \u00e9t\u00e9 achet\u00e9es chez Shutterstock en janvier 2020.<\/p>\r\n<p style=\"text-align: justify;\">Les photos libres des banni\u00e8res, certaines seulement pour un usage non commercial, proviennent de <a href=\"https:\/\/www.pexels.com\" target=\"_blank\" rel=\"noopener\">Pexels.com<\/a>, <a href=\"https:\/\/pixabay.com\/\" target=\"_blank\" rel=\"noopener\">Pixabay.com<\/a>, <a href=\"https:\/\/unsplash.com\/\" target=\"_blank\" rel=\"noopener\">Unsplash.com<\/a> et <a href=\"https:\/\/www.wallpaperbetter.com\" target=\"_blank\" rel=\"noopener\">Wallpaperbetter.com<\/a> :<\/p>\r\n<ul>\r\n<li><a href=\"https:\/\/commons.wikimedia.org\/wiki\/File:Open_Torah_and_pointer.jpg\" target=\"_blank\" rel=\"noopener\">pexels-cottonbro-4033817<\/a><\/li>\r\n<li><a href=\"https:\/\/www.pexels.com\/photo\/close-up-of-a-book-in-hebrew-4033818\/\" target=\"_blank\" rel=\"noopener\">pexels-cottonbro-4033818<\/a><\/li>\r\n<li><a href=\"https:\/\/www.pexels.com\/photo\/table-with-candles-and-matzo-4038228\/\" target=\"_blank\" rel=\"noopener\">pexels-cottonbro-4038228<\/a><\/li>\r\n<li><a href=\"https:\/\/pixabay.com\/fr\/photos\/alphabet-bible-livre-vieux-livre-1679750\/\" target=\"_blank\" rel=\"noopener\">pixabay-alphabet-1679750<\/a><\/li>\r\n<li><a href=\"https:\/\/pixabay.com\/fr\/photos\/antarctique-paradise-bay-du-froid-1987579\/\" target=\"_blank\" rel=\"noopener\">pixabay-antarctica-1987579<\/a><\/li>\r\n<li><a href=\"https:\/\/pixabay.com\/fr\/photos\/rue-chemin-des-arbres-tombe-4611695\/\" target=\"_blank\" rel=\"noopener\">pixabay-avenue-4611695<\/a><\/li>\r\n<li><a href=\"https:\/\/pixabay.com\/fr\/photos\/juridiction-dame-justice-justice-677940\/\" target=\"_blank\" rel=\"noopener\">pixabay-case-law-677940<\/a><\/li>\r\n<li><a href=\"https:\/\/pixabay.com\/fr\/illustrations\/adn-h%C3%A9lix-cha%C3%AEne-de-caract%C3%A8res-1811955\/\" target=\"_blank\" rel=\"noopener\">pixabay-dna-1811955<\/a><\/li>\r\n<li><a href=\"https:\/\/pixabay.com\/fr\/illustrations\/document-fibres-papyrus-salet%C3%A9-435349\/\" target=\"_blank\" rel=\"noopener\">pixabay-document-435349<\/a><\/li>\r\n<li><a href=\"https:\/\/pixabay.com\/fr\/photos\/galaxie-univers-%C3%A9toiles-espace-6660782\/\" target=\"_blank\" rel=\"noopener\">pixabay-galaxy-gc66e64519<\/a><\/li>\r\n<li><a href=\"https:\/\/pixabay.com\/fr\/illustrations\/guitare-instrument-la-musique-1913837\/\" target=\"_blank\" rel=\"noopener\">pixabay-guitar-ge0b7b801c<\/a><\/li>\r\n<li><a href=\"https:\/\/pixabay.com\/fr\/photos\/juif-juda%c3%afsme-talit-tradition-1159704\/\" target=\"_blank\" rel=\"noopener\">pixabay-jewish-1159704<\/a><\/li>\r\n<li><a href=\"https:\/\/pixabay.com\/fr\/photos\/juif-isra%c3%abl-j%c3%a9rusalem-juda%c3%afsme-4524463\/\" target=\"_blank\" rel=\"noopener\">pixabay-jewish-4524463<\/a><\/li>\r\n<li><a href=\"https:\/\/pixabay.com\/fr\/photos\/voie-lact%c3%a9e-espace-%c3%a9toiles-univers-67504\/\" target=\"_blank\" rel=\"noopener\">pixabay-milky-way-67504<\/a><\/li>\r\n<li><a href=\"https:\/\/pixabay.com\/fr\/photos\/lune-pleine-lune-ciel-ciel-de-nuit-1859616\/\" target=\"_blank\" rel=\"noopener\">pixabay-moon-1859616<\/a><\/li>\r\n<li><a href=\"https:\/\/pixabay.com\/fr\/photos\/montagne-aurora-lune-nuit-3989829\/\" target=\"_blank\" rel=\"noopener\">pixabay-mountain-3989829<\/a><\/li>\r\n<li><a href=\"https:\/\/pixabay.com\/fr\/photos\/paysage-de-montagne-pas-des-pierres-2031539\/\" target=\"_blank\" rel=\"noopener\">pixabay-mountain-landscape-2031539<\/a><\/li>\r\n<li><a href=\"https:\/\/pixabay.com\/fr\/photos\/rose-fleurs-de-cerisier-fleurs-324175\/\" target=\"_blank\" rel=\"noopener\">pixabay-pink-324175<\/a><\/li>\r\n<li><a href=\"https:\/\/pixabay.com\/fr\/photos\/tr%c3%a8fle-rouge-fleur-plantes-prairie-5150785\/\" target=\"_blank\" rel=\"noopener\">pixabay-red-clover-5150785<\/a><\/li>\r\n<li><a href=\"https:\/\/pixabay.com\/fr\/photos\/fleuve-automne-des-arbres-feuilles-219972\/\" target=\"_blank\" rel=\"noopener\">pixabay-river-219972<\/a><\/li>\r\n<li><a href=\"https:\/\/pixabay.com\/fr\/photos\/faire-d%c3%a9filer-la-plume-encrer-1410168\/\" target=\"_blank\" rel=\"noopener\">pixabay-scroll-1410168<\/a><\/li>\r\n<li><a href=\"https:\/\/pixabay.com\/fr\/photos\/%C3%A9toiles-galaxie-espace-67616\/\" target=\"_blank\" rel=\"noopener\">pixabay-stars-67616<\/a><\/li>\r\n<li><a href=\"https:\/\/pixabay.com\/fr\/photos\/synagogue-les-juifs-%C5%82a%C5%84cut-pologne-4934229\/\" target=\"_blank\" rel=\"noopener\">pixabay-synagogue-4934229<\/a><\/li>\r\n<li><a href=\"https:\/\/pixabay.com\/fr\/photos\/tefiline-chabad-hubbad-juda%C3%AFsme-1297842\/\" target=\"_blank\" rel=\"noopener\">pixabay-tefillin-1297842<\/a><\/li>\r\n<li><a href=\"https:\/\/pixabay.com\/fr\/photos\/torah-faire-d%c3%a9filer-isra%c3%abl-juif-4299038\/\" target=\"_blank\" rel=\"noopener\">pixabay-torah-4299038<\/a><\/li>\r\n<li><a href=\"https:\/\/pixabay.com\/fr\/photos\/ouzb%c3%a9kistan-boukhara-buxoro-4609691\/\" target=\"_blank\" rel=\"noopener\">pixabay-uzbekistan-4609691<\/a><\/li>\r\n<li><a href=\"https:\/\/unsplash.com\/photos\/eQ2Z9ay9Wws\" target=\"_blank\" rel=\"noopener\">unsplash-mick-haupt-eQ2Z9ay9Wws<\/a><\/li>\r\n<li><a href=\"https:\/\/unsplash.com\/photos\/xUXGHzhIbN4\" target=\"_blank\" rel=\"noopener\">unsplash-tanner-mardis-xUXGHzhIbN4<\/a><\/li>\r\n<li><a href=\"https:\/\/unsplash.com\/photos\/WiONHd_zYI4\" target=\"_blank\" rel=\"noopener\">unsplash-tianyi-ma-WiONHd_zYI4<\/a><\/li>\r\n<li><a href=\"https:\/\/www.wallpaperbetter.com\/en\/hd-wallpaper-ewdgs\" target=\"_blank\" rel=\"noopener\">wallpaperbetter-hd-wallpaper-ewdgs<\/a><\/li>\r\n<li><a href=\"https:\/\/www.wallpaperbetter.com\/en\/hd-wallpaper-ttmeo\" target=\"_blank\" rel=\"noopener\">wallpaperbetterhd-wallpaper-ttmeo<\/a><\/li>\r\n<\/ul>\r\n<p>Autres images utilis\u00e9es en bas de page lorsque non mentionn\u00e9 en dessous ou en popup :<\/p>\r\n<ul>\r\n<li><a href=\"https:\/\/pixabay.com\/fr\/photos\/marteau-livres-droit-assiette-620011\/\" target=\"_blank\" rel=\"noopener\">pixabay-hammer-gc2e092b55<\/a><\/li>\r\n<li><a href=\"https:\/\/pixabay.com\/fr\/photos\/arbre-en-fleurs-de-cerisier-rose-1225186\/\" target=\"_blank\" rel=\"noopener\">pixabay-cherry-blossom-tree-1225186<\/a><\/li>\r\n<li><a href=\"https:\/\/pixabay.com\/fr\/photos\/chameau-d%c3%a9sert-pyramides-egypte-1839616\/\" target=\"_blank\" rel=\"noopener\">pixabay-camel-ge80a8994f<\/a><\/li>\r\n<li><a href=\"https:\/\/pixabay.com\/fr\/photos\/tarot-cartes-voyance-avenir-carte-4819137\/\" target=\"_blank\" rel=\"noopener\">pixabay-tarot-g0b3bc6bb3<\/a><\/li>\r\n<\/ul>\r\n<p>Pour la carte de visite :<\/p>\r\n<ul>\r\n<li><a href=\"https:\/\/pixabay.com\/fr\/photos\/tr%C3%A8fle-rouge-bleu-fleur-macro-2660108\/\" target=\"_blank\" rel=\"noopener\">pixabay-clover-2660108<\/a><\/li>\r\n<li><a href=\"https:\/\/pixabay.com\/fr\/photos\/bruy%C3%A8re-bruy%C3%A8re-d-hiver-couleur-rose-5153006\/\" target=\"_blank\" rel=\"noopener\">pixabay-heather-5153006<\/a><\/li>\r\n<\/ul>\r\n<p>Pour les images des vid\u00e9os-audios se r\u00e9f\u00e9rer \u00e0 la fin de la description YouTube.<\/p>\r\n<h4>Contenu r\u00e9dactionnel et diagrammes<\/h4>\r\n<p>Le dessin en bas de la page d'accueil est une cr\u00e9ation personnelle r\u00e9alis\u00e9e en avril 2021.<\/p>\r\n<p style=\"text-align: justify;\">Le contenu du site - textes et audio, sch\u00e9mas, documents et ouvrages - ont \u00e9t\u00e9 d\u00e9clar\u00e9s aupr\u00e8s de <a href=\"http:\/\/www.depotnumerique.com\/\" target=\"_blank\" rel=\"noreferrer noopener\">Depotnumerique.com<\/a> les 9 d\u00e9cembre 2011, 19 d\u00e9cembre 2013 et 20 ao\u00fbt 2019.<\/p>\r\n<p style=\"text-align: justify;\">Les droits de reproduction sont donn\u00e9s pour libre usage selon la <a href=\"https:\/\/creativecommons.org\/licenses\/by-nc-nd\/4.0\/legalcode.fr\">Licence Cr\u00e9ative Commons BY-NC-ND 4.0 Int<\/a>.<\/p>\r\n<p style=\"text-align: justify;\">Tous droits de traduction et d'adaptation r\u00e9serv\u00e9s pour tous pays.<\/p>\r\n<p style=\"text-align: justify;\">\r\n\r\n\r\n\r\n<\/p>\r\n<h4 style=\"text-align: justify;\">Ressources externes<\/h4>\r\n<p style=\"text-align: justify;\">Les liens vers des ressources et sites internet externes sont indiqu\u00e9s \u00e0 titre informatif et ils n'engagent pas de responsabilit\u00e9.<\/p>\r\n<h3 style=\"text-align: justify;\"><span id=\"Auteur\">Auteur<\/span><\/h3>\r\n<h4 style=\"text-align: justify;\"><span id=\"A_propos_de_ce_site\">Adresse postale<\/span><\/h4>\r\n<p style=\"text-align: justify;\">Olivier Rogier<br \/>CDV 7454<br \/>350 Chemin Pr\u00e9 Neuf<br \/>38350 La Mure<br \/>Is\u00e8re, Auvergne-Rh\u00f4ne-Alpes<br \/>France<\/p>\r\n<p><span style=\"color: #993300;\"><em>Cette boite postale ne peut pas r\u00e9ceptionner les recommand\u00e9s.<\/em><\/span><br \/><span style=\"color: #993300;\"><em>En cas de n\u00e9cessit\u00e9, veuillez me contacter pour mon adresse actuelle.<\/em><\/span><\/p>\r\n<h4 style=\"text-align: justify;\"><a id=\"pseudonyme\"><\/a>Pseudonyme<\/h4>\r\n<p style=\"text-align: justify;\">Asher 'Ha\u00efm HaLevi signifie en h\u00e9breu : Heureux Vivant-lui le-L\u00e9vite.<\/p>\r\n<p style=\"text-align: justify;\"><\/p>\r\n<p style=\"text-align: justify;\">L\u00e9vi signifie \u00ab celui qui rejoint \u00bb, lettre-\u00e0-lettre : Transmission de la Lumi\u00e8re de la Paix.<\/p>\r\n<p><img decoding=\"async\" class=\"alignright\" style=\"margin-bottom: 20px;\" src=\"\/wp-content\/theming\/asherhaimhalevi-name.png\" alt=\"Asher 'Ha\u00efm HaLevi\" width=\"300\" height=\"41\" \/><\/p><\/p>","protected":false},"excerpt":{"rendered":"<p>Informations l\u00e9gales : livres libres en fran\u00e7ais sur une ex\u00e9g\u00e8se physicaliste de la Torah et de la Bible h\u00e9bra\u00efque, et un peu sur les Sutras, les \u00c9vangiles et le Quran. <\/p>\n<p><span style=\"color:#333\"> &rarr; <a href=\"https:\/\/asherhaimhalevi.ordisoftware.com\/legal-notice\/\">Lire la suite<\/a><\/span><\/p>\n","protected":false},"author":1,"featured_media":0,"parent":0,"menu_order":80,"comment_status":"closed","ping_status":"closed","template":"","meta":[],"_links":{"self":[{"href":"https:\/\/asherhaimhalevi.ordisoftware.com\/wp-json\/wp\/v2\/pages\/3"}],"collection":[{"href":"https:\/\/asherhaimhalevi.ordisoftware.com\/wp-json\/wp\/v2\/pages"}],"about":[{"href":"https:\/\/asherhaimhalevi.ordisoftware.com\/wp-json\/wp\/v2\/types\/page"}],"author":[{"embeddable":true,"href":"https:\/\/asherhaimhalevi.ordisoftware.com\/wp-json\/wp\/v2\/users\/1"}],"replies":[{"embeddable":true,"href":"https:\/\/asherhaimhalevi.ordisoftware.com\/wp-json\/wp\/v2\/comments?post=3"}],"version-history":[{"count":8,"href":"https:\/\/asherhaimhalevi.ordisoftware.com\/wp-json\/wp\/v2\/pages\/3\/revisions"}],"predecessor-version":[{"id":5649,"href":"https:\/\/asherhaimhalevi.ordisoftware.com\/wp-json\/wp\/v2\/pages\/3\/revisions\/5649"}],"wp:attachment":[{"href":"https:\/\/asherhaimhalevi.ordisoftware.com\/wp-json\/wp\/v2\/media?parent=3"}],"curies":[{"name":"wp","href":"https:\/\/api.w.org\/{rel}","templated":true}]}}