{"id":3056,"date":"2022-02-23T19:43:02","date_gmt":"2022-02-23T18:43:02","guid":{"rendered":"https:\/\/asherhaimhalevi.ordisoftware.com\/?p=3056"},"modified":"2022-05-30T23:34:36","modified_gmt":"2022-05-30T21:34:36","slug":"recette-de-pain-et-gateau-pauvre-en-glucides","status":"publish","type":"post","link":"https:\/\/asherhaimhalevi.ordisoftware.com\/blog\/2022\/02\/recette-de-pain-et-gateau-pauvre-en-glucides\/","title":{"rendered":"Recette de pain et g\u00e2teau pauvre en glucides"},"content":{"rendered":"<p style=\"margin-bottom:25px;\"><p>Pour un pain pauvre en glucides d'environ 370 grammes et environ 4 grammes de glucides au lieu de 15 pour une tranche de 30 grammes, par exemple en machine avec le programme Pain de mie :<\/p>\n<table style=\"border-collapse: collapse; width: 100%; margin-top: -15px; margin-bottom: 0px;\">\n<tbody>\n<tr>\n<td>\n<ul>\n<li>3 oeufs<\/li>\n<li>100 ml d'eau<\/li>\n<li>50 g de farine compl\u00e8te<\/li>\n<li>50 g de farine de lupin<\/li>\n<li>50 g de poudre d'amandes<\/li>\n<li>20 g de son de bl\u00e9<\/li>\n<li>1 g de sel<\/li>\n<li>Ou 1 sachet de levure boulang\u00e8re<\/li>\n<li>Ou 10g de levain s\u00e9ch\u00e9<\/li>\n<li>20 \u00e0 40 g de xylitol pour une brioche et remplacer l'eau par du lait<\/li>\n<\/ul>\n<\/td>\n<td style=\"width: 50%; text-align: center;\"><a href=\"https:\/\/asherhaimhalevi.ordisoftware.com\/wp-content\/uploads\/2022\/02\/pain-pauvre-en-glucides.jpg\"><img decoding=\"async\" class=\"aligncenter size-medium wp-image-3073\" src=\"https:\/\/asherhaimhalevi.ordisoftware.com\/wp-content\/uploads\/2022\/02\/pain-pauvre-en-glucides-300x165.jpg\" alt=\"\" width=\"300\" height=\"165\" srcset=\"https:\/\/asherhaimhalevi.ordisoftware.com\/wp-content\/uploads\/2022\/02\/pain-pauvre-en-glucides-300x165.jpg 300w, https:\/\/asherhaimhalevi.ordisoftware.com\/wp-content\/uploads\/2022\/02\/pain-pauvre-en-glucides-200x110.jpg 200w, https:\/\/asherhaimhalevi.ordisoftware.com\/wp-content\/uploads\/2022\/02\/pain-pauvre-en-glucides-768x422.jpg 768w, https:\/\/asherhaimhalevi.ordisoftware.com\/wp-content\/uploads\/2022\/02\/pain-pauvre-en-glucides-150x82.jpg 150w, https:\/\/asherhaimhalevi.ordisoftware.com\/wp-content\/uploads\/2022\/02\/pain-pauvre-en-glucides-400x220.jpg 400w, https:\/\/asherhaimhalevi.ordisoftware.com\/wp-content\/uploads\/2022\/02\/pain-pauvre-en-glucides.jpg 1000w\" sizes=\"(max-width: 300px) 100vw, 300px\" \/><\/a><span style=\"font-size: 8pt;\"><em>Infos nutritionnelles pour 100g avec son de bl\u00e9 :<br \/>\n16 % P - 13 % L - 13 % G<\/em><\/span><\/td>\n<\/tr>\n<\/tbody>\n<\/table>\n<p>Sans lupin avec 75 g de bl\u00e9 et 75 g d'amandes le go\u00fbt est moins amer et on a :<\/p>\n<p style=\"padding-left: 40px;\"><em>14 % P - 17 % L - 17 % G %<\/em><\/p>\n<p><span class=\"css-901oao css-16my406 r-poiln3 r-bcqeeo r-qvutc0\">Recette alternative sans oeufs ni lupin, peu prot\u00e9in\u00e9e avec tout de m\u00eame 50% de glucides en moins par rapport \u00e0 du pain classique soit 5g pour 20g, au programme rapide de la MAP, le seul d\u00e9faut \u00e9tant que les tranches sont plus friables :<\/span><\/p>\n<ul>\n<li><span class=\"css-901oao css-16my406 r-poiln3 r-bcqeeo r-qvutc0\">\u00a0125 g farine compl\u00e8te<\/span><\/li>\n<li><span class=\"css-901oao css-16my406 r-poiln3 r-bcqeeo r-qvutc0\">\u00a0125 g poudre d'amandes<\/span><\/li>\n<li>10 \u00e0 20 g son de bl\u00e9<\/li>\n<li><span class=\"css-901oao css-16my406 r-poiln3 r-bcqeeo r-qvutc0\">150 ml eau<\/span><\/li>\n<li><span class=\"css-901oao css-16my406 r-poiln3 r-bcqeeo r-qvutc0\">Levure ou levain<\/span><\/li>\n<li>Sel<\/li>\n<\/ul>\n<p>Pour un g\u00e2teau pauvre en glucides de 450 grammes de 16 portions avec moins de 3g de glucides, xylitol non compris, cuisson 10 minutes \u00e0 180\u00b0 puis 30 minutes \u00e0 150\u00b0 :<\/p>\n<table style=\"border-collapse: collapse; width: 100%; margin-top: -15px; margin-bottom: 0px;\">\n<tbody>\n<tr>\n<td>\n<ul>\n<li>120 g de poudre d\u2019amandes<\/li>\n<li>50 g de farine compl\u00e8te<\/li>\n<li>3 g de levure chimique<\/li>\n<li>50 \u00e0 75 g de xylitol<\/li>\n<li>120 g de beurre fondu<\/li>\n<li>30 ml porto, rhum, armagnac, cognac<\/li>\n<li>3 \u0153ufs<\/li>\n<\/ul>\n<\/td>\n<td style=\"width: 50%; text-align: center;\"><a href=\"https:\/\/asherhaimhalevi.ordisoftware.com\/wp-content\/uploads\/2022\/02\/gateau-pauvre-en-glucides.jpg\"><img decoding=\"async\" class=\"aligncenter size-medium wp-image-3058\" src=\"https:\/\/asherhaimhalevi.ordisoftware.com\/wp-content\/uploads\/2022\/02\/gateau-pauvre-en-glucides-300x125.jpg\" alt=\"\" width=\"300\" height=\"125\" srcset=\"https:\/\/asherhaimhalevi.ordisoftware.com\/wp-content\/uploads\/2022\/02\/gateau-pauvre-en-glucides-300x125.jpg 300w, https:\/\/asherhaimhalevi.ordisoftware.com\/wp-content\/uploads\/2022\/02\/gateau-pauvre-en-glucides-200x83.jpg 200w, https:\/\/asherhaimhalevi.ordisoftware.com\/wp-content\/uploads\/2022\/02\/gateau-pauvre-en-glucides-768x319.jpg 768w, https:\/\/asherhaimhalevi.ordisoftware.com\/wp-content\/uploads\/2022\/02\/gateau-pauvre-en-glucides-150x62.jpg 150w, https:\/\/asherhaimhalevi.ordisoftware.com\/wp-content\/uploads\/2022\/02\/gateau-pauvre-en-glucides-400x166.jpg 400w, https:\/\/asherhaimhalevi.ordisoftware.com\/wp-content\/uploads\/2022\/02\/gateau-pauvre-en-glucides.jpg 1000w\" sizes=\"(max-width: 300px) 100vw, 300px\" \/><\/a><span style=\"font-size: 8pt;\"><em>Infos nutritionnelles pour 100g hors xylitol* :<br \/>\n13 % P - 40 % L - 10% G<\/em><\/span><\/td>\n<\/tr>\n<\/tbody>\n<\/table>\n<p><em><span style=\"font-size: 8pt;\">* Le xylitol ne nourrit pas les bact\u00e9ries et il n'en favorise pas la prolif\u00e9ration, au contraire, et il ne perturba pas le syst\u00e8me de la glyc\u00e9mie, contrairement \u00e0 certains \u00e9dulcorants notamment de synth\u00e8se.<\/span><\/em><\/p>\n<\/p>","protected":false},"excerpt":{"rendered":"<p style=\"margin-bottom:25px;\">\n<p>Pour un pain pauvre en glucides d'environ 370 grammes et environ 4 grammes de glucides au lieu de 15 pour une tranche de 30 grammes, par exemple en machine avec le programme Pain de mie :<\/p>\n<p> 3 oeufs 100 ml d'eau 50 g de farine complete 50 g de farine de lupin 50 g de poudre d'amandes 20 g de son de ble 1 g de sel Ou 1 sachet de levure boulangere Ou 10g de levain seche 20 a 40 g de xylitol pour une brioche et remplacer l'eau par du lait Infos nutritionnelles pour 100g avec son <\/p>\n<p><span style=\"color:#333\"> &rarr; <a href=\"https:\/\/asherhaimhalevi.ordisoftware.com\/blog\/2022\/02\/recette-de-pain-et-gateau-pauvre-en-glucides\/\">Lire la suite<\/a><\/span><\/p>\n","protected":false},"author":1,"featured_media":0,"comment_status":"closed","ping_status":"closed","sticky":false,"template":"","format":"standard","meta":[],"categories":[11],"tags":[],"jetpack_featured_media_url":"","_links":{"self":[{"href":"https:\/\/asherhaimhalevi.ordisoftware.com\/wp-json\/wp\/v2\/posts\/3056"}],"collection":[{"href":"https:\/\/asherhaimhalevi.ordisoftware.com\/wp-json\/wp\/v2\/posts"}],"about":[{"href":"https:\/\/asherhaimhalevi.ordisoftware.com\/wp-json\/wp\/v2\/types\/post"}],"author":[{"embeddable":true,"href":"https:\/\/asherhaimhalevi.ordisoftware.com\/wp-json\/wp\/v2\/users\/1"}],"replies":[{"embeddable":true,"href":"https:\/\/asherhaimhalevi.ordisoftware.com\/wp-json\/wp\/v2\/comments?post=3056"}],"version-history":[{"count":0,"href":"https:\/\/asherhaimhalevi.ordisoftware.com\/wp-json\/wp\/v2\/posts\/3056\/revisions"}],"wp:attachment":[{"href":"https:\/\/asherhaimhalevi.ordisoftware.com\/wp-json\/wp\/v2\/media?parent=3056"}],"wp:term":[{"taxonomy":"category","embeddable":true,"href":"https:\/\/asherhaimhalevi.ordisoftware.com\/wp-json\/wp\/v2\/categories?post=3056"},{"taxonomy":"post_tag","embeddable":true,"href":"https:\/\/asherhaimhalevi.ordisoftware.com\/wp-json\/wp\/v2\/tags?post=3056"}],"curies":[{"name":"wp","href":"https:\/\/api.w.org\/{rel}","templated":true}]}}