{"id":3221,"date":"2022-04-03T18:17:51","date_gmt":"2022-04-03T16:17:51","guid":{"rendered":"https:\/\/asherhaimhalevi.ordisoftware.com\/?page_id=3221"},"modified":"2022-11-11T09:13:41","modified_gmt":"2022-11-11T08:13:41","slug":"erratas","status":"publish","type":"page","link":"https:\/\/asherhaimhalevi.ordisoftware.com\/works\/erratas\/","title":{"rendered":"Erratas"},"content":{"rendered":"<p style=\"margin-bottom:25px;\"><p><em>Voici la liste des correctifs concernant le travail publi\u00e9 sur support papier<\/em><\/p>\n<h3>Errata n\u00b01 du 03 avril 2022<\/h3>\n<h4>L'alphabet h\u00e9breu v1<\/h4>\n<h5>Page 14<\/h5>\n<ul>\n<li>Ne pas lire : Tov est form\u00e9 de ... la maison d'Isra\u00ebl.<\/li>\n<\/ul>\n<ul>\n<li>Lire : Tov est form\u00e9 de Tet-Vav (r\u00e9sistance, force) associ\u00e9 \u00e0 Bet (maison). Le Tov est la r\u00e9sistance au mal, et telle est la particularit\u00e9 de la maison d'Isra\u00ebl.<\/li>\n<\/ul>\n<h4>Le probl\u00e8me religieux v1<\/h4>\n<h5>Page 67<\/h5>\n<ul>\n<li>Dans le paragraphe : Dans le second cas le verbe est Mem-Vav-Tav (Mout) ... <em>le Tav<\/em> ... mettre un terme au bien, c'est mal, alors faire mourir le mal, ce qui manque au bien, c'est bien.<\/li>\n<\/ul>\n<ul>\n<li>Lire : ... <em>le Tav<\/em> est ce qui est complet, et ce qui est complet est ce qui est en harmonie, ce qui est juste et bien, et comme le mal c'est la mort ...<\/li>\n<\/ul>\n<h5>Page 99<\/h5>\n<ul>\n<li>Ne pas lire : Tov est form\u00e9 de ... la maison d'Isra\u00ebl.<\/li>\n<\/ul>\n<ul>\n<li>Lire : Tov est form\u00e9 de Tet-Vav (r\u00e9sistance, force) associ\u00e9 \u00e0 Bet (maison). Le Tov est la r\u00e9sistance au mal, et telle est la particularit\u00e9 de la maison d'Isra\u00ebl.<\/li>\n<\/ul>\n<p><a href=\"https:\/\/asherhaimhalevi.ordisoftware.com\/wp-content\/uploads\/2022\/04\/ouchebtis.png\"><img decoding=\"async\" class=\"image-bordered-p aligncenter wp-image-3223 size-full\" src=\"https:\/\/asherhaimhalevi.ordisoftware.com\/wp-content\/uploads\/2022\/04\/ouchebtis.png\" alt=\"\" width=\"400\" height=\"140\" srcset=\"https:\/\/asherhaimhalevi.ordisoftware.com\/wp-content\/uploads\/2022\/04\/ouchebtis.png 400w, https:\/\/asherhaimhalevi.ordisoftware.com\/wp-content\/uploads\/2022\/04\/ouchebtis-300x105.png 300w, https:\/\/asherhaimhalevi.ordisoftware.com\/wp-content\/uploads\/2022\/04\/ouchebtis-200x70.png 200w, https:\/\/asherhaimhalevi.ordisoftware.com\/wp-content\/uploads\/2022\/04\/ouchebtis-150x53.png 150w\" sizes=\"(max-width: 400px) 100vw, 400px\" \/><\/a><\/p>\n<\/p>","protected":false},"excerpt":{"rendered":"<p style=\"margin-bottom:25px;\">\n<p>Voici la liste des correctifs concernant le travail publie sur support papier<\/p>\n<p> Errata n\u00b01 du 03 avril 2022 L'alphabet hebreu v1 Page 14 Ne pas lire : Tov est forme de ... la maison d'Israel. Lire : Tov est forme de Tet-Vav (resistance, force) associe a Bet (maison). Le Tov est la resistance au mal, et telle est la particularite de la maison d'Israel. Le probleme religieux v1 Page 67 Dans le paragraphe : Dans le second cas le verbe est Mem-Vav-Tav (Mout) ... le Tav ... mettre un terme au bien, c'est mal, alors faire mourir le mal, <\/p>\n<p><span style=\"color:#333\"> &rarr; <a href=\"https:\/\/asherhaimhalevi.ordisoftware.com\/works\/erratas\/\">Lire la suite<\/a><\/span><\/p>\n","protected":false},"author":1,"featured_media":0,"parent":160,"menu_order":36,"comment_status":"closed","ping_status":"closed","template":"","meta":[],"_links":{"self":[{"href":"https:\/\/asherhaimhalevi.ordisoftware.com\/wp-json\/wp\/v2\/pages\/3221"}],"collection":[{"href":"https:\/\/asherhaimhalevi.ordisoftware.com\/wp-json\/wp\/v2\/pages"}],"about":[{"href":"https:\/\/asherhaimhalevi.ordisoftware.com\/wp-json\/wp\/v2\/types\/page"}],"author":[{"embeddable":true,"href":"https:\/\/asherhaimhalevi.ordisoftware.com\/wp-json\/wp\/v2\/users\/1"}],"replies":[{"embeddable":true,"href":"https:\/\/asherhaimhalevi.ordisoftware.com\/wp-json\/wp\/v2\/comments?post=3221"}],"version-history":[{"count":0,"href":"https:\/\/asherhaimhalevi.ordisoftware.com\/wp-json\/wp\/v2\/pages\/3221\/revisions"}],"up":[{"embeddable":true,"href":"https:\/\/asherhaimhalevi.ordisoftware.com\/wp-json\/wp\/v2\/pages\/160"}],"wp:attachment":[{"href":"https:\/\/asherhaimhalevi.ordisoftware.com\/wp-json\/wp\/v2\/media?parent=3221"}],"curies":[{"name":"wp","href":"https:\/\/api.w.org\/{rel}","templated":true}]}}