{"id":3227,"date":"2022-04-03T18:20:07","date_gmt":"2022-04-03T16:20:07","guid":{"rendered":"https:\/\/asherhaimhalevi.ordisoftware.com\/?p=3227"},"modified":"2022-04-03T18:23:54","modified_gmt":"2022-04-03T16:23:54","slug":"ajout-de-la-page-des-erratas-au-site","status":"publish","type":"post","link":"https:\/\/asherhaimhalevi.ordisoftware.com\/blog\/2022\/04\/ajout-de-la-page-des-erratas-au-site\/","title":{"rendered":"Ajout de la page des erratas au site"},"content":{"rendered":"<p style=\"margin-bottom:25px;\"><blockquote class=\"wp-embedded-content\" data-secret=\"3pOpHsbBLy\"><p><a href=\"https:\/\/asherhaimhalevi.ordisoftware.com\/works\/erratas\/\">Erratas<\/a><\/p><\/blockquote>\n<p><iframe class=\"wp-embedded-content\" sandbox=\"allow-scripts\" security=\"restricted\" style=\"position: absolute; clip: rect(1px, 1px, 1px, 1px);\" title=\"\u00ab\u00a0Erratas\u00a0\u00bb &#8212; Asher &#039;Ha\u00efm HaLevi\" src=\"https:\/\/asherhaimhalevi.ordisoftware.com\/works\/erratas\/embed\/#?secret=q8FyB2lNCv#?secret=3pOpHsbBLy\" data-secret=\"3pOpHsbBLy\" width=\"600\" height=\"338\" frameborder=\"0\" marginwidth=\"0\" marginheight=\"0\" scrolling=\"no\"><\/iframe><\/p>\n<\/p>","protected":false},"excerpt":{"rendered":"<p style=\"margin-bottom:25px;\">\n<p>Erratas<\/p><\/p>\n","protected":false},"author":1,"featured_media":0,"comment_status":"closed","ping_status":"closed","sticky":false,"template":"","format":"standard","meta":[],"categories":[1],"tags":[],"jetpack_featured_media_url":"","_links":{"self":[{"href":"https:\/\/asherhaimhalevi.ordisoftware.com\/wp-json\/wp\/v2\/posts\/3227"}],"collection":[{"href":"https:\/\/asherhaimhalevi.ordisoftware.com\/wp-json\/wp\/v2\/posts"}],"about":[{"href":"https:\/\/asherhaimhalevi.ordisoftware.com\/wp-json\/wp\/v2\/types\/post"}],"author":[{"embeddable":true,"href":"https:\/\/asherhaimhalevi.ordisoftware.com\/wp-json\/wp\/v2\/users\/1"}],"replies":[{"embeddable":true,"href":"https:\/\/asherhaimhalevi.ordisoftware.com\/wp-json\/wp\/v2\/comments?post=3227"}],"version-history":[{"count":0,"href":"https:\/\/asherhaimhalevi.ordisoftware.com\/wp-json\/wp\/v2\/posts\/3227\/revisions"}],"wp:attachment":[{"href":"https:\/\/asherhaimhalevi.ordisoftware.com\/wp-json\/wp\/v2\/media?parent=3227"}],"wp:term":[{"taxonomy":"category","embeddable":true,"href":"https:\/\/asherhaimhalevi.ordisoftware.com\/wp-json\/wp\/v2\/categories?post=3227"},{"taxonomy":"post_tag","embeddable":true,"href":"https:\/\/asherhaimhalevi.ordisoftware.com\/wp-json\/wp\/v2\/tags?post=3227"}],"curies":[{"name":"wp","href":"https:\/\/api.w.org\/{rel}","templated":true}]}}