{"id":3251,"date":"2022-04-10T17:22:38","date_gmt":"2022-04-10T15:22:38","guid":{"rendered":"https:\/\/asherhaimhalevi.ordisoftware.com\/?p=3251"},"modified":"2022-04-10T17:24:25","modified_gmt":"2022-04-10T15:24:25","slug":"mise-a-jour-de-la-conclusion-de-la-theorie-de-sante-aide-justice","status":"publish","type":"post","link":"https:\/\/asherhaimhalevi.ordisoftware.com\/blog\/2022\/04\/mise-a-jour-de-la-conclusion-de-la-theorie-de-sante-aide-justice\/","title":{"rendered":"Mise \u00e0 jour de la conclusion de la Th\u00e9orie de sant\u00e9-aide-justice"},"content":{"rendered":"<p style=\"margin-bottom:25px;\"><blockquote class=\"wp-embedded-content\" data-secret=\"uZkXuKVUOh\"><p><a href=\"https:\/\/asherhaimhalevi.ordisoftware.com\/logical-proposition\/health-help-justice-theory\/\">Th\u00e9orie de sant\u00e9-aide-justice<\/a><\/p><\/blockquote>\n<p><iframe class=\"wp-embedded-content\" sandbox=\"allow-scripts\" security=\"restricted\" style=\"position: absolute; clip: rect(1px, 1px, 1px, 1px);\" title=\"\u00ab\u00a0Th\u00e9orie de sant\u00e9-aide-justice\u00a0\u00bb &#8212; Asher &#039;Ha\u00efm HaLevi\" src=\"https:\/\/asherhaimhalevi.ordisoftware.com\/logical-proposition\/health-help-justice-theory\/embed\/#?secret=G49CjPH6T1#?secret=uZkXuKVUOh\" data-secret=\"uZkXuKVUOh\" width=\"600\" height=\"338\" frameborder=\"0\" marginwidth=\"0\" marginheight=\"0\" scrolling=\"no\"><\/iframe><\/p>\n<p>Nationaliser un domaine de la vie ne veut pas dire qu'il y a le monopole par un groupe \u00e9lu, m\u00eame \u00e0 tour de r\u00f4le d\u00e9mocratique, parmi des groupes, en \"guerre\" pour avoir le monopole de l'\u00c9tat, et donc du Tr\u00e9sor Public qui en r\u00e9alit\u00e9 est l'\u00c9tat lui-m\u00eame au sens intemporel, puisque l'imp\u00f4t est autant le fondement de la R\u00e9publique que ses m\u00fbrs, ses pi\u00e8ces, ses jardins, ses routes, ses t\u00e9l\u00e9phones, ses \u00e9coles, ses bureaux, ses h\u00f4pitaux, ses commerces, ses lieux de sports, ses lieux loisirs, ses maisons publiques et priv\u00e9es, son internet collectif, etc. Et son but contractuel inh\u00e9rent aux degr\u00e9s des lois vise \u00e0 construire et faire \u00e9voluer la civilisation humaine tout en prot\u00e9geant au mieux chaque individu de mani\u00e8re non-opposable, car l'objection \u00e0 sauver et soigner et prot\u00e9ger et \u00e9duquer une vie, et ses capacit\u00e9s et ses biens l\u00e9gitimes, n'est pas permise par la loi en vigueur, en aucun cas, sinon \u00e7a constitue un crime.<\/p>\n<p>Sans imp\u00f4t, pas d'\u00c9tat. Donc pas de nation. Donc baisse de la survie de l'esp\u00e8ce. Et qu'on vienne du singe ou pas n'a aucune importance, \u00e9tant donn\u00e9 que l'esp\u00e8ce humaine est l'esp\u00e8ce des villes de b\u00e9ton ancien et moderne. Ainsi il devrait y avoir divers \"clubs nationaux\" d'id\u00e9es et de technologies tel qu'expos\u00e9 dans cette th\u00e9orie de sant\u00e9-aide-justice, en recherche comme en mise en application, compatibles avec le Pr\u00e9ambule de la Constitution Fran\u00e7aise qui justifie l'existence de toute la loi en France par ce Pr\u00e9ambule depuis la Constitution jusqu'aux codes, d\u00e9crets et etc. Pr\u00e9ambule qui place par-dessus toute ces lois, la D\u00e9claration Universelle des Droits des Humains. Ces organisations m\u00e9dico-sociales et juridiques-judiciaires \u00e9tant on va dire comme pour l'enseignement public : g\u00e9r\u00e9es par des fonctionnaires, objectifs et sans attaches dans quelque domaine commercial que ce soit ou int\u00e9r\u00eat hors du p\u00e9rim\u00e8tre des activit\u00e9s de l'\u00c9tat, le mieux \u00e9tant \u00e9galement qu'il en soit de m\u00eame avant et apr\u00e8s emploi aupr\u00e8s de l'\u00c9tat, sous peine de subir les risques des d\u00e9rives qu'entraine le commerce des corps humains et de leurs destin\u00e9es comparables \u00e0 celle qu'on obtient en privatisant ces domaines de l'\u00c9tat ainsi que la religion et l'\u00e9ducation.<\/p>\n<\/p>","protected":false},"excerpt":{"rendered":"<p style=\"margin-bottom:25px;\">\n<p>Th\u00e9orie de sant\u00e9-aide-justice<\/p>\n<\/p>\n<p>Nationaliser un domaine de la vie ne veut pas dire qu'il y a le monopole par un groupe elu, meme a tour de role democratique, parmi des groupes, en \"guerre\" pour avoir le monopole de l'Etat, et donc du Tresor Public qui en realite est l'Etat lui-meme au sens intemporel, puisque l'impot est autant le fondement de la Republique que ses murs, ses pieces, ses jardins, ses routes, ses telephones, ses ecoles, ses bureaux, ses hopitaux, ses commerces, ses lieux de sports, ses lieux loisirs, ses maisons publiques et privees, son internet collectif, etc. Et <\/p>\n<p><span style=\"color:#333\"> &rarr; <a href=\"https:\/\/asherhaimhalevi.ordisoftware.com\/blog\/2022\/04\/mise-a-jour-de-la-conclusion-de-la-theorie-de-sante-aide-justice\/\">Lire la suite<\/a><\/span><\/p>\n","protected":false},"author":1,"featured_media":0,"comment_status":"closed","ping_status":"closed","sticky":false,"template":"","format":"standard","meta":[],"categories":[1],"tags":[],"jetpack_featured_media_url":"","_links":{"self":[{"href":"https:\/\/asherhaimhalevi.ordisoftware.com\/wp-json\/wp\/v2\/posts\/3251"}],"collection":[{"href":"https:\/\/asherhaimhalevi.ordisoftware.com\/wp-json\/wp\/v2\/posts"}],"about":[{"href":"https:\/\/asherhaimhalevi.ordisoftware.com\/wp-json\/wp\/v2\/types\/post"}],"author":[{"embeddable":true,"href":"https:\/\/asherhaimhalevi.ordisoftware.com\/wp-json\/wp\/v2\/users\/1"}],"replies":[{"embeddable":true,"href":"https:\/\/asherhaimhalevi.ordisoftware.com\/wp-json\/wp\/v2\/comments?post=3251"}],"version-history":[{"count":0,"href":"https:\/\/asherhaimhalevi.ordisoftware.com\/wp-json\/wp\/v2\/posts\/3251\/revisions"}],"wp:attachment":[{"href":"https:\/\/asherhaimhalevi.ordisoftware.com\/wp-json\/wp\/v2\/media?parent=3251"}],"wp:term":[{"taxonomy":"category","embeddable":true,"href":"https:\/\/asherhaimhalevi.ordisoftware.com\/wp-json\/wp\/v2\/categories?post=3251"},{"taxonomy":"post_tag","embeddable":true,"href":"https:\/\/asherhaimhalevi.ordisoftware.com\/wp-json\/wp\/v2\/tags?post=3251"}],"curies":[{"name":"wp","href":"https:\/\/api.w.org\/{rel}","templated":true}]}}