{"id":3254,"date":"2022-04-15T17:16:30","date_gmt":"2022-04-15T15:16:30","guid":{"rendered":"https:\/\/asherhaimhalevi.ordisoftware.com\/?p=3254"},"modified":"2022-06-04T19:59:52","modified_gmt":"2022-06-04T17:59:52","slug":"decodage-du-tehilim-20","status":"publish","type":"post","link":"https:\/\/asherhaimhalevi.ordisoftware.com\/blog\/2022\/04\/decodage-du-tehilim-20\/","title":{"rendered":"D\u00e9codage du T\u00e9hilim 20"},"content":{"rendered":"<p style=\"margin-bottom:25px;\"><p>Ajout d'un document PDF extrait du livre <a href=\"https:\/\/asherhaimhalevi.ordisoftware.com\/works\/the-religious-problem\/\">Le probl\u00e8me religieux<\/a> et r\u00e9alis\u00e9 avec <a href=\"https:\/\/asherhaimhalevi.ordisoftware.com\/works\/software\/\">Hebrew Words<\/a> 3+ concernant le <a href=\"https:\/\/asherhaimhalevi.ordisoftware.com\/download\/Le-probleme-religieux-v2-Extrait-Tehilim-20.pdf\" target=\"_blank\" rel=\"noopener\">T\u00e9hilim 20<\/a>\u00a0 ou la kabalah de Pessa'h avec d\u00e9codage des versets en h\u00e9breu et commentaire en fran\u00e7ais.<\/p>\n<p><a href=\"https:\/\/asherhaimhalevi.ordisoftware.com\/wp-content\/uploads\/2022\/04\/tehilim-20.png\"><img decoding=\"async\" class=\"image-bordered-p aligncenter wp-image-3262\" src=\"https:\/\/asherhaimhalevi.ordisoftware.com\/wp-content\/uploads\/2022\/04\/tehilim-20-1024x729.png\" alt=\"\" width=\"500\" height=\"356\" srcset=\"https:\/\/asherhaimhalevi.ordisoftware.com\/wp-content\/uploads\/2022\/04\/tehilim-20-1024x729.png 1024w, https:\/\/asherhaimhalevi.ordisoftware.com\/wp-content\/uploads\/2022\/04\/tehilim-20-300x213.png 300w, https:\/\/asherhaimhalevi.ordisoftware.com\/wp-content\/uploads\/2022\/04\/tehilim-20-200x142.png 200w, https:\/\/asherhaimhalevi.ordisoftware.com\/wp-content\/uploads\/2022\/04\/tehilim-20-768x547.png 768w, https:\/\/asherhaimhalevi.ordisoftware.com\/wp-content\/uploads\/2022\/04\/tehilim-20-150x107.png 150w, https:\/\/asherhaimhalevi.ordisoftware.com\/wp-content\/uploads\/2022\/04\/tehilim-20-400x285.png 400w, https:\/\/asherhaimhalevi.ordisoftware.com\/wp-content\/uploads\/2022\/04\/tehilim-20.png 1075w\" sizes=\"(max-width: 500px) 100vw, 500px\" \/><\/a><\/p>\n<\/p>","protected":false},"excerpt":{"rendered":"<p style=\"margin-bottom:25px;\">\n<p>Ajout d'un document PDF extrait du livre Le probleme religieux et realise avec Hebrew Words 3+ concernant le Tehilim 20 ou la kabalah de Pessa'h avec decodage des versets en hebreu et commentaire en francais.<\/p><\/p>\n","protected":false},"author":1,"featured_media":0,"comment_status":"closed","ping_status":"closed","sticky":false,"template":"","format":"standard","meta":[],"categories":[20,10],"tags":[],"jetpack_featured_media_url":"","_links":{"self":[{"href":"https:\/\/asherhaimhalevi.ordisoftware.com\/wp-json\/wp\/v2\/posts\/3254"}],"collection":[{"href":"https:\/\/asherhaimhalevi.ordisoftware.com\/wp-json\/wp\/v2\/posts"}],"about":[{"href":"https:\/\/asherhaimhalevi.ordisoftware.com\/wp-json\/wp\/v2\/types\/post"}],"author":[{"embeddable":true,"href":"https:\/\/asherhaimhalevi.ordisoftware.com\/wp-json\/wp\/v2\/users\/1"}],"replies":[{"embeddable":true,"href":"https:\/\/asherhaimhalevi.ordisoftware.com\/wp-json\/wp\/v2\/comments?post=3254"}],"version-history":[{"count":0,"href":"https:\/\/asherhaimhalevi.ordisoftware.com\/wp-json\/wp\/v2\/posts\/3254\/revisions"}],"wp:attachment":[{"href":"https:\/\/asherhaimhalevi.ordisoftware.com\/wp-json\/wp\/v2\/media?parent=3254"}],"wp:term":[{"taxonomy":"category","embeddable":true,"href":"https:\/\/asherhaimhalevi.ordisoftware.com\/wp-json\/wp\/v2\/categories?post=3254"},{"taxonomy":"post_tag","embeddable":true,"href":"https:\/\/asherhaimhalevi.ordisoftware.com\/wp-json\/wp\/v2\/tags?post=3254"}],"curies":[{"name":"wp","href":"https:\/\/api.w.org\/{rel}","templated":true}]}}