{"id":326,"date":"2021-04-01T00:46:54","date_gmt":"2021-03-31T22:46:54","guid":{"rendered":"https:\/\/asherhaimhalevi.ordisoftware.com\/?page_id=326"},"modified":"2022-11-11T18:27:19","modified_gmt":"2022-11-11T17:27:19","slug":"software","status":"publish","type":"page","link":"https:\/\/asherhaimhalevi.ordisoftware.com\/works\/software\/","title":{"rendered":"Logiciels"},"content":{"rendered":"<p style=\"margin-bottom:25px;\">\n<table style=\"width: 100%; margin: 40px 0px 30px 0px;\">\n<tbody>\n<tr>\n<td style=\"text-align: center;\"><a href=\"https:\/\/www.ordisoftware.com\/projects\/hebrew-calendar\/\"><img decoding=\"async\" class=\"wp-image-5994\" src=\"http:\/\/www.ordisoftware.com\/uploads\/2019\/10\/hebrew-calendar-viewmonth-fr-1-300x206.png\" alt=\"\" width=\"146\" height=\"100\" \/><\/a><\/td>\n<td style=\"text-align: center;\"><a href=\"https:\/\/www.ordisoftware.com\/projects\/hebrew-letters\/\"><img decoding=\"async\" class=\"wp-image-5839\" src=\"http:\/\/www.ordisoftware.com\/uploads\/2019\/09\/hebrew-letters-analyse-fr-189x200.png\" alt=\"\" width=\"94\" height=\"100\" \/><\/a><\/td>\n<td style=\"text-align: center;\"><a href=\"https:\/\/www.ordisoftware.com\/projects\/hebrew-words\/\"><img decoding=\"async\" class=\"wp-image-5819\" src=\"http:\/\/www.ordisoftware.com\/uploads\/2019\/09\/hebrew-words-verses-fr-300x233.png\" alt=\"\" width=\"129\" height=\"100\" \/><\/a><\/td>\n<td style=\"text-align: center;\"><a href=\"https:\/\/www.ordisoftware.com\/projects\/hieroglyphics-decoder\/\"><img decoding=\"async\" class=\"image-bordered-nopad alignnone wp-image-5521\" src=\"https:\/\/asherhaimhalevi.ordisoftware.com\/wp-content\/uploads\/2022\/11\/hieroglyphics-decoder-1.png\" alt=\"\" width=\"95\" height=\"100\" \/><\/a><\/td>\n<\/tr>\n<tr>\n<td style=\"text-align: center;\" valign=\"top\"><span style=\"font-size: 8pt;\"><a href=\"https:\/\/www.ordisoftware.com\/projects\/hebrew-calendar\/\">Hebrew Calendar<\/a><\/span><\/td>\n<td style=\"text-align: center;\" valign=\"top\"><span style=\"font-size: 8pt;\"><a href=\"https:\/\/www.ordisoftware.com\/projects\/hebrew-letters\/\">Hebrew Letters<\/a><\/span><\/td>\n<td style=\"text-align: center;\" valign=\"top\"><span style=\"font-size: 8pt;\"><a href=\"https:\/\/www.ordisoftware.com\/projects\/hebrew-words\/\">Hebrew Words<\/a><\/span><\/td>\n<td style=\"text-align: center;\" valign=\"top\"><span style=\"font-size: 8pt;\"><a href=\"https:\/\/www.ordisoftware.com\/projects\/hieroglyphics-decoder\/\">Hieroglyphics<br \/>\nDecoder<\/a><\/span><\/td>\n<\/tr>\n<\/tbody>\n<\/table>\n<h3 style=\"margin-bottom: 15px;\">Pour \u00e9tudier et traduire la Bible h\u00e9bra\u00efque<\/h3>\n<ul>\n<li><a href=\"https:\/\/www.ordisoftware.com\/projects\/hebrew-calendar\/\">Hebrew Calendar<\/a> : G\u00e9n\u00e9rateur de calendrier luni-solaire avec rappel du shabbat et des c\u00e9l\u00e9brations.<\/li>\n<\/ul>\n<ul>\n<li><a href=\"https:\/\/www.ordisoftware.com\/projects\/hebrew-letters\/\">Hebrew Letters<\/a> : Analyseur lettrique lettre-par-lettre des mots h\u00e9breux.<\/li>\n<\/ul>\n<ul>\n<li><a href=\"https:\/\/www.ordisoftware.com\/projects\/hebrew-words\/\">Hebrew Words<\/a> : Traducteur litt\u00e9ral mot-\u00e0-mot de la Torah et de la Bible h\u00e9bra\u00efque.<\/li>\n<\/ul>\n<h3 style=\"margin-bottom: 15px; margin-top: 30px;\">Pour \u00e9tudier et d\u00e9chiffrer les runes et les hi\u00e9roglyphes<\/h3>\n<ul>\n<li><span class=\"css-901oao css-16my406 r-poiln3 r-bcqeeo r-qvutc0\">Futhark Decoder<\/span> : Analyseur de <a href=\"https:\/\/fr.wikipedia.org\/wiki\/Vieux_futhark\" target=\"_blank\" rel=\"noopener\">runes scandinaves<\/a> pour d\u00e9mystifier la <span class=\"css-901oao css-16my406 r-poiln3 r-bcqeeo r-qvutc0\">hi\u00e9rarchie de la mythologie mondiale avec des mots doux<\/span>.<\/li>\n<\/ul>\n<ul>\n<li><a href=\"https:\/\/www.ordisoftware.com\/projects\/hieroglyphics-decoder\/\">Hieroglyphics Decoder<\/a> : Analyseur de r\u00e9bus hi\u00e9roglyphe-par-hi\u00e9roglyphe pour les shenous de l'\u00c9gypte antique.<\/li>\n<\/ul>\n<p><img decoding=\"async\" class=\"image-bordered-p aligncenter wp-image-2736 size-full\" src=\"https:\/\/asherhaimhalevi.ordisoftware.com\/wp-content\/uploads\/2021\/11\/marchand-ennery.jpg\" alt=\"\" width=\"330\" height=\"350\" srcset=\"https:\/\/asherhaimhalevi.ordisoftware.com\/wp-content\/uploads\/2021\/11\/marchand-ennery.jpg 330w, https:\/\/asherhaimhalevi.ordisoftware.com\/wp-content\/uploads\/2021\/11\/marchand-ennery-283x300.jpg 283w, https:\/\/asherhaimhalevi.ordisoftware.com\/wp-content\/uploads\/2021\/11\/marchand-ennery-189x200.jpg 189w, https:\/\/asherhaimhalevi.ordisoftware.com\/wp-content\/uploads\/2021\/11\/marchand-ennery-141x150.jpg 141w\" sizes=\"(max-width: 330px) 100vw, 330px\" \/><\/p>\n<p style=\"text-align: center; margin-top: -15px;\"><span style=\"font-size: 10px;\">Marchand Ennery 1840 - Public Domain<\/span><\/p>\n<\/p>","protected":false},"excerpt":{"rendered":"<p>Logiciels pour \u00e9tudier et traduire la Torah et la Bible h\u00e9bra\u00efque <\/p>\n<p><span style=\"color:#333\"> &rarr; <a href=\"https:\/\/asherhaimhalevi.ordisoftware.com\/works\/software\/\">Lire la suite<\/a><\/span><\/p>\n","protected":false},"author":1,"featured_media":0,"parent":160,"menu_order":38,"comment_status":"closed","ping_status":"closed","template":"","meta":[],"_links":{"self":[{"href":"https:\/\/asherhaimhalevi.ordisoftware.com\/wp-json\/wp\/v2\/pages\/326"}],"collection":[{"href":"https:\/\/asherhaimhalevi.ordisoftware.com\/wp-json\/wp\/v2\/pages"}],"about":[{"href":"https:\/\/asherhaimhalevi.ordisoftware.com\/wp-json\/wp\/v2\/types\/page"}],"author":[{"embeddable":true,"href":"https:\/\/asherhaimhalevi.ordisoftware.com\/wp-json\/wp\/v2\/users\/1"}],"replies":[{"embeddable":true,"href":"https:\/\/asherhaimhalevi.ordisoftware.com\/wp-json\/wp\/v2\/comments?post=326"}],"version-history":[{"count":1,"href":"https:\/\/asherhaimhalevi.ordisoftware.com\/wp-json\/wp\/v2\/pages\/326\/revisions"}],"predecessor-version":[{"id":5571,"href":"https:\/\/asherhaimhalevi.ordisoftware.com\/wp-json\/wp\/v2\/pages\/326\/revisions\/5571"}],"up":[{"embeddable":true,"href":"https:\/\/asherhaimhalevi.ordisoftware.com\/wp-json\/wp\/v2\/pages\/160"}],"wp:attachment":[{"href":"https:\/\/asherhaimhalevi.ordisoftware.com\/wp-json\/wp\/v2\/media?parent=326"}],"curies":[{"name":"wp","href":"https:\/\/api.w.org\/{rel}","templated":true}]}}