{"id":3268,"date":"2022-04-18T16:20:52","date_gmt":"2022-04-18T14:20:52","guid":{"rendered":"https:\/\/asherhaimhalevi.ordisoftware.com\/?p=3268"},"modified":"2022-06-04T19:57:51","modified_gmt":"2022-06-04T17:57:51","slug":"recette-de-biscuits-ou-pains-azymes-pauvres-en-glucides","status":"publish","type":"post","link":"https:\/\/asherhaimhalevi.ordisoftware.com\/blog\/2022\/04\/recette-de-biscuits-ou-pains-azymes-pauvres-en-glucides\/","title":{"rendered":"Recette de biscuits ou pains azymes pauvres en glucides"},"content":{"rendered":"<p style=\"margin-bottom:25px;\"><p>Pour 32 biscuits pauvre en glucides avec chacun environ 1,5 g de prot\u00e9ines, 3 g de lipides et 2 g de glucides soit approximativement pour 4 pains azymes 6P 12L 8G :<\/p>\n<table style=\"border-collapse: collapse; width: 100%; margin-top: 0px; margin-bottom: 00px;\">\n<tbody>\n<tr>\n<td>\n<ul>\n<li>65 g de farine compl\u00e8te<\/li>\n<li>65 g de farine de lupin<\/li>\n<li>65 g de poudre d'amandes<\/li>\n<li>10 g de son de bl\u00e9<\/li>\n<li>1 g de sel<\/li>\n<li>120 ml de lait ou eau<\/li>\n<li>40 ml huile ou 50 g beurre<\/li>\n<li>Herbes et \u00e9pices<br \/>\nTel que ail romarin piment<\/li>\n<\/ul>\n<\/td>\n<td style=\"width: 50%; text-align: center;\"><a href=\"https:\/\/asherhaimhalevi.ordisoftware.com\/wp-content\/uploads\/2022\/04\/azymes.jpg\"><img decoding=\"async\" class=\"aligncenter size-thumbnail wp-image-3278\" src=\"https:\/\/asherhaimhalevi.ordisoftware.com\/wp-content\/uploads\/2022\/04\/azymes-200x175.jpg\" alt=\"\" width=\"200\" height=\"175\" srcset=\"https:\/\/asherhaimhalevi.ordisoftware.com\/wp-content\/uploads\/2022\/04\/azymes-200x175.jpg 200w, https:\/\/asherhaimhalevi.ordisoftware.com\/wp-content\/uploads\/2022\/04\/azymes-300x263.jpg 300w, https:\/\/asherhaimhalevi.ordisoftware.com\/wp-content\/uploads\/2022\/04\/azymes-150x131.jpg 150w, https:\/\/asherhaimhalevi.ordisoftware.com\/wp-content\/uploads\/2022\/04\/azymes-400x351.jpg 400w, https:\/\/asherhaimhalevi.ordisoftware.com\/wp-content\/uploads\/2022\/04\/azymes-768x673.jpg 768w, https:\/\/asherhaimhalevi.ordisoftware.com\/wp-content\/uploads\/2022\/04\/azymes.jpg 800w\" sizes=\"(max-width: 200px) 100vw, 200px\" \/><\/a><\/td>\n<\/tr>\n<\/tbody>\n<\/table>\n<p>Cuisson de 15 minutes au four \u00e0 200\u00b0 pr\u00e9chauff\u00e9 et laisser reposer 5 minutes en surveillant la couleur.<\/p>\n<p>On peut remplacer aromates sal\u00e9s et l'huile par du beurre et 20 \u00e0 40g de xylitol, ainsi que 20 \u00e0 40g de chocolat en poudre amalgam\u00e9 avec du lait ou de l'eau, \u00e9galement citron, orange, noisettes...<\/p>\n<p>On peut remplacer tout le lait par de l'eau, et intervertir huile et beurre.<\/p>\n<\/p>","protected":false},"excerpt":{"rendered":"<p style=\"margin-bottom:25px;\">\n<p>Pour 32 biscuits pauvre en glucides avec chacun environ 1,5 g de proteines, 3 g de lipides et 2 g de glucides soit approximativement pour 4 pains azymes 6P 12L 8G :<\/p>\n<p> 65 g de farine complete 65 g de farine de lupin 65 g de poudre d'amandes 10 g de son de ble 1 g de sel 120 ml de lait ou eau 40 ml huile ou 50 g beurre Herbes et epices Tel que ail romarin piment <\/p>\n<p>Cuisson de 15 minutes au four a 200\u00b0 prechauffe et laisser reposer 5 minutes en surveillant la couleur.<\/p>\n<p>On peut <\/p>\n<p><span style=\"color:#333\"> &rarr; <a href=\"https:\/\/asherhaimhalevi.ordisoftware.com\/blog\/2022\/04\/recette-de-biscuits-ou-pains-azymes-pauvres-en-glucides\/\">Lire la suite<\/a><\/span><\/p>\n","protected":false},"author":1,"featured_media":0,"comment_status":"closed","ping_status":"closed","sticky":false,"template":"","format":"standard","meta":[],"categories":[11],"tags":[],"jetpack_featured_media_url":"","_links":{"self":[{"href":"https:\/\/asherhaimhalevi.ordisoftware.com\/wp-json\/wp\/v2\/posts\/3268"}],"collection":[{"href":"https:\/\/asherhaimhalevi.ordisoftware.com\/wp-json\/wp\/v2\/posts"}],"about":[{"href":"https:\/\/asherhaimhalevi.ordisoftware.com\/wp-json\/wp\/v2\/types\/post"}],"author":[{"embeddable":true,"href":"https:\/\/asherhaimhalevi.ordisoftware.com\/wp-json\/wp\/v2\/users\/1"}],"replies":[{"embeddable":true,"href":"https:\/\/asherhaimhalevi.ordisoftware.com\/wp-json\/wp\/v2\/comments?post=3268"}],"version-history":[{"count":0,"href":"https:\/\/asherhaimhalevi.ordisoftware.com\/wp-json\/wp\/v2\/posts\/3268\/revisions"}],"wp:attachment":[{"href":"https:\/\/asherhaimhalevi.ordisoftware.com\/wp-json\/wp\/v2\/media?parent=3268"}],"wp:term":[{"taxonomy":"category","embeddable":true,"href":"https:\/\/asherhaimhalevi.ordisoftware.com\/wp-json\/wp\/v2\/categories?post=3268"},{"taxonomy":"post_tag","embeddable":true,"href":"https:\/\/asherhaimhalevi.ordisoftware.com\/wp-json\/wp\/v2\/tags?post=3268"}],"curies":[{"name":"wp","href":"https:\/\/api.w.org\/{rel}","templated":true}]}}