{"id":3319,"date":"2022-05-21T00:13:24","date_gmt":"2022-05-20T22:13:24","guid":{"rendered":"https:\/\/asherhaimhalevi.ordisoftware.com\/?page_id=3319"},"modified":"2022-07-02T13:44:29","modified_gmt":"2022-07-02T11:44:29","slug":"transcription-notice","status":"publish","type":"page","link":"https:\/\/asherhaimhalevi.ordisoftware.com\/works\/transcription-notice\/","title":{"rendered":"Notice de transcription"},"content":{"rendered":"<p style=\"margin-bottom:25px;\"><p>Table de transcription que l'auteur a choisit d'utiliser en 2022 selon sa propre sensibilit\u00e9 au regard de divers usages courants en fran\u00e7ais.<\/p>\n<p>Pour le moment l'auteur et ses logiciels ne consid\u00e8rent pas les lettres finales, ni leurs valeurs num\u00e9riques, ni l'ensemble de ce domaine de connaissance qui rel\u00e8ve de la science des Taguim.<\/p>\n<table class=\"aligncenter\" style=\"line-height: 150%; margin-bottom: 25px; margin-left: 25px; width: 90%; border: 1px solid #a0a0a0;\">\n<tbody>\n<tr style=\"border: 1px solid #a0a0a0; border-top-style: none; border-left-style: none; border-right-style: none;\">\n<td width=\"50\"><strong><em>LETTRE<\/em><\/strong><\/td>\n<td width=\"120\"><strong><em>TRANSCRIPTION<\/em><\/strong><\/td>\n<td width=\"50\"><strong><em>VALEUR<\/em><\/strong><\/td>\n<td width=\"100%\"><strong><em>NOTE<\/em><\/strong><\/td>\n<\/tr>\n<tr>\n<td><span style=\"font-size: 18pt;\">\u05d0<\/span><\/td>\n<td>a ou rien<\/td>\n<td>1<\/td>\n<td>L\u00e9ger soupir retenu et imperceptible<\/td>\n<\/tr>\n<tr>\n<td><span style=\"font-size: 18pt;\">\u05d1<\/span><\/td>\n<td>b (ou v)<\/td>\n<td>2<\/td>\n<td><\/td>\n<\/tr>\n<tr>\n<td><span style=\"font-size: 18pt;\">\u05d2<\/span><\/td>\n<td>g<\/td>\n<td>3<\/td>\n<td><\/td>\n<\/tr>\n<tr>\n<td><span style=\"font-size: 18pt;\">\u05d3<\/span><\/td>\n<td>d<\/td>\n<td>4<\/td>\n<td><\/td>\n<\/tr>\n<tr>\n<td><span style=\"font-size: 18pt;\">\u05d4<\/span><\/td>\n<td>h<\/td>\n<td>5<\/td>\n<td>Comme une expiration d'une seconde<\/td>\n<\/tr>\n<tr>\n<td><span style=\"font-size: 18pt;\">\u05d5<\/span><\/td>\n<td>v ou o\/ou<\/td>\n<td>6<\/td>\n<td><\/td>\n<\/tr>\n<tr>\n<td><span style=\"font-size: 18pt;\">\u05d6<\/span><\/td>\n<td>z<\/td>\n<td>7<\/td>\n<td><\/td>\n<\/tr>\n<tr>\n<td><span style=\"font-size: 18pt;\">\u05d7<\/span><\/td>\n<td>'h<\/td>\n<td>8<\/td>\n<td>Guttural haut en arri\u00e8re de la luette<\/td>\n<\/tr>\n<tr>\n<td><span style=\"font-size: 18pt;\">\u05d8<\/span><\/td>\n<td>t'<\/td>\n<td>9<\/td>\n<td>Son l\u00e9ger comme une caisse claire<\/td>\n<\/tr>\n<tr>\n<td><span style=\"font-size: 18pt;\">\u05d9<\/span><\/td>\n<td>y ou i<\/td>\n<td>10<\/td>\n<td><\/td>\n<\/tr>\n<tr>\n<td><span style=\"font-size: 18pt;\">\u05db<\/span><\/td>\n<td>k<\/td>\n<td>20<\/td>\n<td><\/td>\n<\/tr>\n<tr>\n<td><span style=\"font-size: 18pt;\">\u05dc<\/span><\/td>\n<td>l<\/td>\n<td>30<\/td>\n<td><\/td>\n<\/tr>\n<tr>\n<td><span style=\"font-size: 18pt;\">\u05de<\/span><\/td>\n<td>m<\/td>\n<td>40<\/td>\n<td><\/td>\n<\/tr>\n<tr>\n<td><span style=\"font-size: 18pt;\">\u05e0<\/span><\/td>\n<td>n<\/td>\n<td>50<\/td>\n<td><\/td>\n<\/tr>\n<tr>\n<td><span style=\"font-size: 18pt;\">\u05e1<\/span><\/td>\n<td>c ou s ou ss<\/td>\n<td>60<\/td>\n<td><\/td>\n<\/tr>\n<tr>\n<td><span style=\"font-size: 18pt;\">\u05e2<\/span><\/td>\n<td>h'<\/td>\n<td>70<\/td>\n<td>Guttural bas au fond du larynx<\/td>\n<\/tr>\n<tr>\n<td><span style=\"font-size: 18pt;\">\u05e4<\/span><\/td>\n<td>p ou f<\/td>\n<td>80<\/td>\n<td><\/td>\n<\/tr>\n<tr>\n<td><span style=\"font-size: 18pt;\">\u05e6<\/span><\/td>\n<td>ts<\/td>\n<td>90<\/td>\n<td><\/td>\n<\/tr>\n<tr>\n<td><span style=\"font-size: 18pt;\">\u05e7<\/span><\/td>\n<td>q<\/td>\n<td>100<\/td>\n<td><\/td>\n<\/tr>\n<tr>\n<td><span style=\"font-size: 18pt;\">\u05e8<\/span><\/td>\n<td>r<\/td>\n<td>200<\/td>\n<td><\/td>\n<\/tr>\n<tr>\n<td><span style=\"font-size: 18pt;\">\u05e9<\/span><\/td>\n<td>sh<\/td>\n<td>300<\/td>\n<td><\/td>\n<\/tr>\n<tr>\n<td><span style=\"font-size: 18pt;\">\u05ea<\/span><\/td>\n<td>t<\/td>\n<td>400<\/td>\n<td>Son lourd comme une grosse caisse<\/td>\n<\/tr>\n<\/tbody>\n<\/table>\n<p><strong>NOMENCLATURE DE TRAVAIL UTILIS\u00c9E PAR L'AUTEUR<\/strong><\/p>\n<ul>\n<li>Les doubles sens possibles et pertinents de la traduction s\u00e9lectionn\u00e9e d'un mot sont entre parenth\u00e8ses.<\/li>\n<\/ul>\n<ul>\n<li>Les suppos\u00e9es omissions de mots, g\u00e9n\u00e9ralement des conjonctions ainsi que \u00eatre ou avoir et des sous-entendus au sujet du sujet et du sens tel que la Torah, HaShem ou Mosh\u00e9h et des concepts m\u00eame imag\u00e9s, au sein des traductions sont entre crochet.<\/li>\n<\/ul>\n<ul>\n<li>Les commentaires au sein des traductions sont entre accolades.<\/li>\n<\/ul>\n<\/p>","protected":false},"excerpt":{"rendered":"<p>Table de transcription que l'auteur a choisit d'utiliser en 2022 selon sa propre sensibilit\u00e9 au regard de divers usages courants en fran\u00e7ais. <\/p>\n<p><span style=\"color:#333\"> &rarr; <a href=\"https:\/\/asherhaimhalevi.ordisoftware.com\/works\/transcription-notice\/\">Lire la suite<\/a><\/span><\/p>\n","protected":false},"author":1,"featured_media":0,"parent":160,"menu_order":50,"comment_status":"closed","ping_status":"closed","template":"","meta":[],"_links":{"self":[{"href":"https:\/\/asherhaimhalevi.ordisoftware.com\/wp-json\/wp\/v2\/pages\/3319"}],"collection":[{"href":"https:\/\/asherhaimhalevi.ordisoftware.com\/wp-json\/wp\/v2\/pages"}],"about":[{"href":"https:\/\/asherhaimhalevi.ordisoftware.com\/wp-json\/wp\/v2\/types\/page"}],"author":[{"embeddable":true,"href":"https:\/\/asherhaimhalevi.ordisoftware.com\/wp-json\/wp\/v2\/users\/1"}],"replies":[{"embeddable":true,"href":"https:\/\/asherhaimhalevi.ordisoftware.com\/wp-json\/wp\/v2\/comments?post=3319"}],"version-history":[{"count":0,"href":"https:\/\/asherhaimhalevi.ordisoftware.com\/wp-json\/wp\/v2\/pages\/3319\/revisions"}],"up":[{"embeddable":true,"href":"https:\/\/asherhaimhalevi.ordisoftware.com\/wp-json\/wp\/v2\/pages\/160"}],"wp:attachment":[{"href":"https:\/\/asherhaimhalevi.ordisoftware.com\/wp-json\/wp\/v2\/media?parent=3319"}],"curies":[{"name":"wp","href":"https:\/\/api.w.org\/{rel}","templated":true}]}}