{"id":3347,"date":"2022-05-26T11:51:54","date_gmt":"2022-05-26T09:51:54","guid":{"rendered":"https:\/\/asherhaimhalevi.ordisoftware.com\/?p=3347"},"modified":"2022-06-28T03:15:06","modified_gmt":"2022-06-28T01:15:06","slug":"decodage-du-verset-devarim-31-12-relatif-au-don-de-la-torah","status":"publish","type":"post","link":"https:\/\/asherhaimhalevi.ordisoftware.com\/blog\/2022\/05\/decodage-du-verset-devarim-31-12-relatif-au-don-de-la-torah\/","title":{"rendered":"D\u00e9codage D\u00e9varim 31.12 relatif au don de la Torah"},"content":{"rendered":"<p style=\"margin-bottom:25px;\"><p>D\u00e9varim (Deut\u00e9ronome) 31.12 [Vayeleq] : Le public lui-m\u00eame [sera] la nation [d'Isra\u00ebl] : les hommes adultes, les femmes adultes et les enfants, et [aussi] l'\u00e9tranger (invit\u00e9) [partisan d\u00e9sirant HaShem] qui a \u00e9t\u00e9 approuv\u00e9 parce que gardien [de la Torah] de Moi et de toi selon [contenu du] t\u00e9moignage [en affliction]. Ils \u00e9couterons afin que ils apprennent [plus de Torah pour les g\u00e9n\u00e9rations]. Ils auront consid\u00e9r\u00e9 [\"souverainet\u00e9\"] de Lui HaShem [qui est] Eloh\u00e9kem. Ils pr\u00e9serveront [la Torah] pour produire selon int\u00e9gralit\u00e9 des mots de la Torah (enseignement) de la m\u00eame mani\u00e8re [que la Torah et que le t\u00e9moignage].<\/p>\n<p><a href=\"https:\/\/asherhaimhalevi.ordisoftware.com\/wp-content\/uploads\/2022\/05\/Devarim-31.12.png\"><img decoding=\"async\" class=\"image-p aligncenter wp-image-3348\" src=\"https:\/\/asherhaimhalevi.ordisoftware.com\/wp-content\/uploads\/2022\/05\/Devarim-31.12-1024x711.png\" alt=\"\" width=\"551\" height=\"382\" srcset=\"https:\/\/asherhaimhalevi.ordisoftware.com\/wp-content\/uploads\/2022\/05\/Devarim-31.12-1024x711.png 1024w, https:\/\/asherhaimhalevi.ordisoftware.com\/wp-content\/uploads\/2022\/05\/Devarim-31.12-300x208.png 300w, https:\/\/asherhaimhalevi.ordisoftware.com\/wp-content\/uploads\/2022\/05\/Devarim-31.12-200x139.png 200w, https:\/\/asherhaimhalevi.ordisoftware.com\/wp-content\/uploads\/2022\/05\/Devarim-31.12-768x533.png 768w, https:\/\/asherhaimhalevi.ordisoftware.com\/wp-content\/uploads\/2022\/05\/Devarim-31.12-150x104.png 150w, https:\/\/asherhaimhalevi.ordisoftware.com\/wp-content\/uploads\/2022\/05\/Devarim-31.12-400x278.png 400w, https:\/\/asherhaimhalevi.ordisoftware.com\/wp-content\/uploads\/2022\/05\/Devarim-31.12.png 1359w\" sizes=\"(max-width: 551px) 100vw, 551px\" \/><\/a><!--more--><\/p>\n<p>\u2022 Le public \u00e0 qui Mosh\u00e9h ordonne \u00e0 Josu\u00e9 de faire lecture de la Doctrine en pr\u00e9sence de tout Isra\u00ebl lors du Soukot de chaque septi\u00e8me ann\u00e9e, la Sh\u00e9mit'ah.<\/p>\n<p>\u2022 Approuv\u00e9 : cf. le chapitre \"L'univers et la vie\" section \"R\u00e9paration et responsabilit\u00e9\" et le chapitre \"La religion\" section \"L'offrande ou sacrifice d'Abraham\" du livre \"Le probl\u00e8me religieux\" qui peut \u00eatre la premi\u00e8re oeuvre-enfant sans le t\u00e9moignage lui-m\u00eame comme don d'entr\u00e9e (Vayiqra 5.17) ou toute chose indiqu\u00e9e en 4.3, 4.22, 4.27 et 4.13 en tant que \"r\u00e9paration\" selon la \"transgression\" et selon la \"nature\" (cohen, chef, citoyen, groupe).<\/p>\n<p>\u2022 Gardien de Moi et de toi : gardien de Ma (HaShem) Torah \u00e9crite et de ta (enseignant) Torah orale.<\/p>\n<p>\u2022 Eloh\u00e9kem : Eloh\u00e9 additionn\u00e9 d'un Kaf-Mem signifie \u00e0 peu pr\u00e8s \"ma (le scribe Mosh\u00e9h parle) Eloha (force-vecteur intemporelle sans d\u00e9but ni fin ni localisation {qui m'a cr\u00e9\u00e9, me fait vivre et me fera mourir \u00e0 terme \u00e9chu via une instance ADN unique de HaShem (lois du vivant) de Elohim (lois de l'univers) qui est un ni plusieurs ni aucun}) [que j'ai transmis gr\u00e2ce \u00e0 la Doctrine que m'a donn\u00e9 HaShem] \u00e0 vous (peuple d'Isra\u00ebl qui a re\u00e7u le don de la Torah pour guider et prot\u00e9ger l'\u00e9volution de l'esp\u00e8ce en diffusant la plus grande v\u00e9rit\u00e9 et les grandes lois de la survie pour le bien de tous sans nuire m\u00eame aux m\u00e9chants ni tuer d'humains ni d\u00e9tourner les destins ni faire souffrir les animaux ni d\u00e9naturer les choses, etc.)\".<\/p>\n<p>\u2022 Pr\u00e9server la Torah \u00e9crite i.e. le texte original \u00e9crit, peu importe les interpr\u00e9tations, les traductions et les compr\u00e9hensions \u00e0 son sujet, peu importe le \"niveau\" d'\u00e9tude, le texte original pr\u00e9vaut et il faut le pr\u00e9server depuis toujours pour toujours, par duplication parfaite et int\u00e9grale sans rien changer, peu importe les gribouillis et les smileys qu'on y ajoute, la consonne pr\u00e9vaut, tel est le r\u00f4le du sofer.<\/p>\n<p>\u2022 Pr\u00e9server la Torah orale i.e. transmettre l'enseignement oral de l'enseignant qui a re\u00e7u de son enseignant afin de transmettre aux \u00e9l\u00e8ves et de produire des oeuvres selon cette Torah, tant orale qu'\u00e9crite. En effet, d'une part on re\u00e7oit un enseignement oral d'un \u00eatre humain et d'autre part on re\u00e7oit la Torah \u00e9crite qu'on \u00e9tudie et ces deux choses forment une nouvelle Torah, la Torah personnelle, c'est cela le don. L'homme recevant une demi-Torah et la femme une demi-Torah lors du don ou transmission afin de r\u00e9v\u00e9ler leur propres Torah inn\u00e9e formant ainsi une Torah dite compl\u00e8te (cf. S\u00e9fer Mishlei 31).<\/p>\n<\/p>","protected":false},"excerpt":{"rendered":"<p style=\"margin-bottom:25px;\">\n<p>Devarim (Deuteronome) 31.12 [Vayeleq] : Le public lui-meme [sera] la nation [d'Israel] : les hommes adultes, les femmes adultes et les enfants, et [aussi] l'etranger (invite) [partisan desirant HaShem] qui a ete approuve parce que gardien [de la Torah] de Moi et de toi selon [contenu du] temoignage [en affliction]. Ils ecouterons afin que ils apprennent [plus de Torah pour les generations]. Ils auront considere [\"souverainete\"] de Lui HaShem [qui est] Elohekem. Ils preserveront [la Torah] pour produire selon integralite des mots de la Torah (enseignement) de la meme maniere [que la Torah et que le temoignage].<\/p>\n<\/p>\n<p><span style=\"color:#333\"> &rarr; <a href=\"https:\/\/asherhaimhalevi.ordisoftware.com\/blog\/2022\/05\/decodage-du-verset-devarim-31-12-relatif-au-don-de-la-torah\/\">Lire la suite<\/a><\/span><\/p>\n","protected":false},"author":1,"featured_media":0,"comment_status":"closed","ping_status":"closed","sticky":false,"template":"","format":"standard","meta":[],"categories":[20],"tags":[],"jetpack_featured_media_url":"","_links":{"self":[{"href":"https:\/\/asherhaimhalevi.ordisoftware.com\/wp-json\/wp\/v2\/posts\/3347"}],"collection":[{"href":"https:\/\/asherhaimhalevi.ordisoftware.com\/wp-json\/wp\/v2\/posts"}],"about":[{"href":"https:\/\/asherhaimhalevi.ordisoftware.com\/wp-json\/wp\/v2\/types\/post"}],"author":[{"embeddable":true,"href":"https:\/\/asherhaimhalevi.ordisoftware.com\/wp-json\/wp\/v2\/users\/1"}],"replies":[{"embeddable":true,"href":"https:\/\/asherhaimhalevi.ordisoftware.com\/wp-json\/wp\/v2\/comments?post=3347"}],"version-history":[{"count":0,"href":"https:\/\/asherhaimhalevi.ordisoftware.com\/wp-json\/wp\/v2\/posts\/3347\/revisions"}],"wp:attachment":[{"href":"https:\/\/asherhaimhalevi.ordisoftware.com\/wp-json\/wp\/v2\/media?parent=3347"}],"wp:term":[{"taxonomy":"category","embeddable":true,"href":"https:\/\/asherhaimhalevi.ordisoftware.com\/wp-json\/wp\/v2\/categories?post=3347"},{"taxonomy":"post_tag","embeddable":true,"href":"https:\/\/asherhaimhalevi.ordisoftware.com\/wp-json\/wp\/v2\/tags?post=3347"}],"curies":[{"name":"wp","href":"https:\/\/api.w.org\/{rel}","templated":true}]}}