{"id":3351,"date":"2022-05-26T12:04:22","date_gmt":"2022-05-26T10:04:22","guid":{"rendered":"https:\/\/asherhaimhalevi.ordisoftware.com\/?p=3351"},"modified":"2022-06-04T19:59:38","modified_gmt":"2022-06-04T17:59:38","slug":"decodage-du-verset-shemot-20-4-relatif-aux-destins","status":"publish","type":"post","link":"https:\/\/asherhaimhalevi.ordisoftware.com\/blog\/2022\/05\/decodage-du-verset-shemot-20-4-relatif-aux-destins\/","title":{"rendered":"D\u00e9codage Sh\u00e9mot 20.4 relatif aux destins"},"content":{"rendered":"<p style=\"margin-bottom:25px;\"><p>Sh\u00e9mot (Exode) 20.4 [Yitro] : Ne pas tu feras toi cela : une idole (chose fa\u00e7onn\u00e9e). Et toute sorte d'image (chose model\u00e9e) : ce qui [est] pr\u00e8s des cieux (pens\u00e9es) au-dessus (plus grand) et ce qui [est] pr\u00e8s du terrestre (corps) en-dessous (plus petit) et ce qui [est] pr\u00e8s des eaux (semences) en-dessous (plus petit). [Cela] pour [le bien du devenir du] corps.<\/p>\n<p><a href=\"https:\/\/asherhaimhalevi.ordisoftware.com\/wp-content\/uploads\/2022\/05\/Shemot-20.4.png\"><img decoding=\"async\" class=\"image-p aligncenter wp-image-3352\" src=\"https:\/\/asherhaimhalevi.ordisoftware.com\/wp-content\/uploads\/2022\/05\/Shemot-20.4-1024x711.png\" alt=\"\" width=\"550\" height=\"382\" srcset=\"https:\/\/asherhaimhalevi.ordisoftware.com\/wp-content\/uploads\/2022\/05\/Shemot-20.4-1024x711.png 1024w, https:\/\/asherhaimhalevi.ordisoftware.com\/wp-content\/uploads\/2022\/05\/Shemot-20.4-300x208.png 300w, https:\/\/asherhaimhalevi.ordisoftware.com\/wp-content\/uploads\/2022\/05\/Shemot-20.4-200x139.png 200w, https:\/\/asherhaimhalevi.ordisoftware.com\/wp-content\/uploads\/2022\/05\/Shemot-20.4-768x533.png 768w, https:\/\/asherhaimhalevi.ordisoftware.com\/wp-content\/uploads\/2022\/05\/Shemot-20.4-150x104.png 150w, https:\/\/asherhaimhalevi.ordisoftware.com\/wp-content\/uploads\/2022\/05\/Shemot-20.4-400x278.png 400w, https:\/\/asherhaimhalevi.ordisoftware.com\/wp-content\/uploads\/2022\/05\/Shemot-20.4.png 1358w\" sizes=\"(max-width: 550px) 100vw, 550px\" \/><\/a><!--more--><\/p>\n<p>\u2022 Idole, sculpture et statue qu'on irait v\u00e9n\u00e9rer comme ayant pouvoir illusoire et inexistant de faire quelque chose et interc\u00e9der en faveur ou en d\u00e9faveur, ce qui est pure manipulation des ignorants et de soi-m\u00eame, au lieu d'\u00e9tudier et d'agir correctement de mani\u00e8re adapt\u00e9 en s'am\u00e9liorant et en r\u00e9parant les choses du mieux possible.<\/p>\n<p>\u2022 Image, repr\u00e9sentation, portion, section, fraction, symbole de quelque chose qui existe mais qu'on d\u00e9formerait pour modifier la nature et le propos ou usage, comme voiture qu'on ferait rectangle avec des yeux et \u00e7a deviendrait un monstre... On peut \u00e9galement comprendre ce mot depuis Mem-Noun-H\u00e9 (destiner, donner, pr\u00e9parer) et alors on comprendra ce qui est expos\u00e9 ici qui est qu'il ne faut pas manipuler les destins des autres car ce que sont les gens et leurs aptitudes rel\u00e8ve de Dieu, et ce qu'ils souhaitent en faire est de leur pr\u00e9rogative. Ainsi un enfant qui veut \u00eatre coiffeur et qui en a les aptitudes et les possibilit\u00e9s, il ne faut pas le forcer \u00e0 \u00eatre chauffeur ou commercial, sinon les choses iront mal et ainsi de suite et pire. Il en est de m\u00eame avec l'instruction qui est de dupliquer l'instruction sans faire des gens des copie des ma\u00eetres.<\/p>\n<p>\u2022 Ainsi il ne faut pas alt\u00e9rer, adult\u00e9rer, d\u00e9tourner, tromper, mentir, duper... \u00e0 commencer \u00e9videmment par convoiter pour voler et tuer.<\/p>\n<p>\u2022 Ce qui est des cieux (pens\u00e9es) au-dessus (plus \"grand\") i.e. HaShem de Elohim car il est impossible de repr\u00e9senter les lois elles-m\u00eames qui sont en r\u00e9alit\u00e9 au-del\u00e0 des vecteurs de forces qu'elles engendrent.<\/p>\n<p>\u2022 Ce qui est de la terre (corps) en-dessous (plus \"petit\") i.e. les potentiels de la vie ADN car d\u00e9cider de la destin\u00e9e des gens \u00e0 leur place et \u00e0 la place de leurs aptitudes, est criminel. Y compris certaines id\u00e9ologies du transhumanisme, non pas la m\u00e9decine bien utilis\u00e9e l\u00e9galement pour soigner et r\u00e9parer, mais les OGM inter-esp\u00e8ces comme faire muter les humains.<\/p>\n<p>\u2022 Ce qui est des eaux (les semences m\u00e2les et femelles) en-dessous, [ne pas faire cela] pour [le bien de la] terre i.e. les couples car former des couples qui s'aiment avec bienveillance et tendresse est bien, mais pr\u00e9m\u00e9diter des planifications \u00e0 ce sujet constitue aussi un crime).<\/p>\n<p>\u2022 Le bien du corps est le bien m\u00e9dical, social, financier, professionnel... qui arrive aux gens, aux groupes, aux nations et \u00e0 l'esp\u00e8ce lorsque la compassion r\u00e8gne et non la malveillance et les magouilles visant des int\u00e9r\u00eats personnels ou de groupes. Ainsi on peut comprendre que ce commandement est finalement bien pour la terre d'Isra\u00ebl, pour les enfants d'Isra\u00ebl comme pour les \u00e9trangers, c'est-\u00e0-dire que transgresser ce commandement est mal pour le monde, pour l'esp\u00e8ce qui va m\u00e9caniquement aller mal.<\/p>\n<p>\u2022 Ainsi ce 2\u00e8me commandement qui suit celui de savoir que HaShem de Elohim lib\u00e8re du mal, est le r\u00e9sum\u00e9 de tous les autres, car l\u00e0 est le plus grand mal de tous les maux : convoiter, mentir, voler, tromper, blesser, abandonner, opprimer, nuire, d\u00e9tourner, ne pas savoir.<\/p>\n<\/p>","protected":false},"excerpt":{"rendered":"<p style=\"margin-bottom:25px;\">\n<p>Shemot (Exode) 20.4 [Yitro] : Ne pas tu feras toi cela : une idole (chose faconnee). Et toute sorte d'image (chose modelee) : ce qui [est] pres des cieux (pensees) au-dessus (plus grand) et ce qui [est] pres du terrestre (corps) en-dessous (plus petit) et ce qui [est] pres des eaux (semences) en-dessous (plus petit). [Cela] pour [le bien du devenir du] corps.<\/p>\n<\/p>\n<p><span style=\"color:#333\"> &rarr; <a href=\"https:\/\/asherhaimhalevi.ordisoftware.com\/blog\/2022\/05\/decodage-du-verset-shemot-20-4-relatif-aux-destins\/\">Lire la suite<\/a><\/span><\/p>\n","protected":false},"author":1,"featured_media":0,"comment_status":"closed","ping_status":"closed","sticky":false,"template":"","format":"standard","meta":[],"categories":[20],"tags":[],"jetpack_featured_media_url":"","_links":{"self":[{"href":"https:\/\/asherhaimhalevi.ordisoftware.com\/wp-json\/wp\/v2\/posts\/3351"}],"collection":[{"href":"https:\/\/asherhaimhalevi.ordisoftware.com\/wp-json\/wp\/v2\/posts"}],"about":[{"href":"https:\/\/asherhaimhalevi.ordisoftware.com\/wp-json\/wp\/v2\/types\/post"}],"author":[{"embeddable":true,"href":"https:\/\/asherhaimhalevi.ordisoftware.com\/wp-json\/wp\/v2\/users\/1"}],"replies":[{"embeddable":true,"href":"https:\/\/asherhaimhalevi.ordisoftware.com\/wp-json\/wp\/v2\/comments?post=3351"}],"version-history":[{"count":0,"href":"https:\/\/asherhaimhalevi.ordisoftware.com\/wp-json\/wp\/v2\/posts\/3351\/revisions"}],"wp:attachment":[{"href":"https:\/\/asherhaimhalevi.ordisoftware.com\/wp-json\/wp\/v2\/media?parent=3351"}],"wp:term":[{"taxonomy":"category","embeddable":true,"href":"https:\/\/asherhaimhalevi.ordisoftware.com\/wp-json\/wp\/v2\/categories?post=3351"},{"taxonomy":"post_tag","embeddable":true,"href":"https:\/\/asherhaimhalevi.ordisoftware.com\/wp-json\/wp\/v2\/tags?post=3351"}],"curies":[{"name":"wp","href":"https:\/\/api.w.org\/{rel}","templated":true}]}}