{"id":3364,"date":"2022-05-27T13:35:11","date_gmt":"2022-05-27T11:35:11","guid":{"rendered":"https:\/\/asherhaimhalevi.ordisoftware.com\/?p=3364"},"modified":"2022-06-04T19:59:24","modified_gmt":"2022-06-04T17:59:24","slug":"analyse-du-mot-goy-signifiant-etranger-a-la-torah","status":"publish","type":"post","link":"https:\/\/asherhaimhalevi.ordisoftware.com\/blog\/2022\/05\/analyse-du-mot-goy-signifiant-etranger-a-la-torah\/","title":{"rendered":"Analyse du mot Goy signifiant \u00e9tranger \u00e0 la Torah"},"content":{"rendered":"<p style=\"margin-bottom:25px;\"><p><span class=\"css-901oao css-16my406 r-poiln3 r-bcqeeo r-qvutc0\">Goy <span style=\"font-size: 16pt;\">\u05d2\u05d5\u05d9<\/span> (H1471) : masse, essaim, non-h\u00e9breu.<\/span><\/p>\n<p><span class=\"css-901oao css-16my406 r-poiln3 r-bcqeeo r-qvutc0\">De <span style=\"font-size: 16pt;\">\u05d2\u05d0\u05d4<\/span> (H1343) : monter vers le haut, grandir, \u00e9lever, soulever, exalter, glorifier, magnifier, \u00eatre majestueux, triompher.<\/span><\/p>\n<p><span class=\"css-901oao css-16my406 r-poiln3 r-bcqeeo r-qvutc0\">Consid\u00e9r\u00e9 en tant que verbe conjugu\u00e9 au pr\u00e9sent ce mot signifie ainsi :<\/span><\/p>\n<p style=\"padding-left: 40px;\"><em><span class=\"css-901oao css-16my406 r-poiln3 r-bcqeeo r-qvutc0\">Je (HaShem) glorifie Elle (la Torah)<\/span><\/em><\/p>\n<p><span class=\"css-901oao css-16my406 r-poiln3 r-bcqeeo r-qvutc0\"> Une lettrique serait :<\/span><\/p>\n<p style=\"padding-left: 40px;\"><em><span class=\"css-901oao css-16my406 r-poiln3 r-bcqeeo r-qvutc0\"> Donner la Loi de l'Existence [humaine] {plus haute loi de la survie de l'esp\u00e8ce}<\/span><\/em><\/p>\n<p><a href=\"https:\/\/asherhaimhalevi.ordisoftware.com\/wp-content\/uploads\/2022\/05\/goy.png\"><img decoding=\"async\" class=\"image-p aligncenter wp-image-3365\" src=\"https:\/\/asherhaimhalevi.ordisoftware.com\/wp-content\/uploads\/2022\/05\/goy.png\" alt=\"\" width=\"550\" height=\"588\" srcset=\"https:\/\/asherhaimhalevi.ordisoftware.com\/wp-content\/uploads\/2022\/05\/goy.png 676w, https:\/\/asherhaimhalevi.ordisoftware.com\/wp-content\/uploads\/2022\/05\/goy-280x300.png 280w, https:\/\/asherhaimhalevi.ordisoftware.com\/wp-content\/uploads\/2022\/05\/goy-187x200.png 187w, https:\/\/asherhaimhalevi.ordisoftware.com\/wp-content\/uploads\/2022\/05\/goy-140x150.png 140w, https:\/\/asherhaimhalevi.ordisoftware.com\/wp-content\/uploads\/2022\/05\/goy-400x428.png 400w\" sizes=\"(max-width: 550px) 100vw, 550px\" \/><\/a><!--more--><\/p>\n<p><span class=\"css-901oao css-16my406 r-poiln3 r-bcqeeo r-qvutc0\">Selon le Rebbe Rashab :<\/span><\/p>\n<ul>\n<li><span class=\"css-901oao css-16my406 r-poiln3 r-bcqeeo r-qvutc0\">Les sionistes rejettent la mission d'enseigner la Torah au monde entier.<\/span><\/li>\n<\/ul>\n<ul>\n<li><span class=\"css-901oao css-16my406 r-poiln3 r-bcqeeo r-qvutc0\">Rejettent l'espoir dans le but de la Torah de faire \u00e9voluer les goyim.<\/span><\/li>\n<\/ul>\n<ul>\n<li><span class=\"css-901oao css-16my406 r-poiln3 r-bcqeeo r-qvutc0\">Favorisent la diss\u00e9mination de coutumes profanes qui sont nuisibles.<\/span><\/li>\n<\/ul>\n<ul>\n<li><span class=\"css-901oao css-16my406 r-poiln3 r-bcqeeo r-qvutc0\">Rejettent les mitsvot de la Torah servant \u00e0 ce que les choses aillent bien et pas mal pour l'esp\u00e8ce et chaque individu qu'il soit h\u00e9breu ou juif comme \u00e9tranger puisque chaque humain a le potentiel m\u00eame non activ\u00e9.<br \/>\n<\/span><\/li>\n<\/ul>\n<p><span class=\"css-901oao css-16my406 r-poiln3 r-bcqeeo r-qvutc0\">Le pire \u00e9tant d'utiliser p\u00e9jorativement et avec m\u00e9pris ce terme qui en r\u00e9alit\u00e9 d\u00e9signe un \u00e9tranger \u00e0 Torah, c'est-\u00e0-dire ceux qui ne connaissent pas la Torah, soit les non-juifs comme on dit de nos jours ou les non-h\u00e9breux au sens strict (la tribu de Yehoudah ayant pour mission la transmission et l'enseignement de la Torah), et qu'ils seraient inf\u00e9rieurs et sans valeur ou du b\u00e9tail voire pire, alors que ce mot est tout le contraire et doit \u00eatre pens\u00e9, \u00e9crit, prononc\u00e9 et trait\u00e9 avec affection, compassion, bienveillance et tendresse, car c'est aux goyim ignorants et esclaves des illusions du monde qu'on donne la Torah pour les lib\u00e9rer afin de produire des juif, \u00e0 chaque g\u00e9n\u00e9ration, pour la multitude. <\/span><\/p>\n<p><span class=\"css-901oao css-16my406 r-poiln3 r-bcqeeo r-qvutc0\">Parce que sans goyim il n'y a pas de juifs, ni d'esp\u00e8ce humaine, car toute le monde n\u00e9 goyim, et pour les m\u00e2les ce statut persiste jusqu'au don qui est la circoncision du coeur ou jusqu'\u00e0 la circoncision de la chair lors du rachat du premier-n\u00e9 pour le m\u00e2le impliquant celui des suivants, optimalement parlant.<\/span><\/p>\n<p>Ainsi c'est en donnant la Torah aux goyim qu'on glorifie HaShem de Elohim en plus de la suivre et de l'enseigner \u00e0 toute celle et tout celui qui voudrait et qui a le devoir de l'\u00e9tudier et de la dupliquer car c'est aussi vital que de respirer, boire, manger, s'habiller, travailler, se reposer, \u00e9duquer, aider, soigner, r\u00e9soudre les conflits, etc.<\/p>\n<\/p>","protected":false},"excerpt":{"rendered":"<p style=\"margin-bottom:25px;\">\n<p>Goy \u05d2\u05d5\u05d9 (H1471) : masse, essaim, non-hebreu.<\/p>\n<p>De \u05d2\u05d0\u05d4 (H1343) : monter vers le haut, grandir, elever, soulever, exalter, glorifier, magnifier, etre majestueux, triompher.<\/p>\n<p>Considere en tant que verbe conjugue au present ce mot signifie ainsi :<\/p>\n<p style=\"padding-left: 40px;\">Je (HaShem) glorifie Elle (la Torah)<\/p>\n<p> Une lettrique serait :<\/p>\n<p style=\"padding-left: 40px;\"> Donner la Loi de l'Existence [humaine] {plus haute loi de la survie de l'espece}<\/p>\n<\/p>\n<p><span style=\"color:#333\"> &rarr; <a href=\"https:\/\/asherhaimhalevi.ordisoftware.com\/blog\/2022\/05\/analyse-du-mot-goy-signifiant-etranger-a-la-torah\/\">Lire la suite<\/a><\/span><\/p>\n","protected":false},"author":1,"featured_media":0,"comment_status":"closed","ping_status":"closed","sticky":false,"template":"","format":"standard","meta":[],"categories":[20],"tags":[],"jetpack_featured_media_url":"","_links":{"self":[{"href":"https:\/\/asherhaimhalevi.ordisoftware.com\/wp-json\/wp\/v2\/posts\/3364"}],"collection":[{"href":"https:\/\/asherhaimhalevi.ordisoftware.com\/wp-json\/wp\/v2\/posts"}],"about":[{"href":"https:\/\/asherhaimhalevi.ordisoftware.com\/wp-json\/wp\/v2\/types\/post"}],"author":[{"embeddable":true,"href":"https:\/\/asherhaimhalevi.ordisoftware.com\/wp-json\/wp\/v2\/users\/1"}],"replies":[{"embeddable":true,"href":"https:\/\/asherhaimhalevi.ordisoftware.com\/wp-json\/wp\/v2\/comments?post=3364"}],"version-history":[{"count":0,"href":"https:\/\/asherhaimhalevi.ordisoftware.com\/wp-json\/wp\/v2\/posts\/3364\/revisions"}],"wp:attachment":[{"href":"https:\/\/asherhaimhalevi.ordisoftware.com\/wp-json\/wp\/v2\/media?parent=3364"}],"wp:term":[{"taxonomy":"category","embeddable":true,"href":"https:\/\/asherhaimhalevi.ordisoftware.com\/wp-json\/wp\/v2\/categories?post=3364"},{"taxonomy":"post_tag","embeddable":true,"href":"https:\/\/asherhaimhalevi.ordisoftware.com\/wp-json\/wp\/v2\/tags?post=3364"}],"curies":[{"name":"wp","href":"https:\/\/api.w.org\/{rel}","templated":true}]}}