{"id":3383,"date":"2022-05-27T07:15:14","date_gmt":"2022-05-27T05:15:14","guid":{"rendered":"https:\/\/asherhaimhalevi.ordisoftware.com\/?p=3383"},"modified":"2022-06-04T19:59:33","modified_gmt":"2022-06-04T17:59:33","slug":"decodage-du-verset-vayiqra-26-3-relatif-a-la-mission-des-hebreux","status":"publish","type":"post","link":"https:\/\/asherhaimhalevi.ordisoftware.com\/blog\/2022\/05\/decodage-du-verset-vayiqra-26-3-relatif-a-la-mission-des-hebreux\/","title":{"rendered":"D\u00e9codage Vayiqra 26.3 relatif \u00e0 la mission des h\u00e9breux"},"content":{"rendered":"<p style=\"margin-bottom:25px;\"><p>Vayiqra (L\u00e9vitique) 26.3 [Be'houqota\u00ef] : Ainsi avec [bonne] mani\u00e8re \u00e0 Moi (HaShem) vous vous comporterez et avec r\u00e8gles \u00e0 Moi vous pr\u00e9serverez : vous produirez vous-m\u00eames.<\/p>\n<p><a href=\"https:\/\/asherhaimhalevi.ordisoftware.com\/wp-content\/uploads\/2022\/05\/vayiqra-26.3.png\"><img decoding=\"async\" class=\"image-p aligncenter wp-image-3384\" src=\"https:\/\/asherhaimhalevi.ordisoftware.com\/wp-content\/uploads\/2022\/05\/vayiqra-26.3.png\" alt=\"\" width=\"550\" height=\"414\" srcset=\"https:\/\/asherhaimhalevi.ordisoftware.com\/wp-content\/uploads\/2022\/05\/vayiqra-26.3.png 986w, https:\/\/asherhaimhalevi.ordisoftware.com\/wp-content\/uploads\/2022\/05\/vayiqra-26.3-300x226.png 300w, https:\/\/asherhaimhalevi.ordisoftware.com\/wp-content\/uploads\/2022\/05\/vayiqra-26.3-200x151.png 200w, https:\/\/asherhaimhalevi.ordisoftware.com\/wp-content\/uploads\/2022\/05\/vayiqra-26.3-768x579.png 768w, https:\/\/asherhaimhalevi.ordisoftware.com\/wp-content\/uploads\/2022\/05\/vayiqra-26.3-150x113.png 150w, https:\/\/asherhaimhalevi.ordisoftware.com\/wp-content\/uploads\/2022\/05\/vayiqra-26.3-400x301.png 400w\" sizes=\"(max-width: 550px) 100vw, 550px\" \/><\/a><!--more--><\/p>\n<p>\u2022 R\u00e8gle : commandements, prescriptions, lois.<\/p>\n<p>\u2022 Pr\u00e9server la Torah et donc la vie humaine.<\/p>\n<p>\u2022 Produire des oeuvres et des h\u00e9breux.<\/p>\n<p>\u2022 Vous-m\u00eames : sinon qui le fera ?<\/p>\n<\/p>","protected":false},"excerpt":{"rendered":"<p style=\"margin-bottom:25px;\">\n<p>Vayiqra (Levitique) 26.3 [Be'houqotai] : Ainsi avec [bonne] maniere a Moi (HaShem) vous vous comporterez et avec regles a Moi vous preserverez : vous produirez vous-memes.<\/p><\/p>\n","protected":false},"author":1,"featured_media":0,"comment_status":"closed","ping_status":"closed","sticky":false,"template":"","format":"standard","meta":[],"categories":[20],"tags":[],"jetpack_featured_media_url":"","_links":{"self":[{"href":"https:\/\/asherhaimhalevi.ordisoftware.com\/wp-json\/wp\/v2\/posts\/3383"}],"collection":[{"href":"https:\/\/asherhaimhalevi.ordisoftware.com\/wp-json\/wp\/v2\/posts"}],"about":[{"href":"https:\/\/asherhaimhalevi.ordisoftware.com\/wp-json\/wp\/v2\/types\/post"}],"author":[{"embeddable":true,"href":"https:\/\/asherhaimhalevi.ordisoftware.com\/wp-json\/wp\/v2\/users\/1"}],"replies":[{"embeddable":true,"href":"https:\/\/asherhaimhalevi.ordisoftware.com\/wp-json\/wp\/v2\/comments?post=3383"}],"version-history":[{"count":0,"href":"https:\/\/asherhaimhalevi.ordisoftware.com\/wp-json\/wp\/v2\/posts\/3383\/revisions"}],"wp:attachment":[{"href":"https:\/\/asherhaimhalevi.ordisoftware.com\/wp-json\/wp\/v2\/media?parent=3383"}],"wp:term":[{"taxonomy":"category","embeddable":true,"href":"https:\/\/asherhaimhalevi.ordisoftware.com\/wp-json\/wp\/v2\/categories?post=3383"},{"taxonomy":"post_tag","embeddable":true,"href":"https:\/\/asherhaimhalevi.ordisoftware.com\/wp-json\/wp\/v2\/tags?post=3383"}],"curies":[{"name":"wp","href":"https:\/\/api.w.org\/{rel}","templated":true}]}}