{"id":3394,"date":"2022-05-27T13:30:56","date_gmt":"2022-05-27T11:30:56","guid":{"rendered":"https:\/\/asherhaimhalevi.ordisoftware.com\/?p=3394"},"modified":"2022-06-04T19:59:28","modified_gmt":"2022-06-04T17:59:28","slug":"decodage-verset-bamidbar-23-23-relatif-au-temoignage","status":"publish","type":"post","link":"https:\/\/asherhaimhalevi.ordisoftware.com\/blog\/2022\/05\/decodage-verset-bamidbar-23-23-relatif-au-temoignage\/","title":{"rendered":"D\u00e9codage Bamidbar 23.23 relatif au t\u00e9moignage"},"content":{"rendered":"<p style=\"margin-bottom:25px;\"><p>Bamidbar (Nombres) 23.23 [Balaq] : Parce que ne pas il a maniganc\u00e9 malgr\u00e9 [le mal], Yah'aqov. Et ne pas il a agit au hasard pour Isra\u00ebl. D\u00e9sormais il parlera, selon ce qu'il comprendra et selon Isra\u00ebl, de [ce] que il a accomplit avec efficacit\u00e9.<\/p>\n<p><a href=\"https:\/\/asherhaimhalevi.ordisoftware.com\/wp-content\/uploads\/2022\/05\/Bamidbar-23.23.png\"><img decoding=\"async\" class=\"image-p aligncenter wp-image-3395\" src=\"https:\/\/asherhaimhalevi.ordisoftware.com\/wp-content\/uploads\/2022\/05\/Bamidbar-23.23-1024x714.png\" alt=\"\" width=\"500\" height=\"349\" srcset=\"https:\/\/asherhaimhalevi.ordisoftware.com\/wp-content\/uploads\/2022\/05\/Bamidbar-23.23-1024x714.png 1024w, https:\/\/asherhaimhalevi.ordisoftware.com\/wp-content\/uploads\/2022\/05\/Bamidbar-23.23-300x209.png 300w, https:\/\/asherhaimhalevi.ordisoftware.com\/wp-content\/uploads\/2022\/05\/Bamidbar-23.23-200x139.png 200w, https:\/\/asherhaimhalevi.ordisoftware.com\/wp-content\/uploads\/2022\/05\/Bamidbar-23.23-768x535.png 768w, https:\/\/asherhaimhalevi.ordisoftware.com\/wp-content\/uploads\/2022\/05\/Bamidbar-23.23-150x105.png 150w, https:\/\/asherhaimhalevi.ordisoftware.com\/wp-content\/uploads\/2022\/05\/Bamidbar-23.23-400x279.png 400w, https:\/\/asherhaimhalevi.ordisoftware.com\/wp-content\/uploads\/2022\/05\/Bamidbar-23.23.png 1166w\" sizes=\"(max-width: 500px) 100vw, 500px\" \/><\/a><!--more--><\/p>\n<p>\u2022 Manigancer : utiliser le mentalisme \u00e0 des fins \u00e9go\u00efstes et nuisibles au d\u00e9triment d'autrui, que ce soit d'une personne, d'un groupe petit ou grand, comme d'un pays, d'une nation et du monde, ce qu'on nomme la sorcellerie i.e. pratiquer la \"magie\" malveillante avec avec des tours de passe-passe interdits ou de la science prohib\u00e9e.<br \/>\n\u2022 Yah'aqov : Yah a soutenu et prot\u00e9g\u00e9.<br \/>\n\u2022 Agir au hasard : pratiquer la divination, choisit des cibles au hasard, planifier la vie et la destin\u00e9e de personnes et d'organisations l\u00e9gales \u00e0 leurs places.<br \/>\n\u2022 Pour Isra\u00ebl : il est d'usage de consid\u00e9rer la particule Bet \"contre\" mais il faut lire \"pour\" dans le sens que Jacob n'a commis aucun crime au nom d'Isra\u00ebl afin de contrer les m\u00e9chants (les erreurs comme l'ignorance n'\u00e9tant pas crimes).<br \/>\n\u2022 Il parlera selon Yah'akov : on peut lire \"il parlera selon ce qu'il saisira, retiendra, comprendra\". Sinon avec une virgule \"il parlera, selon lui (son point de vue) et selon Isra\u00ebl (selon la Torah et l'accord commun de la g\u00e9n\u00e9ration)\".<br \/>\n\u2022 Avec efficacit\u00e9 : le mot a le sens de fortement, puissamment, prodigieusement, consid\u00e9rablement, redoutablement... dans la lutte contre les m\u00e9chants. On peut \u00e9galement lire \"[selon la] Loi (en vigueur dans le pays et la Torah\". Ou encore \"[selon] El (le puissant, le pouvoir de la Torah qui est celui de Dieu)\" qui est la force motrice du potentiel non existant mat\u00e9rialis\u00e9 : le Alef indique la source comme originelle et sans existence, que le Lamed am\u00e8ne \u00e0 l'existence par le cr\u00e9er, tandis que le Lamed est un Alef o\u00f9 le Youd droit s'\u00e9l\u00e8ve pour faire face au pass\u00e9 gr\u00e2ce \u00e0 la force du Youd gauche qui ne doit alors pas craindre le futur \u00e0 construire.<\/p>\n<\/p>","protected":false},"excerpt":{"rendered":"<p style=\"margin-bottom:25px;\">\n<p>Bamidbar (Nombres) 23.23 [Balaq] : Parce que ne pas il a manigance malgre [le mal], Yah'aqov. Et ne pas il a agit au hasard pour Israel. Desormais il parlera, selon ce qu'il comprendra et selon Israel, de [ce] que il a accomplit avec efficacite.<\/p>\n<\/p>\n<p><span style=\"color:#333\"> &rarr; <a href=\"https:\/\/asherhaimhalevi.ordisoftware.com\/blog\/2022\/05\/decodage-verset-bamidbar-23-23-relatif-au-temoignage\/\">Lire la suite<\/a><\/span><\/p>\n","protected":false},"author":1,"featured_media":0,"comment_status":"closed","ping_status":"closed","sticky":false,"template":"","format":"standard","meta":[],"categories":[20],"tags":[],"jetpack_featured_media_url":"","_links":{"self":[{"href":"https:\/\/asherhaimhalevi.ordisoftware.com\/wp-json\/wp\/v2\/posts\/3394"}],"collection":[{"href":"https:\/\/asherhaimhalevi.ordisoftware.com\/wp-json\/wp\/v2\/posts"}],"about":[{"href":"https:\/\/asherhaimhalevi.ordisoftware.com\/wp-json\/wp\/v2\/types\/post"}],"author":[{"embeddable":true,"href":"https:\/\/asherhaimhalevi.ordisoftware.com\/wp-json\/wp\/v2\/users\/1"}],"replies":[{"embeddable":true,"href":"https:\/\/asherhaimhalevi.ordisoftware.com\/wp-json\/wp\/v2\/comments?post=3394"}],"version-history":[{"count":0,"href":"https:\/\/asherhaimhalevi.ordisoftware.com\/wp-json\/wp\/v2\/posts\/3394\/revisions"}],"wp:attachment":[{"href":"https:\/\/asherhaimhalevi.ordisoftware.com\/wp-json\/wp\/v2\/media?parent=3394"}],"wp:term":[{"taxonomy":"category","embeddable":true,"href":"https:\/\/asherhaimhalevi.ordisoftware.com\/wp-json\/wp\/v2\/categories?post=3394"},{"taxonomy":"post_tag","embeddable":true,"href":"https:\/\/asherhaimhalevi.ordisoftware.com\/wp-json\/wp\/v2\/tags?post=3394"}],"curies":[{"name":"wp","href":"https:\/\/api.w.org\/{rel}","templated":true}]}}