{"id":3439,"date":"2022-06-04T19:55:37","date_gmt":"2022-06-04T17:55:37","guid":{"rendered":"https:\/\/asherhaimhalevi.ordisoftware.com\/?p=3439"},"modified":"2022-06-08T19:08:08","modified_gmt":"2022-06-08T17:08:08","slug":"recette-de-lagneau-de-shavouot","status":"publish","type":"post","link":"https:\/\/asherhaimhalevi.ordisoftware.com\/blog\/2022\/06\/recette-de-lagneau-de-shavouot\/","title":{"rendered":"Recette du rago\u00fbt d'agneau de Shavouh'ot"},"content":{"rendered":"<p style=\"margin-bottom:25px;\"><p><span class=\"css-901oao css-16my406 r-poiln3 r-bcqeeo r-qvutc0\">Agneau de Shavouh'ot par exemple pour une ou deux portions selon l'app\u00e9tit et la taux de prot\u00e9ines journalier :<\/span><\/p>\n<ul>\n<li><span class=\"css-901oao css-16my406 r-poiln3 r-bcqeeo r-qvutc0\">160g d'agneau en d\u00e9s.<\/span><\/li>\n<li><span class=\"css-901oao css-16my406 r-poiln3 r-bcqeeo r-qvutc0\">M\u00e9langer avec 11ml huile d'olive.<\/span><\/li>\n<li><span class=\"css-901oao css-16my406 r-poiln3 r-bcqeeo r-qvutc0\">M\u00e9langer avec 32g farine bl\u00e9, fine de pr\u00e9f\u00e9rence.<\/span><\/li>\n<li><span class=\"css-901oao css-16my406 r-poiln3 r-bcqeeo r-qvutc0\">D\u00e9poser dans un plat avec bords hauts.<\/span><\/li>\n<li><span class=\"css-901oao css-16my406 r-poiln3 r-bcqeeo r-qvutc0\">Sel, herbes de Provence, piment ou autre.<\/span><\/li>\n<li><span class=\"css-901oao css-16my406 r-poiln3 r-bcqeeo r-qvutc0\">Couvrir avec 64 ml de vin par exemple de Corbi\u00e8res.<\/span><\/li>\n<li><span class=\"css-901oao css-16my406 r-poiln3 r-bcqeeo r-qvutc0\">Cuisson au four \u00e0 190-210\u00b0 environ une heure ou plus selon le poids total.<\/span><\/li>\n<\/ul>\n<p><span class=\"css-901oao css-16my406 r-poiln3 r-bcqeeo r-qvutc0\">Variante : hacher la viande pour des hamburgers.<\/span><\/p>\n<p><!--more--><\/p>\n<p><span class=\"css-901oao css-16my406 r-poiln3 r-bcqeeo r-qvutc0\">Manger apr\u00e8s le shabat qui suit le r\u00e9gime \"n\u00e9andertalien\" sans graines ni fruits du verger soit viande, poisson, tubercules, miel, etc. di\u00e8te qui suit le omer depuis Pessa'h. <\/span><\/p>\n<p><span class=\"css-901oao css-16my406 r-poiln3 r-bcqeeo r-qvutc0\">Difficile comme je\u00fbner mais moins dur.<\/span><\/p>\n<p><span class=\"css-901oao css-16my406 r-poiln3 r-bcqeeo r-qvutc0\">L'algorithme principal et complet est en Vayiqra 23.9-22 :<br \/>\n<\/span><\/p>\n<p style=\"padding-left: 40px;\">La f\u00eate des semaines correspond au don de la Torah et \u00e0 l'entr\u00e9e en Isra\u00ebl.<\/p>\n<p style=\"padding-left: 40px;\">Depuis le jour de Pessa'h, on compte sept semaines et on suit un r\u00e9gime nutritionnel particulier. On suit ce r\u00e9gime jusqu'au lendemain solaire du prochain shabat, personnel ou communautaire selon l'usage, o\u00f9 l'on mange de l'agneau avec de l'huile, de la farine et du vin, et ensuite on compte encore sept semaines au bout desquelles on mange un m\u00e9lange d'agneau et de veau cuit dans une sorte de bi\u00e8re au bl\u00e9.<\/p>\n<p style=\"padding-left: 40px;\">\u00c0 Pessa'h c'est HaShem qui nous d\u00e9livre pour nous avec l'agneau r\u00f4ti et le pain sans levain aux herbes am\u00e8res, tandis qu'\u00e0 Shavouh'ot c'est nous qui acceptons le don d'HaShem qui au-del\u00e0 des apparences du rude d\u00e9sert est en r\u00e9alit\u00e9 aussi onctueux que ces recettes.<\/p>\n<p>D\u00e9tails du r\u00e9gime mentionn\u00e9 et expos\u00e9 dans la deuxi\u00e8me \u00e9dition du livre <a href=\"https:\/\/asherhaimhalevi.ordisoftware.com\/works\/the-religious-problem\/chapter-7\/\">Le probl\u00e8me religieux<\/a> :<\/p>\n<p style=\"padding-left: 40px;\">Pas de pain \u00e0 grains, pas de grains \u00e0 cuire, pas de fruits d'arbres du verger : ni c\u00e9r\u00e9ales<a href=\"#_ftn1\" name=\"_ftnref1\">[1]<\/a>, ni l\u00e9gumineuses<a href=\"#_ftn2\" name=\"_ftnref2\">[2]<\/a>, ni ol\u00e9agineux<a href=\"#_ftn3\" name=\"_ftnref3\">[3]<\/a>, ni fruits d'arbres et arbustes<a href=\"#_ftn4\" name=\"_ftnref4\">[4]<\/a>, y compris les l\u00e9gumes-fruits<a href=\"#_ftn5\" name=\"_ftnref5\">[5]<\/a> comme la tomate, le caf\u00e9 et le chocolat et les choses comme la canne \u00e0 sucre, la noix de coco, l'huile de graines (tournesol, soja, noix\u2026) et de fruits (olive), le vin, la bi\u00e8re.<\/p>\n<p style=\"padding-left: 40px;\">Ce r\u00e9gime alimentaire fondamentalement ind\u00e9pendant de l'agriculture et de la cueillette est typiquement n\u00e9andertalien car principalement compos\u00e9 de viandes, de poissons, d'\u0153ufs, de laitages, de tubercules (betterave, carotte, c\u00e9leri-rave, chou-rave, navet, pomme de terre, radis, salsifis, raifort, gingembre, ginseng) et de certains l\u00e9gumes et plantes (salade, oignon, ail, champignon, chou-fleur, poireau). Le xylitol provenant de la s\u00e8ve d'un arbre et le miel sont consommables, \u00e9galement l'hydromel, le vinaigre de miel et le th\u00e9. Les choses comme la courgette, la courge, le melon, la fraise et les baies, la moutarde au vinaigre d'alcool, le colza et son huile, ainsi que le sarrasin et son pain, sont peut-\u00eatre consommables.<\/p>\n<p style=\"padding-left: 40px;\">Une \u00e9tude pouss\u00e9e de la classification v\u00e9g\u00e9tale des esp\u00e8ces et des genres d\u00e9passe le cadre de cet ouvrage.<\/p>\n<p style=\"padding-left: 40px;\">Concernant les m\u00e9dicaments, les plantes m\u00e9dicinales et les compl\u00e9ments alimentaires, il faut essayer de les r\u00e9duire au minimum vital n\u00e9cessaire sans mettre sa vie en danger ni laisser se produire des sympt\u00f4mes qui pourraient nuire ou faire trop souffrir.<\/p>\n<p style=\"padding-left: 40px;\">Manger ainsi quelques jours permet ind\u00e9niablement de prendre conscience de la force de l'organisation communautaire humaine, autant \u00e0 subvenir aux besoins vitaux, qu'\u00e0 ne pas y subvenir, ainsi que d'affamer les bact\u00e9ries causant des infections chroniques.<\/p>\n<p><img decoding=\"async\" class=\"aligncenter size-full wp-image-3440\" src=\"https:\/\/asherhaimhalevi.ordisoftware.com\/wp-content\/uploads\/2022\/06\/references-shavouot.png\" alt=\"\" width=\"386\" height=\"338\" srcset=\"https:\/\/asherhaimhalevi.ordisoftware.com\/wp-content\/uploads\/2022\/06\/references-shavouot.png 386w, https:\/\/asherhaimhalevi.ordisoftware.com\/wp-content\/uploads\/2022\/06\/references-shavouot-300x263.png 300w, https:\/\/asherhaimhalevi.ordisoftware.com\/wp-content\/uploads\/2022\/06\/references-shavouot-200x175.png 200w, https:\/\/asherhaimhalevi.ordisoftware.com\/wp-content\/uploads\/2022\/06\/references-shavouot-150x131.png 150w\" sizes=\"(max-width: 386px) 100vw, 386px\" \/><\/p>\n<div  id=\"_ytid_17772\" class=\"__youtube_prefs__  __youtube_prefs_gdpr__  epyt-is-override \" allowfullscreen data-no-lazy=\"1\" data-skipgform_ajax_framebjll=\"\">\n<p><strong>Please accept YouTube cookies to play this video.<\/strong> By accepting you will be accessing content from YouTube, a service provided by an external third party.<\/p>\n<p><a href=\"https:\/\/policies.google.com\/privacy\" target=\"_blank\" rel=\"noopener\">YouTube privacy policy<\/a><\/p>\n<p>If you accept this notice, your choice will be saved and the page will refresh.<\/p>\n<p><button type=\"button\" class=\"__youtube_prefs_gdpr__\">Accept YouTube Content<img decoding=\"async\" src=\"https:\/\/asherhaimhalevi.ordisoftware.com\/wp-content\/plugins\/youtube-embed-plus\/images\/icon-check.png\" alt=\"accept\" data-no-lazy=\"1\" data-skipgform_ajax_framebjll=\"\" \/><\/button><\/div>\n<p><sup><a href=\"#_ftnref1\" name=\"_ftn1\"><strong>[1]<\/strong><\/a> fr.wikipedia.org\/wiki\/C\u00e9r\u00e9ale<\/sup><br \/>\n<sup><a href=\"#_ftnref2\" name=\"_ftn2\"><strong>[2]<\/strong><\/a> fr.wikipedia.org\/wiki\/Fabaceae<\/sup><br \/>\n<sup><a href=\"#_ftnref3\" name=\"_ftn3\"><strong>[3]<\/strong><\/a> fr.wikipedia.org\/wiki\/Ol\u00e9agineux<\/sup><br \/>\n<sup><a href=\"#_ftnref4\" name=\"_ftn4\"><strong>[4]<\/strong><\/a> fr.wikipedia.org\/wiki\/Fruit_(alimentation_humaine)<\/sup><br \/>\n<sup><a href=\"#_ftnref5\" name=\"_ftn5\"><strong>[5]<\/strong><\/a> fr.wikipedia.org\/wiki\/L\u00e9gume-fruit<\/sup><\/p>\n<\/p>","protected":false},"excerpt":{"rendered":"<p style=\"margin-bottom:25px;\">\n<p>Agneau de Shavouh'ot par exemple pour une ou deux portions selon l'appetit et la taux de proteines journalier :<\/p>\n<p> 160g d'agneau en des. Melanger avec 11ml huile d'olive. Melanger avec 32g farine ble, fine de preference. Deposer dans un plat avec bords hauts. Sel, herbes de Provence, piment ou autre. Couvrir avec 64 ml de vin par exemple de Corbieres. Cuisson au four a 190-210\u00b0 environ une heure ou plus selon le poids total. <\/p>\n<p>Variante : hacher la viande pour des hamburgers.<\/p>\n<p><span style=\"color:#333\"> &rarr; <a href=\"https:\/\/asherhaimhalevi.ordisoftware.com\/blog\/2022\/06\/recette-de-lagneau-de-shavouot\/\">Lire la suite<\/a><\/span><\/p>\n","protected":false},"author":1,"featured_media":0,"comment_status":"closed","ping_status":"closed","sticky":false,"template":"","format":"standard","meta":[],"categories":[11],"tags":[],"jetpack_featured_media_url":"","_links":{"self":[{"href":"https:\/\/asherhaimhalevi.ordisoftware.com\/wp-json\/wp\/v2\/posts\/3439"}],"collection":[{"href":"https:\/\/asherhaimhalevi.ordisoftware.com\/wp-json\/wp\/v2\/posts"}],"about":[{"href":"https:\/\/asherhaimhalevi.ordisoftware.com\/wp-json\/wp\/v2\/types\/post"}],"author":[{"embeddable":true,"href":"https:\/\/asherhaimhalevi.ordisoftware.com\/wp-json\/wp\/v2\/users\/1"}],"replies":[{"embeddable":true,"href":"https:\/\/asherhaimhalevi.ordisoftware.com\/wp-json\/wp\/v2\/comments?post=3439"}],"version-history":[{"count":0,"href":"https:\/\/asherhaimhalevi.ordisoftware.com\/wp-json\/wp\/v2\/posts\/3439\/revisions"}],"wp:attachment":[{"href":"https:\/\/asherhaimhalevi.ordisoftware.com\/wp-json\/wp\/v2\/media?parent=3439"}],"wp:term":[{"taxonomy":"category","embeddable":true,"href":"https:\/\/asherhaimhalevi.ordisoftware.com\/wp-json\/wp\/v2\/categories?post=3439"},{"taxonomy":"post_tag","embeddable":true,"href":"https:\/\/asherhaimhalevi.ordisoftware.com\/wp-json\/wp\/v2\/tags?post=3439"}],"curies":[{"name":"wp","href":"https:\/\/api.w.org\/{rel}","templated":true}]}}