{"id":362,"date":"2019-01-26T10:22:21","date_gmt":"2019-01-26T09:22:21","guid":{"rendered":"https:\/\/asherhaimhalevi.ordisoftware.com\/?p=362"},"modified":"2021-04-01T06:31:25","modified_gmt":"2021-04-01T04:31:25","slug":"publication-de-logiciels-pour-letude-de-la-torah","status":"publish","type":"post","link":"https:\/\/asherhaimhalevi.ordisoftware.com\/blog\/2019\/01\/publication-de-logiciels-pour-letude-de-la-torah\/","title":{"rendered":"Publication de logiciels pour l'\u00e9tude de la Torah"},"content":{"rendered":"<p style=\"margin-bottom:25px;\"><p>Publication de trois logiciels pour \u00e9tudier et traduire la Torah et la Bible h\u00e9bra\u00efque :<\/p>\n<ul>\n<li><a href=\"http:\/\/www.ordisoftware.com\/projects\/hebrew-calendar\/\" target=\"_blank\" rel=\"nofollow noopener\">Hebrew Calendar<\/a> : un outil pour g\u00e9n\u00e9rer un calendrier luni-solaire h\u00e9bra\u00efque.<\/li>\n<\/ul>\n<ul>\n<li><a href=\"http:\/\/www.ordisoftware.com\/projects\/hebrew-letters\/\" target=\"_blank\" rel=\"nofollow noopener\">Hebrew Letters<\/a> : un outil pour l'\u00e9tude lettrique des mots h\u00e9breux.<\/li>\n<\/ul>\n<ul>\n<li><a href=\"http:\/\/www.ordisoftware.com\/projects\/hebrew-words\/\" target=\"_blank\" rel=\"nofollow noopener\">Hebrew Words<\/a> : un outil pour la traduction litt\u00e9rale de la Bible h\u00e9bra\u00efque.<\/li>\n<\/ul>\n<\/p>","protected":false},"excerpt":{"rendered":"<p style=\"margin-bottom:25px;\">\n<p>Publication de trois logiciels pour etudier et traduire la Torah et la Bible hebraique :<\/p>\n<p> Hebrew Calendar : un outil pour generer un calendrier luni-solaire hebraique. Hebrew Letters : un outil pour l'etude lettrique des mots hebreux. Hebrew Words : un outil pour la traduction litterale de la Bible hebraique. <\/p>\n","protected":false},"author":1,"featured_media":0,"comment_status":"closed","ping_status":"closed","sticky":false,"template":"","format":"standard","meta":[],"categories":[10],"tags":[],"jetpack_featured_media_url":"","_links":{"self":[{"href":"https:\/\/asherhaimhalevi.ordisoftware.com\/wp-json\/wp\/v2\/posts\/362"}],"collection":[{"href":"https:\/\/asherhaimhalevi.ordisoftware.com\/wp-json\/wp\/v2\/posts"}],"about":[{"href":"https:\/\/asherhaimhalevi.ordisoftware.com\/wp-json\/wp\/v2\/types\/post"}],"author":[{"embeddable":true,"href":"https:\/\/asherhaimhalevi.ordisoftware.com\/wp-json\/wp\/v2\/users\/1"}],"replies":[{"embeddable":true,"href":"https:\/\/asherhaimhalevi.ordisoftware.com\/wp-json\/wp\/v2\/comments?post=362"}],"version-history":[{"count":0,"href":"https:\/\/asherhaimhalevi.ordisoftware.com\/wp-json\/wp\/v2\/posts\/362\/revisions"}],"wp:attachment":[{"href":"https:\/\/asherhaimhalevi.ordisoftware.com\/wp-json\/wp\/v2\/media?parent=362"}],"wp:term":[{"taxonomy":"category","embeddable":true,"href":"https:\/\/asherhaimhalevi.ordisoftware.com\/wp-json\/wp\/v2\/categories?post=362"},{"taxonomy":"post_tag","embeddable":true,"href":"https:\/\/asherhaimhalevi.ordisoftware.com\/wp-json\/wp\/v2\/tags?post=362"}],"curies":[{"name":"wp","href":"https:\/\/api.w.org\/{rel}","templated":true}]}}