{"id":366,"date":"2019-08-17T10:26:23","date_gmt":"2019-08-17T08:26:23","guid":{"rendered":"https:\/\/asherhaimhalevi.ordisoftware.com\/?p=366"},"modified":"2021-04-01T06:15:35","modified_gmt":"2021-04-01T04:15:35","slug":"version-video-audio-et-mp3-du-livre-le-probleme-religieux","status":"publish","type":"post","link":"https:\/\/asherhaimhalevi.ordisoftware.com\/blog\/2019\/08\/version-video-audio-et-mp3-du-livre-le-probleme-religieux\/","title":{"rendered":"Version vid\u00e9o-audio et MP3 du livre \"Le probl\u00e8me religieux\""},"content":{"rendered":"<p style=\"margin-bottom:25px;\"><div dir=\"ltr\">\n<p>Une version vid\u00e9o-audio est disponible sur <a href=\"https:\/\/www.youtube.com\/playlist?list=PLSn7yTHwEx-DL6u9qWpRtF1vEAEVxe1Hk\">YouTube<\/a> et <a href=\"https:\/\/vimeo.com\/showcase\/6207493\" rel=\"nofollow\">Vimeo<\/a>.<\/p>\n<p>\u00c9galement une <a href=\"https:\/\/asherhaimhalevi.ordisoftware.com\/works\/audio-video\/#audio\">version MP3<\/a> t\u00e9l\u00e9chargeable de 460 Mio.<\/p>\n<p>La dur\u00e9e totale des expos\u00e9s est de 19h17.<\/p>\n<p>La <a href=\"\">version texte<\/a> contiendra plus de d\u00e9tails avec des <a href=\"https:\/\/asherhaimhalevi.ordisoftware.com\/works\/the-religious-problem\/diagrams\/\">tableaux et diagrammes<\/a>.<\/p>\n<\/div>\n<\/p>","protected":false},"excerpt":{"rendered":"<p style=\"margin-bottom:25px;\">\n<p>Une version video-audio est disponible sur YouTube et Vimeo.<\/p>\n<p>Egalement une version MP3 telechargeable de 460 Mio.<\/p>\n<p>La duree totale des exposes est de 19h17.<\/p>\n<p>La version texte contiendra plus de details avec des tableaux et diagrammes.<\/p><\/p>\n","protected":false},"author":1,"featured_media":0,"comment_status":"closed","ping_status":"closed","sticky":false,"template":"","format":"standard","meta":[],"categories":[10],"tags":[],"jetpack_featured_media_url":"","_links":{"self":[{"href":"https:\/\/asherhaimhalevi.ordisoftware.com\/wp-json\/wp\/v2\/posts\/366"}],"collection":[{"href":"https:\/\/asherhaimhalevi.ordisoftware.com\/wp-json\/wp\/v2\/posts"}],"about":[{"href":"https:\/\/asherhaimhalevi.ordisoftware.com\/wp-json\/wp\/v2\/types\/post"}],"author":[{"embeddable":true,"href":"https:\/\/asherhaimhalevi.ordisoftware.com\/wp-json\/wp\/v2\/users\/1"}],"replies":[{"embeddable":true,"href":"https:\/\/asherhaimhalevi.ordisoftware.com\/wp-json\/wp\/v2\/comments?post=366"}],"version-history":[{"count":0,"href":"https:\/\/asherhaimhalevi.ordisoftware.com\/wp-json\/wp\/v2\/posts\/366\/revisions"}],"wp:attachment":[{"href":"https:\/\/asherhaimhalevi.ordisoftware.com\/wp-json\/wp\/v2\/media?parent=366"}],"wp:term":[{"taxonomy":"category","embeddable":true,"href":"https:\/\/asherhaimhalevi.ordisoftware.com\/wp-json\/wp\/v2\/categories?post=366"},{"taxonomy":"post_tag","embeddable":true,"href":"https:\/\/asherhaimhalevi.ordisoftware.com\/wp-json\/wp\/v2\/tags?post=366"}],"curies":[{"name":"wp","href":"https:\/\/api.w.org\/{rel}","templated":true}]}}