{"id":370,"date":"2019-08-21T11:04:17","date_gmt":"2019-08-21T09:04:17","guid":{"rendered":"https:\/\/asherhaimhalevi.ordisoftware.com\/?p=370"},"modified":"2021-04-03T19:12:13","modified_gmt":"2021-04-03T17:12:13","slug":"publication-du-livret-lalphabet-hebreu","status":"publish","type":"post","link":"https:\/\/asherhaimhalevi.ordisoftware.com\/blog\/2019\/08\/publication-du-livret-lalphabet-hebreu\/","title":{"rendered":"Publication du livret \"L'alphabet h\u00e9breu\""},"content":{"rendered":"<p style=\"margin-bottom:25px;\"><div dir=\"ltr\">\n<div dir=\"ltr\">\n<div>\n<p>La version imprim\u00e9e de 72 pages au format Royal est disponible chez <a href=\"http:\/\/bit.ly\/30lw8SA\" target=\"_blank\" rel=\"nofollow noopener\">Lulu.com<\/a> au prix de 4,70\u20ac HT (vendu sans b\u00e9n\u00e9fice d'auteur).<\/p>\n<p>Disponible sur <a href=\"https:\/\/books.google.fr\/books?id=dSaqDwAAQBAJ&amp;printsec=frontcover\" target=\"_blank\" rel=\"noopener\">Google Books<\/a>.<\/p>\n<\/div>\n<div>\n<p>La <a href=\"https:\/\/asherhaimhalevi.ordisoftware.com\/works\/hebrew-alphabet\/chapters\/\">version texte<\/a> est disponible sur ce site.<\/p>\n<\/div>\n<div>\n<p>Une version vid\u00e9o-audio est disponible sur <a href=\"https:\/\/www.youtube.com\/playlist?list=PLSn7yTHwEx-DL6u9qWpRtF1vEAEVxe1Hk\">YouTube<\/a> et <a href=\"https:\/\/vimeo.com\/showcase\/6207493\" rel=\"nofollow\">Vimeo<\/a>.<\/p>\n<\/div>\n<p>\u00c9galement une <a href=\"https:\/\/asherhaimhalevi.ordisoftware.com\/works\/audio-video\/#hebrew-alphabet-anchor\">version MP3<\/a> t\u00e9l\u00e9chargeable.<\/p>\n<\/div>\n<\/div>\n<\/p>","protected":false},"excerpt":{"rendered":"<p style=\"margin-bottom:25px;\">\n<p>La version imprimee de 72 pages au format Royal est disponible chez Lulu.com au prix de 4,70E HT (vendu sans benefice d'auteur).<\/p>\n<p>Disponible sur Google Books.<\/p>\n<p>La version texte est disponible sur ce site.<\/p>\n<p>Une version video-audio est disponible sur YouTube et Vimeo.<\/p>\n<p>Egalement une version MP3 telechargeable.<\/p><\/p>\n","protected":false},"author":1,"featured_media":0,"comment_status":"closed","ping_status":"closed","sticky":false,"template":"","format":"standard","meta":[],"categories":[10],"tags":[],"jetpack_featured_media_url":"","_links":{"self":[{"href":"https:\/\/asherhaimhalevi.ordisoftware.com\/wp-json\/wp\/v2\/posts\/370"}],"collection":[{"href":"https:\/\/asherhaimhalevi.ordisoftware.com\/wp-json\/wp\/v2\/posts"}],"about":[{"href":"https:\/\/asherhaimhalevi.ordisoftware.com\/wp-json\/wp\/v2\/types\/post"}],"author":[{"embeddable":true,"href":"https:\/\/asherhaimhalevi.ordisoftware.com\/wp-json\/wp\/v2\/users\/1"}],"replies":[{"embeddable":true,"href":"https:\/\/asherhaimhalevi.ordisoftware.com\/wp-json\/wp\/v2\/comments?post=370"}],"version-history":[{"count":0,"href":"https:\/\/asherhaimhalevi.ordisoftware.com\/wp-json\/wp\/v2\/posts\/370\/revisions"}],"wp:attachment":[{"href":"https:\/\/asherhaimhalevi.ordisoftware.com\/wp-json\/wp\/v2\/media?parent=370"}],"wp:term":[{"taxonomy":"category","embeddable":true,"href":"https:\/\/asherhaimhalevi.ordisoftware.com\/wp-json\/wp\/v2\/categories?post=370"},{"taxonomy":"post_tag","embeddable":true,"href":"https:\/\/asherhaimhalevi.ordisoftware.com\/wp-json\/wp\/v2\/tags?post=370"}],"curies":[{"name":"wp","href":"https:\/\/api.w.org\/{rel}","templated":true}]}}