{"id":372,"date":"2020-01-09T21:19:10","date_gmt":"2020-01-09T20:19:10","guid":{"rendered":"https:\/\/asherhaimhalevi.ordisoftware.com\/?p=372"},"modified":"2022-11-13T11:35:34","modified_gmt":"2022-11-13T10:35:34","slug":"alignement-planetaire-du-systeme-solaire-de-la-voie-lactee-au-cours-de-lhiver-2019-2020-ec","status":"publish","type":"post","link":"https:\/\/asherhaimhalevi.ordisoftware.com\/blog\/2020\/01\/alignement-planetaire-du-systeme-solaire-de-la-voie-lactee-au-cours-de-lhiver-2019-2020-ec\/","title":{"rendered":"Alignement plan\u00e9taire du syst\u00e8me solaire de la voie lact\u00e9e au cours de l'hiver 2019-2020 EC"},"content":{"rendered":"<p style=\"margin-bottom:25px;\"><p>Apog\u00e9e alignement plan\u00e9taire syst\u00e8me solaire hiver 2019-2020 apr\u00e8s mises en place sera entre 10 et 11 janvier lorsque lune entamera sa phase pleine descendante et sera derri\u00e8re la terre \u00e0 oppos\u00e9 de pluton dans axe soleil-mercure-saturne-bord centre voie lact\u00e9e 120\u00b0.<\/p>\n<p>Il n'y aurait pas eu un tel alignement des plan\u00e8tes depuis plus de 2000 ans et cela ne sera pas r\u00e9it\u00e9r\u00e9 avant des milliers d'ann\u00e9es \u00e0 moins que cela ne soit aussi unique qu'un flocon de neige.<\/p>\n<p><!--more--><\/p>\n<p><img decoding=\"async\" class=\"aligncenter size-full wp-image-1109\" src=\"https:\/\/asherhaimhalevi.ordisoftware.com\/wp-content\/uploads\/2020\/01\/Blog-Planetes-01.2020.png\" alt=\"\" width=\"521\" height=\"265\" srcset=\"https:\/\/asherhaimhalevi.ordisoftware.com\/wp-content\/uploads\/2020\/01\/Blog-Planetes-01.2020.png 521w, https:\/\/asherhaimhalevi.ordisoftware.com\/wp-content\/uploads\/2020\/01\/Blog-Planetes-01.2020-300x153.png 300w, https:\/\/asherhaimhalevi.ordisoftware.com\/wp-content\/uploads\/2020\/01\/Blog-Planetes-01.2020-200x102.png 200w, https:\/\/asherhaimhalevi.ordisoftware.com\/wp-content\/uploads\/2020\/01\/Blog-Planetes-01.2020-150x76.png 150w, https:\/\/asherhaimhalevi.ordisoftware.com\/wp-content\/uploads\/2020\/01\/Blog-Planetes-01.2020-400x203.png 400w\" sizes=\"(max-width: 521px) 100vw, 521px\" \/><img decoding=\"async\" class=\"aligncenter size-full wp-image-1108\" src=\"https:\/\/asherhaimhalevi.ordisoftware.com\/wp-content\/uploads\/2020\/01\/Blog-Galaxie-Systeme-Solaire-2020.png\" alt=\"\" width=\"521\" height=\"266\" srcset=\"https:\/\/asherhaimhalevi.ordisoftware.com\/wp-content\/uploads\/2020\/01\/Blog-Galaxie-Systeme-Solaire-2020.png 521w, https:\/\/asherhaimhalevi.ordisoftware.com\/wp-content\/uploads\/2020\/01\/Blog-Galaxie-Systeme-Solaire-2020-300x153.png 300w, https:\/\/asherhaimhalevi.ordisoftware.com\/wp-content\/uploads\/2020\/01\/Blog-Galaxie-Systeme-Solaire-2020-200x102.png 200w, https:\/\/asherhaimhalevi.ordisoftware.com\/wp-content\/uploads\/2020\/01\/Blog-Galaxie-Systeme-Solaire-2020-150x77.png 150w, https:\/\/asherhaimhalevi.ordisoftware.com\/wp-content\/uploads\/2020\/01\/Blog-Galaxie-Systeme-Solaire-2020-400x204.png 400w\" sizes=\"(max-width: 521px) 100vw, 521px\" \/><img decoding=\"async\" class=\"aligncenter size-full wp-image-1110\" src=\"https:\/\/asherhaimhalevi.ordisoftware.com\/wp-content\/uploads\/2020\/01\/Blog-Voie-Lactee-Salomon.png\" alt=\"\" width=\"518\" height=\"517\" srcset=\"https:\/\/asherhaimhalevi.ordisoftware.com\/wp-content\/uploads\/2020\/01\/Blog-Voie-Lactee-Salomon.png 518w, https:\/\/asherhaimhalevi.ordisoftware.com\/wp-content\/uploads\/2020\/01\/Blog-Voie-Lactee-Salomon-300x300.png 300w, https:\/\/asherhaimhalevi.ordisoftware.com\/wp-content\/uploads\/2020\/01\/Blog-Voie-Lactee-Salomon-200x200.png 200w, https:\/\/asherhaimhalevi.ordisoftware.com\/wp-content\/uploads\/2020\/01\/Blog-Voie-Lactee-Salomon-150x150.png 150w, https:\/\/asherhaimhalevi.ordisoftware.com\/wp-content\/uploads\/2020\/01\/Blog-Voie-Lactee-Salomon-400x399.png 400w\" sizes=\"(max-width: 518px) 100vw, 518px\" \/><\/p>\n<p style=\"text-align: center;\">120\u00b0 = 360\u00b0 \/ 3 = 4 x 30\u00b0 = 2<sup>3<\/sup> x 3 x 5 = 2 tiers de PI en radians<\/p>\n<p style=\"text-align: center;\"><sub><em>Images tir\u00e9es de Solar System Scope CC BY 4.0 et NASA<\/em><\/sub><\/p>\n<\/p>","protected":false},"excerpt":{"rendered":"<p style=\"margin-bottom:25px;\">\n<p>Apogee alignement planetaire systeme solaire hiver 2019-2020 apres mises en place sera entre 10 et 11 janvier lorsque lune entamera sa phase pleine descendante et sera derriere la terre a oppose de pluton dans axe soleil-mercure-saturne-bord centre voie lactee 120\u00b0.<\/p>\n<p>Il n'y aurait pas eu un tel alignement des planetes depuis plus de 2000 ans et cela ne sera pas reitere avant des milliers d'annees a moins que cela ne soit aussi unique qu'un flocon de neige.<\/p>\n<p><span style=\"color:#333\"> &rarr; <a href=\"https:\/\/asherhaimhalevi.ordisoftware.com\/blog\/2020\/01\/alignement-planetaire-du-systeme-solaire-de-la-voie-lactee-au-cours-de-lhiver-2019-2020-ec\/\">Lire la suite<\/a><\/span><\/p>\n","protected":false},"author":1,"featured_media":0,"comment_status":"closed","ping_status":"closed","sticky":false,"template":"","format":"standard","meta":[],"categories":[12],"tags":[],"jetpack_featured_media_url":"","_links":{"self":[{"href":"https:\/\/asherhaimhalevi.ordisoftware.com\/wp-json\/wp\/v2\/posts\/372"}],"collection":[{"href":"https:\/\/asherhaimhalevi.ordisoftware.com\/wp-json\/wp\/v2\/posts"}],"about":[{"href":"https:\/\/asherhaimhalevi.ordisoftware.com\/wp-json\/wp\/v2\/types\/post"}],"author":[{"embeddable":true,"href":"https:\/\/asherhaimhalevi.ordisoftware.com\/wp-json\/wp\/v2\/users\/1"}],"replies":[{"embeddable":true,"href":"https:\/\/asherhaimhalevi.ordisoftware.com\/wp-json\/wp\/v2\/comments?post=372"}],"version-history":[{"count":0,"href":"https:\/\/asherhaimhalevi.ordisoftware.com\/wp-json\/wp\/v2\/posts\/372\/revisions"}],"wp:attachment":[{"href":"https:\/\/asherhaimhalevi.ordisoftware.com\/wp-json\/wp\/v2\/media?parent=372"}],"wp:term":[{"taxonomy":"category","embeddable":true,"href":"https:\/\/asherhaimhalevi.ordisoftware.com\/wp-json\/wp\/v2\/categories?post=372"},{"taxonomy":"post_tag","embeddable":true,"href":"https:\/\/asherhaimhalevi.ordisoftware.com\/wp-json\/wp\/v2\/tags?post=372"}],"curies":[{"name":"wp","href":"https:\/\/api.w.org\/{rel}","templated":true}]}}