{"id":374,"date":"2020-02-14T15:53:02","date_gmt":"2020-02-14T14:53:02","guid":{"rendered":"https:\/\/asherhaimhalevi.ordisoftware.com\/?p=374"},"modified":"2021-04-01T06:21:50","modified_gmt":"2021-04-01T04:21:50","slug":"creation-dun-forum-questions-reponses","status":"publish","type":"post","link":"https:\/\/asherhaimhalevi.ordisoftware.com\/blog\/2020\/02\/creation-dun-forum-questions-reponses\/","title":{"rendered":"Cr\u00e9ation d'un forum questions-r\u00e9ponses"},"content":{"rendered":"<p style=\"margin-bottom:25px;\"><p>Cr\u00e9ation d'un forum questions-r\u00e9ponses sur les donn\u00e9es expos\u00e9es dans les livres \"Le probl\u00e8me religieux\", \"L'alphabet h\u00e9breu\" et suivants :\u00a0<a dir=\"ltr\" title=\"http:\/\/asherhaimhalevi.free-bb.fr\" href=\"http:\/\/asherhaimhalevi.free-bb.fr\" target=\"_blank\" rel=\"nofollow noopener\">asherhaimhalevi.free-bb.fr<\/a><\/p>\n<\/p>","protected":false},"excerpt":{"rendered":"<p style=\"margin-bottom:25px;\">\n<p>Creation d'un forum questions-reponses sur les donnees exposees dans les livres \"Le probleme religieux\", \"L'alphabet hebreu\" et suivants : asherhaimhalevi.free-bb.fr<\/p><\/p>\n","protected":false},"author":1,"featured_media":0,"comment_status":"closed","ping_status":"closed","sticky":false,"template":"","format":"standard","meta":[],"categories":[1],"tags":[],"jetpack_featured_media_url":"","_links":{"self":[{"href":"https:\/\/asherhaimhalevi.ordisoftware.com\/wp-json\/wp\/v2\/posts\/374"}],"collection":[{"href":"https:\/\/asherhaimhalevi.ordisoftware.com\/wp-json\/wp\/v2\/posts"}],"about":[{"href":"https:\/\/asherhaimhalevi.ordisoftware.com\/wp-json\/wp\/v2\/types\/post"}],"author":[{"embeddable":true,"href":"https:\/\/asherhaimhalevi.ordisoftware.com\/wp-json\/wp\/v2\/users\/1"}],"replies":[{"embeddable":true,"href":"https:\/\/asherhaimhalevi.ordisoftware.com\/wp-json\/wp\/v2\/comments?post=374"}],"version-history":[{"count":0,"href":"https:\/\/asherhaimhalevi.ordisoftware.com\/wp-json\/wp\/v2\/posts\/374\/revisions"}],"wp:attachment":[{"href":"https:\/\/asherhaimhalevi.ordisoftware.com\/wp-json\/wp\/v2\/media?parent=374"}],"wp:term":[{"taxonomy":"category","embeddable":true,"href":"https:\/\/asherhaimhalevi.ordisoftware.com\/wp-json\/wp\/v2\/categories?post=374"},{"taxonomy":"post_tag","embeddable":true,"href":"https:\/\/asherhaimhalevi.ordisoftware.com\/wp-json\/wp\/v2\/tags?post=374"}],"curies":[{"name":"wp","href":"https:\/\/api.w.org\/{rel}","templated":true}]}}