{"id":379,"date":"2020-12-15T13:05:23","date_gmt":"2020-12-15T12:05:23","guid":{"rendered":"https:\/\/asherhaimhalevi.ordisoftware.com\/?p=379"},"modified":"2022-11-10T11:38:57","modified_gmt":"2022-11-10T10:38:57","slug":"dates-des-celebrations-ou-fetes-2021-2060-selon-la-torah","status":"publish","type":"post","link":"https:\/\/asherhaimhalevi.ordisoftware.com\/blog\/2020\/12\/dates-des-celebrations-ou-fetes-2021-2060-selon-la-torah\/","title":{"rendered":"Dates c\u00e9l\u00e9brations ou f\u00eates 2021-2060 selon la Torah"},"content":{"rendered":"<p style=\"margin-bottom:25px;\"><p>Tableau des dates des c\u00e9l\u00e9brations ou f\u00eates de 2021 \u00e0 2060 pour Paris selon la Torah r\u00e9alis\u00e9 avec Hebrew Calendar 6.0 en consid\u00e9rant le Shabbat de groupe comme \u00e9tant le samedi.<\/p>\n<p><!--more-->[slb_exclude]<\/p>\n<h4>Version selon les jours-unit\u00e9s du soleil<\/h4>\n<p><a href=\"https:\/\/asherhaimhalevi.ordisoftware.com\/wp-content\/uploads\/2021\/04\/fr-celebrations-sunomer-2021-2060.png\" target=\"_blank\" rel=\"noopener\"><img decoding=\"async\" class=\"aligncenter size-medium wp-image-1646\" src=\"https:\/\/asherhaimhalevi.ordisoftware.com\/wp-content\/uploads\/2021\/04\/fr-celebrations-sunomer-2021-2060-300x207.png\" alt=\"\" width=\"300\" height=\"207\" srcset=\"https:\/\/asherhaimhalevi.ordisoftware.com\/wp-content\/uploads\/2021\/04\/fr-celebrations-sunomer-2021-2060-300x207.png 300w, https:\/\/asherhaimhalevi.ordisoftware.com\/wp-content\/uploads\/2021\/04\/fr-celebrations-sunomer-2021-2060-1024x707.png 1024w, https:\/\/asherhaimhalevi.ordisoftware.com\/wp-content\/uploads\/2021\/04\/fr-celebrations-sunomer-2021-2060-200x138.png 200w, https:\/\/asherhaimhalevi.ordisoftware.com\/wp-content\/uploads\/2021\/04\/fr-celebrations-sunomer-2021-2060-768x530.png 768w, https:\/\/asherhaimhalevi.ordisoftware.com\/wp-content\/uploads\/2021\/04\/fr-celebrations-sunomer-2021-2060-150x104.png 150w, https:\/\/asherhaimhalevi.ordisoftware.com\/wp-content\/uploads\/2021\/04\/fr-celebrations-sunomer-2021-2060-400x276.png 400w, https:\/\/asherhaimhalevi.ordisoftware.com\/wp-content\/uploads\/2021\/04\/fr-celebrations-sunomer-2021-2060.png 1497w\" sizes=\"(max-width: 300px) 100vw, 300px\" \/><\/a><\/p>\n<h4>Version selon les jours-unit\u00e9s de la lune<\/h4>\n<p><a href=\"https:\/\/asherhaimhalevi.ordisoftware.com\/wp-content\/uploads\/2021\/04\/fr-celebrations-moonomer-2021-2060.png\" target=\"_blank\" rel=\"noopener\"><img decoding=\"async\" class=\"aligncenter size-medium wp-image-1644\" src=\"https:\/\/asherhaimhalevi.ordisoftware.com\/wp-content\/uploads\/2021\/04\/fr-celebrations-moonomer-2021-2060-300x207.png\" alt=\"\" width=\"300\" height=\"207\" srcset=\"https:\/\/asherhaimhalevi.ordisoftware.com\/wp-content\/uploads\/2021\/04\/fr-celebrations-moonomer-2021-2060-300x207.png 300w, https:\/\/asherhaimhalevi.ordisoftware.com\/wp-content\/uploads\/2021\/04\/fr-celebrations-moonomer-2021-2060-1024x705.png 1024w, https:\/\/asherhaimhalevi.ordisoftware.com\/wp-content\/uploads\/2021\/04\/fr-celebrations-moonomer-2021-2060-200x138.png 200w, https:\/\/asherhaimhalevi.ordisoftware.com\/wp-content\/uploads\/2021\/04\/fr-celebrations-moonomer-2021-2060-768x529.png 768w, https:\/\/asherhaimhalevi.ordisoftware.com\/wp-content\/uploads\/2021\/04\/fr-celebrations-moonomer-2021-2060-150x103.png 150w, https:\/\/asherhaimhalevi.ordisoftware.com\/wp-content\/uploads\/2021\/04\/fr-celebrations-moonomer-2021-2060-400x275.png 400w, https:\/\/asherhaimhalevi.ordisoftware.com\/wp-content\/uploads\/2021\/04\/fr-celebrations-moonomer-2021-2060.png 1502w\" sizes=\"(max-width: 300px) 100vw, 300px\" \/><\/a><\/p>\n<h4>Tableau des nouvelles lunes<\/h4>\n<p><a href=\"https:\/\/asherhaimhalevi.ordisoftware.com\/wp-content\/uploads\/2021\/04\/fr-newmoons-2021-2060.png\" target=\"_blank\" rel=\"noopener\"><img decoding=\"async\" class=\"aligncenter size-medium wp-image-1647\" src=\"https:\/\/asherhaimhalevi.ordisoftware.com\/wp-content\/uploads\/2021\/04\/fr-newmoons-2021-2060-300x175.png\" alt=\"\" width=\"300\" height=\"175\" srcset=\"https:\/\/asherhaimhalevi.ordisoftware.com\/wp-content\/uploads\/2021\/04\/fr-newmoons-2021-2060-300x175.png 300w, https:\/\/asherhaimhalevi.ordisoftware.com\/wp-content\/uploads\/2021\/04\/fr-newmoons-2021-2060-1024x599.png 1024w, https:\/\/asherhaimhalevi.ordisoftware.com\/wp-content\/uploads\/2021\/04\/fr-newmoons-2021-2060-200x117.png 200w, https:\/\/asherhaimhalevi.ordisoftware.com\/wp-content\/uploads\/2021\/04\/fr-newmoons-2021-2060-768x449.png 768w, https:\/\/asherhaimhalevi.ordisoftware.com\/wp-content\/uploads\/2021\/04\/fr-newmoons-2021-2060-1536x898.png 1536w, https:\/\/asherhaimhalevi.ordisoftware.com\/wp-content\/uploads\/2021\/04\/fr-newmoons-2021-2060-150x88.png 150w, https:\/\/asherhaimhalevi.ordisoftware.com\/wp-content\/uploads\/2021\/04\/fr-newmoons-2021-2060-400x234.png 400w, https:\/\/asherhaimhalevi.ordisoftware.com\/wp-content\/uploads\/2021\/04\/fr-newmoons-2021-2060.png 1768w\" sizes=\"(max-width: 300px) 100vw, 300px\" \/><\/a><\/p>\n<p>[\/slb_exclude]<\/p>\n<\/p>","protected":false},"excerpt":{"rendered":"<p style=\"margin-bottom:25px;\">\n<p>Tableau des dates des celebrations ou fetes de 2021 a 2060 pour Paris selon la Torah realise avec Hebrew Calendar 6.0 en considerant le Shabbat de groupe comme etant le samedi.<\/p><\/p>\n","protected":false},"author":1,"featured_media":0,"comment_status":"closed","ping_status":"closed","sticky":false,"template":"","format":"standard","meta":[],"categories":[12],"tags":[],"jetpack_featured_media_url":"","_links":{"self":[{"href":"https:\/\/asherhaimhalevi.ordisoftware.com\/wp-json\/wp\/v2\/posts\/379"}],"collection":[{"href":"https:\/\/asherhaimhalevi.ordisoftware.com\/wp-json\/wp\/v2\/posts"}],"about":[{"href":"https:\/\/asherhaimhalevi.ordisoftware.com\/wp-json\/wp\/v2\/types\/post"}],"author":[{"embeddable":true,"href":"https:\/\/asherhaimhalevi.ordisoftware.com\/wp-json\/wp\/v2\/users\/1"}],"replies":[{"embeddable":true,"href":"https:\/\/asherhaimhalevi.ordisoftware.com\/wp-json\/wp\/v2\/comments?post=379"}],"version-history":[{"count":0,"href":"https:\/\/asherhaimhalevi.ordisoftware.com\/wp-json\/wp\/v2\/posts\/379\/revisions"}],"wp:attachment":[{"href":"https:\/\/asherhaimhalevi.ordisoftware.com\/wp-json\/wp\/v2\/media?parent=379"}],"wp:term":[{"taxonomy":"category","embeddable":true,"href":"https:\/\/asherhaimhalevi.ordisoftware.com\/wp-json\/wp\/v2\/categories?post=379"},{"taxonomy":"post_tag","embeddable":true,"href":"https:\/\/asherhaimhalevi.ordisoftware.com\/wp-json\/wp\/v2\/tags?post=379"}],"curies":[{"name":"wp","href":"https:\/\/api.w.org\/{rel}","templated":true}]}}