{"id":396,"date":"2021-04-01T07:31:41","date_gmt":"2021-04-01T05:31:41","guid":{"rendered":"https:\/\/asherhaimhalevi.ordisoftware.com\/?page_id=396"},"modified":"2022-11-11T09:30:42","modified_gmt":"2022-11-11T08:30:42","slug":"bibliography","status":"publish","type":"page","link":"https:\/\/asherhaimhalevi.ordisoftware.com\/works\/bibliography\/","title":{"rendered":"Bibliographie"},"content":{"rendered":"<p style=\"margin-bottom:25px;\"><p><i>L'auteur d\u00e9conseille les \u00e9diteurs qui diffusent des ouvrages vantant la pratique <\/i><i>du spiritisme, de la voyance, des tirage pr\u00e9dictifs de cartes, <\/i><i>de l'astrologie divinatoire, de la proph\u00e9tie temporelle planificatrice, de la s\u00e9paration du corps et de l'esprit ou \u00e2me, de l'existence de la vie avant et apr\u00e8s la mort en tant que karma personnel pouvant exister en dehors des corps et donc de la g\u00e9n\u00e9tique avant la fusion des gam\u00e8tes et apr\u00e8s l'arr\u00eat des mouvements cellulaires, ainsi que ceux essayant de prouver la r\u00e9alit\u00e9 des fant\u00f4mes, des f\u00e9es, des lutins, des aliens, des dieux, ou autres, en dehors de l'imagination humaine. En effet, ces choses, ces domaines de connaissances et de sciences, rel\u00e8vent du crime organis\u00e9 et de la manipulation du mental et de la destin\u00e9e des victimes \u00e0 des fins \u00e9go\u00efstes et\/ou politiques, g\u00e9n\u00e9ralement malveillantes et rarement b\u00e9n\u00e9fiques. Cela est facilement prouvable de mani\u00e8re irr\u00e9futable, surtout de nos jours avec ce que l'humanit\u00e9 sait au sujet des lois de l'univers et de la vie, et cela est connu des \u00e9rudits et des sages justes, ainsi que de nombreux t\u00e9moins, depuis l'aube des temps, mais les protagonistes et les partisans de ces th\u00e9ories poss\u00e8dent une technologie d'argumentation, d'oppression, d'agression et de confusion qui rel\u00e8ve de la dictature, du d\u00e9ni, de la guerre et de la folie.<br \/>\n<\/i><\/p>\n<div style=\"margin-top: 15px;\" id=\"toc_container\" class=\"no_bullets\"><ul class=\"toc_list\"><li><a href=\"#Textes_fondamentaux_bibliques\">Textes fondamentaux bibliques<\/a><\/li><li><a href=\"#Autres_textes_fondamentaux\">Autres textes fondamentaux<\/a><\/li><li><a href=\"#Langue_hebraique\">Langue h\u00e9bra\u00efque<\/a><\/li><li><a href=\"#Judaisme\">Juda\u00efsme<\/a><\/li><li><a href=\"#Couple\">Couple<\/a><\/li><li><a href=\"#Kabalah\">Kabalah<\/a><\/li><li><a href=\"#Science\">Science<\/a><\/li><li><a href=\"#Sante\">Sant\u00e9<\/a><\/li><li><a href=\"#Autres_livres\">Autres livres<\/a><\/li><li><a href=\"#Liste_des_documentaires_cites\">Liste des documentaires cit\u00e9s<\/a><\/li><\/ul><\/div>\n<h3><span id=\"Textes_fondamentaux_bibliques\">Textes fondamentaux bibliques<\/span><\/h3>\n<p>Houmach Torah Temima H\u00e9breu-Fran\u00e7ais avec Rachi (\u00c9ditions Gallia)<br \/>\nNevi'im et Ketouvim H\u00e9breu-Fran\u00e7ais avec Rachi (\u00c9ditions Gallia)<br \/>\nTraduction litt\u00e9rale des \u00c9vangiles (Claude Tresmontant)<br \/>\nLe Quran Fran\u00e7ais-Arabe-Phon\u00e9tique<br \/>\nPirk\u00e9 Avot H\u00e9breu-Fran\u00e7ais<br \/>\nTalmud Bavli H\u00e9breu-Fran\u00e7ais<br \/>\nChoul'han 'Arouk H\u00e9breu-Fran\u00e7ais<br \/>\nBen Ich 'Ha\u00ef Halakhoth H\u00e9breu-Fran\u00e7ais<br \/>\nS\u00e9fer Yetsirah H\u00e9breu-Fran\u00e7ais<br \/>\nS\u00e9fer HaZohar (Mo\u00efse de Leon) H\u00e9breu-Fran\u00e7ais<br \/>\nLikkoutei Amarim Tanya (Chn\u00e9our Zalman de Liadi) H\u00e9breu-Fran\u00e7ais<\/p>\n<h3><span id=\"Autres_textes_fondamentaux\">Autres textes fondamentaux<\/span><\/h3>\n<p>Bhagavad-Gita (Indouisme)<sup><em><\/sup><br \/>\nYoga Sutra de Patanjali (Bouddhisme)<br \/>\nZhuangzi (Tao\u00efsme)<br \/>\nDao De Jing (Tao\u00efsme)<br \/>\nLes vers dor\u00e9s de Pythagore (Franc-Ma\u00e7onnerie) <sup><\/em><\/sup><br \/>\nPo\u00e9tique d'Aristote (Franc-Ma\u00e7onnerie)<br \/>\nManuscrit Halliwell Regius des statuts de l'art de g\u00e9om\u00e9trie d'Euclide (Franc-Ma\u00e7onnerie)<br \/>\nHerm\u00e8s Trism\u00e9giste (Franc-Ma\u00e7onnerie)<br \/>\nLe miroir de l'alchimie de Roger Bacon (Alchimie)<br \/>\nAmphith\u00e9\u00e2tre de la sagesse \u00e9ternelle de Heinrich Khunrath (Alchimie) <sup>**<\/sup><br \/>\nLes noces chymiques de Christian Rosenkreutz (Rose-Croix)<\/p>\n<p><em><sup>* Le sujet de ce texte incorrectement traduit comme tant d'autres ne concerne pas \u00ab des dieux \u00bb au sens mythique du terme, mais les gouvernants de la hi\u00e9rarchie dirigeante et les lois en vigueur, car le mot grec pluriel Th\u00e9ous signifie selon le contexte du discours \"ceux qui dirigent, les d\u00e9cideurs, les patrons, les magistrats...\" (cf. chapitres Avant-propos et Le probl\u00e8me linguistique : ce sont les oints ou clercs ou \u00e9lus).<\/sup><\/em><\/p>\n<p><sup>** Ce livre contient de belles images mais concernant le texte on le consid\u00e8rera avec toute la prudence et le recul qui s'impose, le mot amphith\u00e9\u00e2tre \u00e9tant \u00e9loquent \u00e0 dessin...<\/sup><\/p>\n<h3><span id=\"Langue_hebraique\">Langue h\u00e9bra\u00efque<\/span><\/h3>\n<p>Dictionnaire de la Bible H\u00e9bra\u00efque (Marchand Ennery)<br \/>\nDictionnaire H\u00e9breu-Fran\u00e7ais (Sander et Trenel)<br \/>\nLexique H\u00e9breu-Fran\u00e7ais (Marc M. Cohn)<br \/>\nLe grand dictionnaire H\u00e9breu-Fran\u00e7ais (Colette Alouch)<br \/>\nRacines h\u00e9bra\u00efques usuelles, morph\u00e8mes bilit\u00e8res et trilit\u00e8res (Editions Lahy)<br \/>\nCours d'H\u00e9breu Biblique (Eliette Randrianaivo)<br \/>\nGrammaire \u00e9l\u00e9mentaire d'h\u00e9breu biblique (Arian Verheij)<br \/>\nH\u00e9breu biblique M\u00e9thode \u00e9l\u00e9mentaire (Jacob Weingreen)<br \/>\nDictionnaire de la conjugaison h\u00e9bra\u00efque (Corinne Liscia-Bijaoui)<br \/>\nLa lettre h\u00e9bra\u00efque et ses secrets (Pin'has Pachter)<br \/>\nL'alphabet sacr\u00e9 (Josy Eisenberg, Adin Steinsaltz)<br \/>\nL\u2019alphabet h\u00e9breu et ses symboles (Editions Lahy)<\/p>\n<h3><span id=\"Judaisme\">Juda\u00efsme<\/span><\/h3>\n<p>Contes des sages du Ghetto (Ben Zimet)<br \/>\nLes dangers de l'idol\u00e2trie (Patrick Petit-Ohayon)<br \/>\nLa vie, une invitation \u00e0 \u00eatre (Yehia Benchetrit)<br \/>\nT\u00e9chouva (Adin Steinsaltz)<br \/>\nGuide de la T\u00e9chouvah (\u00c9ditions Torah-Box)<br \/>\nParoles de Rabbins (Philippe Haddad)<br \/>\nLe Talmud (Albert Cohen)<br \/>\nLes b\u00e2tisseurs du temps (Abraham-Joshua Heschel)<br \/>\nLe guide des \u00e9gar\u00e9s (Mo\u00efse Ma\u00efmonide)<br \/>\nPens\u00e9e Juive (Yossef-'Ha\u00efm Sitruk - \u00c9ditions Torah-Box)<br \/>\nSecrets du Juda\u00efsme (Yaakov Ad\u00e8s - \u00c9ditions Torah-Box)<br \/>\n'Hafets 'Ha\u00efm abr\u00e9g\u00e9 (\u00c9ditions Torah-Box)<br \/>\nUn jour, une Halakha ('Hafets 'Ha\u00efm)<br \/>\nChemirat HaLachone ('Hafets 'Ha\u00efm)<br \/>\nPar-dessus tout ('Hafets 'Ha\u00efm)<br \/>\nLa Puret\u00e9 d'Isra\u00ebl ('Hafets 'Haim - \u00c9ditions Torah-Box)<br \/>\nMikhtav M\u00e9-Eliahou en 5 volumes (Eliahou Eli\u00e9zer Dessler)<br \/>\nN\u00e9fech Chimchon, Saintet\u00e9 du Chabbat (Chimchon David Pinkous)<br \/>\nLes grands ma\u00eetres 'hassidiques (\u00c9ditions Torah-Box)<br \/>\nEmouna (Rav Yigal Cohen - \u00c9ditions Torah-Box)<br \/>\nGuide des lois entre l'homme et son prochain (\u00c9ditions Torah-Box)<br \/>\nConstruction personnelle (\u00c9ditions Torah-Box)<br \/>\nAm\u00e9liorer ses traits de caract\u00e8re (\u00c9ditions Torah-Box)<br \/>\nTraits de caract\u00e8re selon le Rambam (\u00c9ditions Torah-Box)<br \/>\nComment ma\u00eetriser la col\u00e8re (\u00c9ditions Torah-Box)<br \/>\nBien dans son corps, bien dans son \u00e2me d'apr\u00e8s le Rambam (\u00c9ditions Torah-Box)<br \/>\nF\u00eates juives (Yossef-'Ha\u00ef Abergel - \u00c9ditions Torah-Box)<br \/>\nLois et r\u00e9cits de Chabbath (\u00c9ditions Torah-Box)<br \/>\nLois et r\u00e9cits de Pessah (\u00c9ditions Torah-Box)<br \/>\nLois et r\u00e9cits de Chavouot (\u00c9ditions Torah-Box)<br \/>\nLois et r\u00e9cits de Roch HaChana et Yom Kippour (\u00c9ditions Torah-Box)<br \/>\nLois et r\u00e9cits de Souccot (\u00c9ditions Torah-Box)<br \/>\nLois et r\u00e9cits de 'Hanouka (\u00c9ditions Torah-Box)<br \/>\nLois et r\u00e9cits de Pourim (\u00c9ditions Torah-Box)<br \/>\nLes actions des P\u00e8res (\u00c9ditions Torah-Box)<br \/>\nChavoua Tov (\u00c9ditions Torah-Box)<br \/>\nPnin\u00e9 HaTorah (\u00c9ditions Torah-Box)<br \/>\nMoussar de la Paracha (\u00c9ditions Torah-Box)<br \/>\nLumi\u00e8res sur la Paracha en 5 tomes (\u00c9ditions Torah-Box)<br \/>\nLa Paracha en 5 tomes (Eliaou Hassan)<br \/>\nUn tr\u00e9sor d'Aggadot sur la Torah en 4 volumes (\u00c9ditions Mishor)<br \/>\nLivre de pri\u00e8res S\u00e9fardi H\u00e9breu-Fran\u00e7ais (\u00c9ditions Sina\u00ef)<br \/>\nLivre de pri\u00e8res Achk\u00e9naze H\u00e9breu-Fran\u00e7ais (\u00c9ditions Colbo)<br \/>\nSidour Tefilah H\u00e9breu-Fran\u00e7ais mot-\u00e0-mot (\u00c9ditions La D\u00e9livrance)<br \/>\nLe lever et le coucher de A \u00e0 Z (Azriel Cohen-Arazi)<br \/>\nThe Fixed Hebrew Calendar in Hebrew (Ely Merzbach, Eran Raviv)<\/p>\n<h3><span id=\"Couple\">Couple<\/span><\/h3>\n<p>Brit-Mila (Editions Torah-Box)<br \/>\nBar-mitsva (Editions Torah-Box)<br \/>\nMariage (Editions Torah-Box)<br \/>\nDeuil (Editions Torah-Box)<br \/>\nChiddoukh (Editions Torah-Box)<br \/>\nChalom Bayit (Editions Torah-Box)<br \/>\nL'\u00e9change ou l'art du partage (Editions Torah-Box)<br \/>\nPuret\u00e9 familiale (Editions Torah-Box)<br \/>\nUn accouchement pr\u00e8s d'Hachem (Editions Torah-Box)<br \/>\n\u00c9ducation des enfants (Editions Torah-Box)<br \/>\nHomme-Femme, deux plan\u00e8tes qui se rencontrent (Editions Torah-Box)<br \/>\nFamille Juive (Yossef-'Ha\u00efm Sitruk - Editions Torah-Box)<\/p>\n<h3><span id=\"Kabalah\">Kabalah<\/span><\/h3>\n<p>Les secrets de la Kabbale (Janet Berenson-Perkins)<br \/>\nMyst\u00e8res de la kabbale (Marc-Alain Ouakim)<br \/>\nLa consolation de l'expatri\u00e9 spirituel (Juda Ibn Malka)<br \/>\nL'essence de la Torah (Mord\u00e9kha\u00ef Chriqui)<br \/>\nTrait\u00e9 de la logique (Mosh\u00e9 'Haim Luzzatto)<br \/>\nLa voie des justes (Mosh\u00e9 'Haim Luzzatto)<br \/>\nLa voie de Dieu (Mosh\u00e9 'Haim Luzzatto)<br \/>\nLes voies de la direction divine (Mosh\u00e9 'Haim Luzzatto)<br \/>\nLe discours de la d\u00e9livrance (Mosh\u00e9 'Haim Luzzatto)<br \/>\nLes 138 portes de la sagesse (Mosh\u00e9 'Haim Luzzatto)<br \/>\nLa Kabbalah du Ari Z'al (Mosh\u00e9 'Haim Luzzatto)<br \/>\nLa kabbale du Aleph (Emmanuel L\u00e9vyne)<br \/>\nLa kabbale du Beith ou le commencement (Emmanuel L\u00e9vyne)<br \/>\nLa kabbale du H\u00e9 ou le myst\u00e8re de Elohim (Emmanuel L\u00e9vyne)<br \/>\nLa kabbale du Zayine ou Ca\u00efn et Abel (Emmanuel L\u00e9vyne)<br \/>\nLe S\u00e9fer Yetsirah (Editions Lahy)<br \/>\nLe livre de la r\u00e9ponse ad\u00e9quate (Editions Lahy)<br \/>\nLe tr\u00f4ne de joie (Editions Lahy)<br \/>\nLa vie du monde \u00e0 venir (Editions Lahy)<br \/>\nLes portes de la Justice (Editions Lahy)<br \/>\nLe grand oeuvre de Jonas (Editions Lahy)<br \/>\nDictionnaire de Guimatria (Editions Lahy)<br \/>\nKabbale et couleurs (Editions Lahy)<br \/>\nLes 72 Puissances de la Kabbale (Editions Lahy)<br \/>\nKabbale extatique et Ts\u00e9rouf (Editions Lahy)<br \/>\nEsh metsaref, le feu de l\u2019alchimiste (Editions Lahy)<br \/>\nLes portes de la lumi\u00e8re (Editions Lahy)<br \/>\nLa lampe divine (Editions Lahy)<br \/>\nLe livre du signe (Editions Lahy)<br \/>\nDivorce des Noms (Editions Lahy)<br \/>\nLa voix du corps (Editions Lahy)<br \/>\nLa voix des maux (Editions Lahy)<br \/>\nVie mystique et Kabbale pratique (Editions Lahy)<br \/>\nTextes de la Kabbale proven\u00e7ale m\u00e9di\u00e9vale (Editions Lahy)<br \/>\nLes Assembl\u00e9es initiatiques du Zohar (Editions Lahy)<br \/>\nDictionnaire encyclop\u00e9dique de la Kabbale (Editions Lahy)<br \/>\nLes symboles des \u00c9gyptiens compar\u00e9s \u00e0 ceux des h\u00e9breux (Editions Lahy)<\/p>\n<h3><span id=\"Science\">Science<\/span><\/h3>\n<p>La relativit\u00e9 (Albert Einstein)<br \/>\nComment je vois le monde (Albert Einstein)<br \/>\nL'univers dans une coquille de noix (Stephen Hawking)<br \/>\nUne br\u00e8ve histoire de Dieu (Stephen Hawking)<br \/>\nY a-t-il un grand architecte dans l'univers ? (Stephen Hawking)<br \/>\nEt Dieu cr\u00e9a les nombres (Stephen Hawking)<br \/>\nSur les \u00e9paules des g\u00e9ants (Stephen Hawking)<br \/>\nCollection Les beaux livres du savoir (Editions Dunod)<br \/>\nQu'est-ce que le temps et l'espace (Carlo Rovelli)<br \/>\nAu-del\u00e0 de l'espace et du temps (Marc Lachi\u00e8ze-Rey)<br \/>\nLes origines de l'univers (John Barrow)<br \/>\nL'univers des particules (Michel Crozon)<br \/>\nLumi\u00e8re et mati\u00e8re (Richard Feynman)<br \/>\nPlan\u00e8tes et satellites (Andr\u00e9 Brahic)<br \/>\nDieu et le Cosmos (Hugh Ross)<br \/>\nQu'est-ce que la vie (Erwin Schr\u00f6dinger)<br \/>\nLes hommes et leurs g\u00e8nes (Albert Jacquart)<br \/>\nAvant le big-bang (Fr\u00e8res Bogdanov)<br \/>\nLe commencement du temps (Fr\u00e8res Bogdanov)<br \/>\nLe visage de Dieu (Fr\u00e8res Bogdanov)<br \/>\nLa pens\u00e9e de Dieu (Fr\u00e8res Bogdanov)<br \/>\nLa fin du hasard (Fr\u00e8res Bogdanov)<br \/>\nLe code secret de l'univers (Fr\u00e8res Bogdanov)<br \/>\nL'\u00e9quation de Dieu (Fr\u00e8res Bogdanov)<\/p>\n<div>\n<h3><span id=\"Sante\">Sant\u00e9<\/span><\/h3>\n<p>Tennis (Nathan)<br \/>\nManger pour gagner (Robert Haas)<br \/>\nLa rage et la victoire (Dorian Yates)<br \/>\nThe Wisdom of Mike Mentzer: The Art, Science and Philosophy of a Bodybuilding (2005)<br \/>\nHigh-Intensity Training (Mike Mentzer)<br \/>\nThe Wisdom of Mike Mentzer (John Little)<br \/>\nGuide des mouvements de musculation (Fr\u00e9d\u00e9ric Delavier)<br \/>\nConnaissance du corps humain (\u00c9ditions \u00c9pigones)<br \/>\nCours de biologie cellulaire (Pierre Cau)<br \/>\nHistologie (\u00c9ditions Masson Abr\u00e9g\u00e9)<br \/>\nChimie g\u00e9n\u00e9rale (\u00c9ditions Masson Abr\u00e9g\u00e9)<br \/>\nBiochimie g\u00e9n\u00e9rale (\u00c9ditions Masson Abr\u00e9g\u00e9)<br \/>\nBiologie du d\u00e9veloppement (\u00c9ditions Masson Abr\u00e9g\u00e9)<br \/>\nNeurophysiologie (Elsevier Masson \u00c9diteur)<br \/>\nGray's Anatomie (Elsevier Masson \u00c9diteur)<br \/>\nAnatomie du cou et du thorax (Bouchet et Cuilleret)<br \/>\nAtlas de poche de g\u00e9n\u00e9tique (\u00c9ditions Flammarion)<br \/>\nAtlas de poche d'embryologie (\u00c9ditions Flammarion)<br \/>\nM\u00e9decin malgr\u00e9 moi (Patrick de Fun\u00e8s)<br \/>\nOmerta dans les labos pharmaceutique (Bernard Dalbergue)<br \/>\nGuide des 4000 m\u00e9dicaments utiles, inutiles ou dangereux (Debr\u00e9 et Even)<br \/>\nLa v\u00e9rit\u00e9 sur vos m\u00e9dicaments (Collectif)<br \/>\nLa fabrique du mensonge (St\u00e9phane Foucart)<br \/>\nLe livre antitoxique (Laurent Chevallier)<br \/>\nLe livre noir de l'accessibilit\u00e9 (Jean Grezaut)<\/p>\n<h3><span id=\"Autres_livres\">Autres livres<\/span><\/h3>\n<p>Cours pratique de logique pour microprocesseur (Henri Lilen)<br \/>\nCours fondamental des microprocesseurs (Henri Lilen)<br \/>\nThe C# language (Hejlsberg, Wiltamuth, Golde)<br \/>\nThe UML User Guide (Booch, Rumbaugh, Jacobson)<br \/>\nPractices of an Agile Developer (Venkat Subramaniam)<br \/>\nExtreme Programming (Chromatic)<br \/>\nCeux qui gagnent au poker sont diff\u00e9rents (Alan Schoonmaker)<br \/>\nLe mental au poker (Jared Tendler)<br \/>\nNeuromarketing (Patrick Renvois\u00e9 et Christophe Morin)<br \/>\nLes Bases de l'Harmonie (Philippe Ganter)<br \/>\nLe petit livre noir de la manipulation (Frederic Peucheret)<br \/>\nDiscours sur l'in\u00e9galit\u00e9 parmi les hommes (Jean-Jacques Rousseau)<br \/>\nLe capital au XXIe si\u00e8cle (Thomas Piketty)<br \/>\nL'imagination (Jean-Paul Sartre)<br \/>\n\u00c9loge de la faiblesse (Alexandre Jolien)<br \/>\nLe roman dialogu\u00e9 apr\u00e8s 1950 - Po\u00e9tique de l'hybridit\u00e9 (Boblet Marie Helene)<\/p>\n<h3><span id=\"Liste_des_documentaires_cites\">Liste des documentaires cit\u00e9s<\/span><\/h3>\n<p>\u00c0 la recherche de la dimension cach\u00e9e<br \/>\nAlerte au mercure<br \/>\nAllergies plan\u00e9taires, \u00e0 qui la faute ?<br \/>\nApocalypse Neandertal<br \/>\nAu c\u0153ur du cosmos<br \/>\nAux origines de l'humanit\u00e9<br \/>\nBrain Games<br \/>\nCe que Darwin ne savait pas encore<br \/>\nChronos<br \/>\nDes pesticides dans nos assiettes<br \/>\nDu big-bang au vivant<br \/>\n\u00c9gypte, les plus grandes d\u00e9couvertes<br \/>\nFait-il avoir peur des m\u00e9dicaments ?<br \/>\nFluor, un ami qui vous veut du mal<br \/>\nFor\u00eat, pharmacie du monde<br \/>\nHubble, vues de l'espace<br \/>\nIslam et Science<br \/>\nLa grande invasion<br \/>\nLa magie du cosmos et l'univers \u00e9l\u00e9gant<br \/>\nLa mati\u00e8re noire et l'\u00e9nergie sombre<br \/>\nLa r\u00e9v\u00e9lation des pyramides<br \/>\nGrande Pyramide K2019<br \/>\nLa science de l'\u00e2me<br \/>\nLa v\u00e9rit\u00e9 sur les menteurs<br \/>\nLaboratoires pharmaceutiques, un lobby en pleine sant\u00e9<br \/>\nL'ADN, nos anc\u00eatres et nous<br \/>\nL'ADN superflic<br \/>\nLe big-bang au placard<br \/>\nLe big-bang, mes anc\u00eatres et moi<br \/>\nLe cerveau et ses automatismes<br \/>\nLe myst\u00e8re de la disparition des abeilles<br \/>\nLe Neandertal en nous<br \/>\nLe poisson en nous<br \/>\nLes Aryens<br \/>\nLes nouveaux secrets de notre h\u00e9r\u00e9dit\u00e9<br \/>\nLes origines du langage<br \/>\nLes secrets du cosmos<br \/>\nL'\u00e9volution de l'homme<br \/>\nL'ivresse du pouvoir<br \/>\nSp\u00e9cimen - Je ne suis pas raciste, mais...<br \/>\nSp\u00e9cimen - Qu'est-ce qui nous pousse \u00e0 ... ?<br \/>\nMaladies \u00e0 vendre<br \/>\nMaster of the universe - Confession d'un banquier<br \/>\nM\u00e9dicamenteurs<br \/>\nM\u00e9dicaments sous influence<br \/>\nM\u00e9dicaments, ces ordonnances qui tuent<br \/>\nNeandertal, notre nouvel anc\u00eatre<br \/>\nNeandertal et ses secrets<br \/>\nNeuromarketing, des citoyens sous influence<br \/>\nQu'allons-nous bient\u00f4t manger ?<br \/>\nQuand la chimie contamine notre eau - La menace invisible<br \/>\nQui singe qui ?<br \/>\nSur les traces d'Adam<br \/>\nThe gene code<br \/>\nTous manipul\u00e9s<br \/>\nVoyage dans l'espace-temps<\/p>\n<p><img decoding=\"async\" class=\"image-bordered-p aligncenter wp-image-3042 size-full\" src=\"https:\/\/asherhaimhalevi.ordisoftware.com\/wp-content\/uploads\/2022\/02\/decalogue.jpg\" alt=\"\" width=\"379\" height=\"469\" srcset=\"https:\/\/asherhaimhalevi.ordisoftware.com\/wp-content\/uploads\/2022\/02\/decalogue.jpg 379w, https:\/\/asherhaimhalevi.ordisoftware.com\/wp-content\/uploads\/2022\/02\/decalogue-242x300.jpg 242w, https:\/\/asherhaimhalevi.ordisoftware.com\/wp-content\/uploads\/2022\/02\/decalogue-162x200.jpg 162w, https:\/\/asherhaimhalevi.ordisoftware.com\/wp-content\/uploads\/2022\/02\/decalogue-121x150.jpg 121w\" sizes=\"(max-width: 379px) 100vw, 379px\" \/><\/p>\n<p style=\"text-align: center; margin-top: -15px;\"><span style=\"font-size: 10px;\">Dec\u00e1logo de Jekuthiel Sofer 1768 - Public Domain<\/span><\/p>\n<\/div>\n<\/p>","protected":false},"excerpt":{"rendered":"<p>Bibliographie d'ouvrages de Torah, de Juda\u00efsme, de sciences et de sant\u00e9. <\/p>\n<p><span style=\"color:#333\"> &rarr; <a href=\"https:\/\/asherhaimhalevi.ordisoftware.com\/works\/bibliography\/\">Lire la suite<\/a><\/span><\/p>\n","protected":false},"author":1,"featured_media":0,"parent":160,"menu_order":47,"comment_status":"closed","ping_status":"closed","template":"","meta":[],"_links":{"self":[{"href":"https:\/\/asherhaimhalevi.ordisoftware.com\/wp-json\/wp\/v2\/pages\/396"}],"collection":[{"href":"https:\/\/asherhaimhalevi.ordisoftware.com\/wp-json\/wp\/v2\/pages"}],"about":[{"href":"https:\/\/asherhaimhalevi.ordisoftware.com\/wp-json\/wp\/v2\/types\/page"}],"author":[{"embeddable":true,"href":"https:\/\/asherhaimhalevi.ordisoftware.com\/wp-json\/wp\/v2\/users\/1"}],"replies":[{"embeddable":true,"href":"https:\/\/asherhaimhalevi.ordisoftware.com\/wp-json\/wp\/v2\/comments?post=396"}],"version-history":[{"count":0,"href":"https:\/\/asherhaimhalevi.ordisoftware.com\/wp-json\/wp\/v2\/pages\/396\/revisions"}],"up":[{"embeddable":true,"href":"https:\/\/asherhaimhalevi.ordisoftware.com\/wp-json\/wp\/v2\/pages\/160"}],"wp:attachment":[{"href":"https:\/\/asherhaimhalevi.ordisoftware.com\/wp-json\/wp\/v2\/media?parent=396"}],"curies":[{"name":"wp","href":"https:\/\/api.w.org\/{rel}","templated":true}]}}