{"id":4009,"date":"2022-06-25T03:58:14","date_gmt":"2022-06-25T01:58:14","guid":{"rendered":"https:\/\/asherhaimhalevi.ordisoftware.com\/?p=4009"},"modified":"2022-06-25T03:58:48","modified_gmt":"2022-06-25T01:58:48","slug":"ajout-dune-etude-sur-la-rosa-cosmica-1595","status":"publish","type":"post","link":"https:\/\/asherhaimhalevi.ordisoftware.com\/blog\/2022\/06\/ajout-dune-etude-sur-la-rosa-cosmica-1595\/","title":{"rendered":"Ajout d'une \u00e9tude sur la Rosa Cosmica 1595"},"content":{"rendered":"<p style=\"margin-bottom:25px;\"><p>Ajout au livret \u00c9pitaphe pour K\u00e9mistes de K\u00e9met d'une \u00e9tude de la fractale alchimique Rosa Cosmica 1595 ou <span data-offset-key=\"dulkv-0-0\">synth\u00e8se de la cellule humaine en mouvement dans l'univers.<\/span><\/p>\n<blockquote class=\"wp-embedded-content\" data-secret=\"usuNrWbRSc\"><p><a href=\"https:\/\/asherhaimhalevi.ordisoftware.com\/works\/epitaph\/rosa-cosmica\/\">La Rosa Cosmica<\/a><\/p><\/blockquote>\n<p><iframe class=\"wp-embedded-content\" sandbox=\"allow-scripts\" security=\"restricted\" style=\"position: absolute; clip: rect(1px, 1px, 1px, 1px);\" title=\"\u00ab\u00a0La Rosa Cosmica\u00a0\u00bb &#8212; Asher &#039;Ha\u00efm HaLevi\" src=\"https:\/\/asherhaimhalevi.ordisoftware.com\/works\/epitaph\/rosa-cosmica\/embed\/#?secret=VPHjPGNs0Z#?secret=usuNrWbRSc\" data-secret=\"usuNrWbRSc\" width=\"600\" height=\"338\" frameborder=\"0\" marginwidth=\"0\" marginheight=\"0\" scrolling=\"no\"><\/iframe><\/p>\n<\/p>","protected":false},"excerpt":{"rendered":"<p style=\"margin-bottom:25px;\">\n<p>Ajout au livret Epitaphe pour Kemistes de Kemet d'une etude de la fractale alchimique Rosa Cosmica 1595 ou synthese de la cellule humaine en mouvement dans l'univers.<\/p>\n<p>La Rosa Cosmica<\/p><\/p>\n","protected":false},"author":1,"featured_media":0,"comment_status":"closed","ping_status":"closed","sticky":false,"template":"","format":"standard","meta":[],"categories":[1],"tags":[],"jetpack_featured_media_url":"","_links":{"self":[{"href":"https:\/\/asherhaimhalevi.ordisoftware.com\/wp-json\/wp\/v2\/posts\/4009"}],"collection":[{"href":"https:\/\/asherhaimhalevi.ordisoftware.com\/wp-json\/wp\/v2\/posts"}],"about":[{"href":"https:\/\/asherhaimhalevi.ordisoftware.com\/wp-json\/wp\/v2\/types\/post"}],"author":[{"embeddable":true,"href":"https:\/\/asherhaimhalevi.ordisoftware.com\/wp-json\/wp\/v2\/users\/1"}],"replies":[{"embeddable":true,"href":"https:\/\/asherhaimhalevi.ordisoftware.com\/wp-json\/wp\/v2\/comments?post=4009"}],"version-history":[{"count":0,"href":"https:\/\/asherhaimhalevi.ordisoftware.com\/wp-json\/wp\/v2\/posts\/4009\/revisions"}],"wp:attachment":[{"href":"https:\/\/asherhaimhalevi.ordisoftware.com\/wp-json\/wp\/v2\/media?parent=4009"}],"wp:term":[{"taxonomy":"category","embeddable":true,"href":"https:\/\/asherhaimhalevi.ordisoftware.com\/wp-json\/wp\/v2\/categories?post=4009"},{"taxonomy":"post_tag","embeddable":true,"href":"https:\/\/asherhaimhalevi.ordisoftware.com\/wp-json\/wp\/v2\/tags?post=4009"}],"curies":[{"name":"wp","href":"https:\/\/api.w.org\/{rel}","templated":true}]}}