{"id":421,"date":"2021-04-01T08:15:58","date_gmt":"2021-04-01T06:15:58","guid":{"rendered":"https:\/\/asherhaimhalevi.ordisoftware.com\/?page_id=421"},"modified":"2022-06-28T12:45:40","modified_gmt":"2022-06-28T10:45:40","slug":"authors-quotes","status":"publish","type":"page","link":"https:\/\/asherhaimhalevi.ordisoftware.com\/works\/the-religious-problem\/authors-quotes\/","title":{"rendered":"Citations d'auteurs"},"content":{"rendered":"<p style=\"margin-bottom:25px;\"><p>Quand les riches se font la guerre, ce sont les pauvres qui meurent.<\/p>\n<p>Ce qui est terrible, ce n'est pas de souffrir ni de mourir, mais de mourir en vain.<\/p>\n<p><i> Jean-Paul Sartre <\/i><\/p>\n<p>&nbsp;<\/p>\n<p>On a deux vies, et la deuxi\u00e8me commence quand on se rend compte qu\u2019on n\u2019en a qu\u2019une.<\/p>\n<p><i>Confucius<br \/>\n<\/i><\/p>\n<p>&nbsp;<\/p>\n<p>Si l'on est bless\u00e9 par une fl\u00e8che empoisonn\u00e9e, l'important est d'abord de la retirer, ce n'est pas le moment de s'interroger, d'o\u00f9 elle vient, de qui l'a tir\u00e9e, de quel poison s'agit-il.<\/p>\n<p>Il n'importe pas qu'un \u00eatre soit croyant ou non : il est plus important qu'il soit bon.<\/p>\n<p>Nul besoin de temples et de philosophies compliqu\u00e9es : notre cerveau et notre c\u0153ur sont nos temples.<\/p>\n<p>On s'int\u00e9resse \u00e0 ses membres comme parties de son corps, pourquoi pas aux hommes comme parties de l'humanit\u00e9 ?<\/p>\n<p><i>Tenzin Gyatso, 14\u00e8me Dala\u00ef-Lama <\/i><\/p>\n<p>&nbsp;<\/p>\n<p>L'homme n'a pas pour but le plaisir, mais la connaissance.<\/p>\n<p>Le macrocosme et le microcosme sont construits exactement sur le m\u00eame mod\u00e8le.<\/p>\n<p>L'homme ne progresse pas de l'erreur vers la v\u00e9rit\u00e9, mais de v\u00e9rit\u00e9s en v\u00e9rit\u00e9s, d'une v\u00e9rit\u00e9 moindre \u00e0 une v\u00e9rit\u00e9 plus grande.<\/p>\n<p><i> Swami Vivekananda <\/i><\/p>\n<p>&nbsp;<\/p>\n<p>Les hommes sont \u00e9gaux mais non identiques.<\/p>\n<p>Aimer c'est comprendre et sentir que l'autre est diff\u00e9rent.<\/p>\n<p>Passer de l'opinion \u00e0 la perception, de l'imagination au fait, de l'illusion \u00e0 la r\u00e9alit\u00e9, de ce qui n'est pas \u00e0 ce qui est, voil\u00e0 le cheminement.<\/p>\n<p><i>Swami Prajnanpad <\/i><\/p>\n<p>&nbsp;<\/p>\n<p>Toutes les v\u00e9rit\u00e9s sont faciles \u00e0 comprendre une fois d\u00e9couvertes ; \u00e0 nous de les d\u00e9couvrir.<\/p>\n<p><i> Galil\u00e9e <\/i><\/p>\n<p>&nbsp;<\/p>\n<p>Si un homme atteint le c\u0153ur de sa propre religion, il atteint \u00e9galement le c\u0153ur des autres religions.<\/p>\n<p>En r\u00e9alit\u00e9 il existe autant de religions que d'individus.<\/p>\n<p>La vie est un myst\u00e8re qu'il faut vivre et non un probl\u00e8me \u00e0 r\u00e9soudre.<\/p>\n<p>Mon exigence pour la v\u00e9rit\u00e9 m'a elle-m\u00eame enseign\u00e9 la beaut\u00e9 du compromis.<\/p>\n<p><i>Gandhi<\/i><\/p>\n<p>&nbsp;<\/p>\n<p>La v\u00e9rit\u00e9 n'est pas toujours conforme \u00e0 l'opinion de la majorit\u00e9.<\/p>\n<p>L'homme est toujours le m\u00eame : les syst\u00e8mes qu'il cr\u00e9e sont toujours imparfaits et d'autant plus imparfaits qu'il est s\u00fbr de lui.<\/p>\n<p>Une d\u00e9mocratie sans valeurs se transforme facilement en un totalitarisme d\u00e9clar\u00e9 ou sournois comme le montre l'histoire.<\/p>\n<p>B\u00e2tir la soci\u00e9t\u00e9, c'est prendre le parti de la justice, de la fraternit\u00e9, de l'amour.<\/p>\n<p><i>Jean-Paul II, 264\u00e8me Pape <\/i><\/p>\n<p>&nbsp;<\/p>\n<p>N'ayez pas peur de faire de grands r\u00eaves pour votre vie, parce que si vous ne faites pas de grands r\u00eaves, personne ne le fera \u00e0 votre place.<\/p>\n<p>Le pire risque, c'est celui de ne pas en prendre.<\/p>\n<p>Celui qui ne prend aucun risque, en r\u00e9alit\u00e9, les prend tous.<\/p>\n<p>Je pr\u00e9f\u00e8re risquer en osant, que regretter de ne pas avoir su saisir l'occasion qui se pr\u00e9sentait.<\/p>\n<p>Ceux qui ne peuvent supporter d'\u00eatre ha\u00efs ne doivent pas faire de la politique.<\/p>\n<p>Il n'y a pas de destin sans haine.<\/p>\n<p>Je d\u00e9fendrai les droits de l'homme partout o\u00f9 ils sont m\u00e9connus ou menac\u00e9s.<\/p>\n<p>Si la v\u00e9rit\u00e9 blesse, c'est la faute de la v\u00e9rit\u00e9.<\/p>\n<p>Quand on perd la confiance, on la perd totalement.<\/p>\n<p><i> Nicolas Sarkozy, 23\u00e8me Pr\u00e9sident Fran\u00e7ais <\/i><\/p>\n<p>&nbsp;<\/p>\n<p>Ce qui est affirm\u00e9 sans preuve peut \u00eatre ni\u00e9 sans preuve.<\/p>\n<p><i>Euclide <\/i><\/p>\n<p>&nbsp;<\/p>\n<p>On ne discute pas plus avec les croyances qu'avec les cyclones.<\/p>\n<p>Un dictateur n'est qu'une fiction, son pouvoir se diss\u00e9mine en r\u00e9alit\u00e9 entre de nombreux sous-dictateurs anonymes et irresponsables dont la tyrannie et la corruption deviennent bient\u00f4t insupportables.<\/p>\n<p><i> Gustave Le Bon <\/i><\/p>\n<p>&nbsp;<\/p>\n<p>Faire une loi et ne pas la faire ex\u00e9cuter, c'est autoriser la chose qu'on veut d\u00e9fendre.<\/p>\n<p><i>Cardinal de Retz <\/i><\/p>\n<p>&nbsp;<\/p>\n<p>Les lois inutiles affaiblissent les lois n\u00e9cessaires.<\/p>\n<p>Celui qui fait ex\u00e9cuter les lois doit y \u00eatre soumis.<\/p>\n<p>Une injustice faite \u00e0 un seul est une menace faite \u00e0 tous.<\/p>\n<p>Il n'y a pas de plus cruelle tyrannie que celle que l'on exerce \u00e0 l'ombre des lois et avec les couleurs de la justice.<\/p>\n<p>C'est une exp\u00e9rience \u00e9ternelle que tout homme qui a du pouvoir est port\u00e9 \u00e0 en abuser.<\/p>\n<p>Pour qu'on ne puisse abuser du pouvoir, il faut que, par la disposition des choses, le pouvoir arr\u00eate le pouvoir.<\/p>\n<p><i>Montesquieu <\/i><\/p>\n<p>&nbsp;<\/p>\n<p>Le pouvoir est l'aphrodisiaque supr\u00eame.<\/p>\n<p><i>Henry Kissinger <\/i><\/p>\n<p>&nbsp;<\/p>\n<p>Ceux qui croient que le pouvoir est amusant confondent pouvoir et abus de pouvoir.<\/p>\n<p>La souffrance, j'aime mieux la diminuer que d'en rendre compte.<\/p>\n<p><i>Andr\u00e9 Malraux <\/i><\/p>\n<p>&nbsp;<\/p>\n<p>Le mal ne se maintient que par la violence.<\/p>\n<p>La v\u00e9rit\u00e9 est la seule arme dont nous disposons.<\/p>\n<p>Vous ne devez pas perdre espoir en l'humanit\u00e9.<\/p>\n<p>L'Humanit\u00e9 est un oc\u00e9an : m\u00eame si quelques gouttes sont souill\u00e9es, l'oc\u00e9an ne le devient pas.<\/p>\n<p><i>Gandhi <\/i><\/p>\n<p>&nbsp;<\/p>\n<p>Il n'y a plus de fronti\u00e8re entre mati\u00e8re anim\u00e9e et inanim\u00e9e. La vie, ce concept myst\u00e9rieux, est ramen\u00e9e \u00e0 la pr\u00e9sence d'ADN. Tout n'est qu'une question de degr\u00e9 de complexit\u00e9.<\/p>\n<p><i>Albert Jacquard <\/i><\/p>\n<p>&nbsp;<\/p>\n<p>Quand un m\u00e9decin tourne mal, il devient le pire des criminels : il a le sang-froid et les connaissances.<\/p>\n<p><i>Arthur Conan Doyle <\/i><\/p>\n<p>&nbsp;<\/p>\n<p>Du drame op\u00e9ratoire, le malade ne conna\u00eet jamais que la longueur de la cicatrice.<\/p>\n<p><i>Pierre Nora <\/i><\/p>\n<p>&nbsp;<\/p>\n<p>L'univers m'embarrasse, et je ne puis songer que cette horloge existe et n'ait point d'horloger.<\/p>\n<p><i>Voltaire <\/i><\/p>\n<p>&nbsp;<\/p>\n<p>Le probl\u00e8me des dirigeants est in\u00e9vitablement : qui jouera le r\u00f4le de Dieu ?<\/p>\n<p><i>Frank Herbert <\/i><\/p>\n<p>&nbsp;<\/p>\n<p>Un probl\u00e8me sans solution est un probl\u00e8me mal pos\u00e9.<\/p>\n<p>Le monde est dangereux \u00e0 vivre, non pas tant \u00e0 cause de ceux qui font le mal, mais \u00e0 cause de ceux qui regardent et laissent faire.<\/p>\n<p><i>Albert Einstein <\/i><\/p>\n<p>&nbsp;<\/p>\n<p>Ce n'est pas parce qu'un probl\u00e8me n'a pas \u00e9t\u00e9 r\u00e9solu qu'il est impossible \u00e0 r\u00e9soudre.<\/p>\n<p><i>Agatha Christie <\/i><\/p>\n<p>&nbsp;<\/p>\n<p>L'art de la guerre, c'est de soumettre l'ennemi sans combat.<\/p>\n<p><i>Sun Tzu <\/i><\/p>\n<p>&nbsp;<\/p>\n<p>La force et la fraude sont les deux armes principales des hommes en guerre.<\/p>\n<p><i>Thomas Hobbes <\/i><\/p>\n<p>&nbsp;<\/p>\n<p>Il n'y a jamais eu de bonne guerre ni de mauvaise paix.<\/p>\n<p><i>Benjamin Franklin <\/i><\/p>\n<p>&nbsp;<\/p>\n<p>Qu'elle soit n\u00e9cessaire, ou m\u00eame justifi\u00e9e, ne croyez jamais que la guerre n'est pas un crime.<\/p>\n<p><i>Ernest Hemingway <\/i><\/p>\n<p>&nbsp;<\/p>\n<p>La guerre civile est le r\u00e8gne du crime.<\/p>\n<p><i>Pierre Corneille <\/i><\/p>\n<p>&nbsp;<\/p>\n<p>La premi\u00e8re victime d'une guerre, c'est la v\u00e9rit\u00e9.<\/p>\n<p><i>Rudyard Kipling <\/i><\/p>\n<p>&nbsp;<\/p>\n<p>L'humanit\u00e9 devra mettre un terme \u00e0 la guerre, ou la guerre mettra un terme \u00e0 l'humanit\u00e9.<\/p>\n<p><i>John Fitzgerald Kennedy, 35\u00e8me Pr\u00e9sident Am\u00e9ricain <\/i><\/p>\n<p>&nbsp;<\/p>\n<p>Quand les riches se font la guerre, ce sont les pauvres qui meurent.<\/p>\n<p><i>Jean-Paul Sartre <\/i><\/p>\n<p>&nbsp;<\/p>\n<p>Tout ce qui touche \u00e0 la guerre est une gifle au bon sens.<\/p>\n<p><i>Herman Melville <\/i><\/p>\n<p>&nbsp;<\/p>\n<p>La guerre sainte la plus m\u00e9ritoire est celle qu'on fait \u00e0 ses passions.<\/p>\n<p><i>Proverbe Arabe <\/i><\/p>\n<p>&nbsp;<\/p>\n<p>Ce n'est pas tuer l'innocent comme innocent qui perd la soci\u00e9t\u00e9, c'est de le tuer comme coupable.<\/p>\n<p><i>Fran\u00e7ois Ren\u00e9 de Chateaubriand <\/i><\/p>\n<p>&nbsp;<\/p>\n<p>Il est bien plus difficile de d\u00e9montrer l'innocence d'un innocent que de d\u00e9fendre un coupable.<\/p>\n<p><i>Maria Teresa Di Lascia <\/i><\/p>\n<p>&nbsp;<\/p>\n<p>Le coupable craint la loi et l'innocent le sort.<\/p>\n<p><i>Publius Syrus <\/i><\/p>\n<p>&nbsp;<\/p>\n<p>Contre l'innocence, on ne peut rien.<\/p>\n<p><i>Jean-Pierre Guay <\/i><\/p>\n<p>&nbsp;<\/p>\n<p>L'innocence est la meilleure d\u00e9fense de l'enfant.<\/p>\n<p><i>Lao She <\/i><\/p>\n<p>&nbsp;<\/p>\n<p>Un enfant n'a pas besoin d'\u00e9crire, il est innocent.<\/p>\n<p><i>Henry Miller <\/i><\/p>\n<p>&nbsp;<\/p>\n<p>Il est plus facile de cr\u00e9er des enfants solides que de r\u00e9parer des hommes bris\u00e9s.<\/p>\n<p><i>Frederick Douglass <\/i><\/p>\n<p>&nbsp;<\/p>\n<p>Je passerai ma vie et j'exercerai mon art dans l'innocence et la puret\u00e9.<\/p>\n<p><i>Hippocrate <\/i><\/p>\n<p>&nbsp;<\/p>\n<p>Le crime \u00e9gorge l'innocence pour mieux r\u00e9gner,<\/p>\n<p>et l'innocence se d\u00e9bat de toutes ses forces dans les mains du crime.<\/p>\n<p><i>Robespierre <\/i><\/p>\n<p>&nbsp;<\/p>\n<p>Pardonner au m\u00e9chant, c'est frapper l'innocent.<\/p>\n<p><i>Proverbe Italien <\/i><\/p>\n<p>&nbsp;<\/p>\n<p>Dieu pardonne toujours ; nous, nous pardonnons parfois ; la nature ne pardonne jamais quand elle est maltrait\u00e9e.<\/p>\n<p><i>Fran\u00e7ois, 266\u00e8me Pape <\/i><\/p>\n<p>&nbsp;<\/p>\n<p>La vie des morts consiste \u00e0 survivre dans l'esprit des vivants.<\/p>\n<p><i>Cic\u00e9ron <\/i><\/p>\n<p>&nbsp;<\/p>\n<p>La croyance en une origine surnaturelle du mal n'est pas n\u00e9cessaire.<\/p>\n<p>Les hommes sont \u00e0 eux seuls capables des pires atrocit\u00e9s.<\/p>\n<p><i>Joseph Conrad <\/i><\/p>\n<p>&nbsp;<\/p>\n<p>Pour que le mal triomphe, il suffit que les hommes de bien ne fassent rien.<\/p>\n<p><i>Edmund Burke <\/i><\/p>\n<p>&nbsp;<\/p>\n<p>Qui n\u00e9glige de punir le mal, le cautionne.<\/p>\n<p><i>Leonard De Vinci <\/i><\/p>\n<p>&nbsp;<\/p>\n<p>Avoir beaucoup d'amis, c'est n'avoir point d'amis. Le mal r\u00e9unit les hommes.<\/p>\n<p><i>Aristote <\/i><\/p>\n<p>&nbsp;<\/p>\n<p>C'est dans le malheur qu'on reconna\u00eet les amis.<\/p>\n<p><i>Euripide <\/i><\/p>\n<p>&nbsp;<\/p>\n<p>Dans le monde, vous avez trois sortes d'amis : vos amis qui vous aiment, vos amis qui ne se soucient pas de vous, et vos amis qui vous ha\u00efssent.<\/p>\n<p><i>S\u00e9bastien-Roch Nicolas de Chamfort <\/i><\/p>\n<p>&nbsp;<\/p>\n<p>Aime chacun, fie-toi \u00e0 peu, ne fait de tort \u00e0 personne.<\/p>\n<p><i>Shakespeare <\/i><\/p>\n<p>&nbsp;<\/p>\n<p>Des amis et des livres, ayez-en peu, mais bons.<\/p>\n<p><i>Proverbe Espagnol <\/i><\/p>\n<p>&nbsp;<\/p>\n<p>Rien ne trahit autant le caract\u00e8re des gens que les choses dont ils se moquent.<\/p>\n<p><i>Goethe <\/i><\/p>\n<p>&nbsp;<\/p>\n<p>La trahison est une question de dates.<\/p>\n<p><i>Andr\u00e9 Th\u00e9rive <\/i><\/p>\n<p>&nbsp;<\/p>\n<p>Le mensonge est le seul privil\u00e8ge qui distingue l'homme tous les autres organismes.<\/p>\n<p><i>Fiodor Dosto\u00efevski <\/i><\/p>\n<p>&nbsp;<\/p>\n<p>Un mensonge en entra\u00eene un autre.<\/p>\n<p><i>T\u00e9rence <\/i><\/p>\n<p>&nbsp;<\/p>\n<p>Aucun homme n'a assez m\u00e9moire pour r\u00e9ussir dans le mensonge.<\/p>\n<p><em>Abraham Lincoln, 16\u00e8me Pr\u00e9sident Am\u00e9ricain<\/em><\/p>\n<p>&nbsp;<\/p>\n<p>L'homme qui ne craint pas la v\u00e9rit\u00e9 n'a rien \u00e0 craindre du mensonge.<\/p>\n<p><em>Thomas Jefferson, 3\u00e8me Pr\u00e9sident Am\u00e9ricain<\/em><\/p>\n<p>&nbsp;<\/p>\n<p>Mieux vaut une am\u00e8re v\u00e9rit\u00e9 qu'un doux mensonge.<\/p>\n<p><i>Proverbe Russe <\/i><\/p>\n<p>&nbsp;<\/p>\n<p>Avec un mensonge on va loin, mais sans espoir de retour.<\/p>\n<p><i>Proverbe Juif <\/i><\/p>\n<p>&nbsp;<\/p>\n<p>La v\u00e9rit\u00e9 n'a qu'une couleur, le mensonge en a plusieurs.<\/p>\n<p><i>Proverbe Sanskrit <\/i><\/p>\n<p>&nbsp;<\/p>\n<p>Le mensonge donne des fleurs mais pas fruits.<\/p>\n<p><i>Proverbe Africain<\/i><\/p>\n<p>&nbsp;<\/p>\n<p>Les hypocrites, comme les abeilles, ont le miel \u00e0 la bouche et l'aiguillon cach\u00e9.<\/p>\n<p><i>Jacques Delille <\/i><\/p>\n<p>&nbsp;<\/p>\n<p>Les hypocrites ce sont les plus dangereux de tous les m\u00e9chants, parce qu'ils ont l'air bon et que l'on ne se m\u00e9fie pas d'eux.<\/p>\n<p><i>Pamphile Lemay <\/i><\/p>\n<p>&nbsp;<\/p>\n<p>Il existe infiniment plus d'hommes qui acceptent la civilisation en hypocrites que d'hommes vraiment et r\u00e9ellement civilis\u00e9s.<\/p>\n<p><i> Sigmund Freud <\/i><\/p>\n<p>&nbsp;<\/p>\n<p>Le cynisme est le comble de la franchise dans une soci\u00e9t\u00e9 d'hypocrites.<\/p>\n<p><i>Philippe Bouvard <\/i><\/p>\n<p>&nbsp;<\/p>\n<p>Toute victoire a sa part de poison.<\/p>\n<p>Je m'attends \u00e0 de la col\u00e8re et peut-\u00eatre m\u00eame \u00e0 de la violence.<\/p>\n<p><i>Fran\u00e7ois Hollande, 24\u00e8me Pr\u00e9sident Fran\u00e7ais <\/i><\/p>\n<p>&nbsp;<\/p>\n<p>Agis toujours bien, tu feras plaisir \u00e0 quelques-uns et \u00e9tonneras les autres.<\/p>\n<p><i>Mark Twain <\/i><\/p>\n<p>&nbsp;<\/p>\n<p>La raison n'est pas automatique. Elle ne peut conqu\u00e9rir ceux qui la nient.<\/p>\n<p><i>Ayn Rand <\/i><\/p>\n<p>&nbsp;<\/p>\n<p>Les convictions sont des ennemis de la v\u00e9rit\u00e9 plus dangereux que les mensonges.<\/p>\n<p><i>Friedrich Nietzsche <\/i><\/p>\n<p>&nbsp;<\/p>\n<p>Un seul jour avec un bon professeur vaut mieux que des milliers de jours d'\u00e9tudes fastidieuses.<\/p>\n<p><i>Proverbe Japonais <\/i><\/p>\n<p>&nbsp;<\/p>\n<p>Ceux dont l'esprit une fois a enfant\u00e9 le crime, ils sont form\u00e9s au mal pour toujours.<\/p>\n<p><i>Sophocle<\/i><\/p>\n<p>&nbsp;<\/p>\n<p>C'est la peine du menteur que m\u00eame s'il dit la v\u00e9rit\u00e9 il n'est pas \u00e9cout\u00e9<sup><a href=\"#_ftn1\" name=\"_ftnref1\">[1]<\/a><\/sup>.<\/p>\n<p>La r\u00e9compense de l'\u00e9tude est de comprendre.<\/p>\n<p><i> Talmud <\/i><\/p>\n<p>&nbsp;<\/p>\n<p>Le d\u00e9but de la sagesse est la crainte de l'\u00c9ternel.<\/p>\n<p><i>T\u00e9hilim 111.10 <\/i><\/p>\n<p>&nbsp;<\/p>\n<p>C'est la crainte relative \u00e0 l'application d\u00e9ficiente des commandements qui conditionne l'aide de HaShem<a href=\"#_ftn2\" name=\"_ftnref2\"><sup>[2]<\/sup><\/a> dans la compr\u00e9hension du sens profond des textes.<\/p>\n<p><i> Rav Yehia Benchetrit <\/i><\/p>\n<p>&nbsp;<\/p>\n<p>Apr\u00e8s les avoir fait sortir de Sodome, l'un des deux messagers dit : Sauve-toi, pour ta vie, ne regarde pas derri\u00e8re toi et ne reste pas dans toute la r\u00e9gion<sup><a href=\"#_ftn3\" name=\"_ftnref3\">[3]<\/a><\/sup>, sauve-toi vers la montagne<sup><a href=\"#_ftn4\" name=\"_ftnref4\">[4]<\/a><\/sup>, de peur que tu ne p\u00e9risses.<\/p>\n<p><i>B\u00e9r\u00e9shit 19.17 <\/i><\/p>\n<p>&nbsp;<\/p>\n<p>L'\u00e9volution dans la nature n'est pas en contradiction avec la notion de cr\u00e9ation parce que l'\u00e9volution exige la cr\u00e9ation d'\u00eatres qui \u00e9voluent.<\/p>\n<p>Le Big-Bang et l\u2019\u00e9volution sont coh\u00e9rents avec les enseignements de la Bible et ils sont essentiels pour comprendre Dieu.<\/p>\n<p><i>Fran\u00e7ois, 266\u00e8me Pape <\/i><\/p>\n<p>&nbsp;<\/p>\n<p>Peu importe jusqu'o\u00f9 vous \u00eates all\u00e9s sur une mauvaise route, revenez en arri\u00e8re.<\/p>\n<p><i>Proverbe Turc <\/i><\/p>\n<p>&nbsp;<\/p>\n<p>Fais du bien \u00e0 ton corps pour que ton \u00e2me ait envie d'y rester.<\/p>\n<p><i>Proverbe Indien<\/i><\/p>\n<hr style=\"margin-bottom: 0px;\" \/>\n<table style=\"width: 100%; text-align: left; margin: 5px auto 5px auto;\" border=\"0\" cellspacing=\"1\" cellpadding=\"1\">\n<tbody align=\"justify\">\n<tr>\n<td style=\"width: 20%;\"><span style=\"font-size: Normal;\"><a href=\"https:\/\/asherhaimhalevi.ordisoftware.com\/works\/the-religious-problem\/dedication\/\">Pr\u00e9c\u00e9dent<\/a><\/span><\/td>\n<td style=\"text-align: center;\"><span style=\"font-size: Normal;\"><a href=\"https:\/\/asherhaimhalevi.ordisoftware.com\/works\/the-religious-problem\/#tableofcontent\">Sommaire<\/a><\/span><\/td>\n<td style=\"width: 20%; text-align: right;\"><span style=\"font-size: Normal;\"><a href=\"https:\/\/asherhaimhalevi.ordisoftware.com\/works\/the-religious-problem\/religious-quotes\/\">Suivant<\/a><\/span><\/td>\n<\/tr>\n<\/tbody>\n<\/table>\n<hr style=\"margin-top: 0px;\" \/>\n<p><sup><a href=\"#_ftnref1\" name=\"_ftn1\">[1]<\/a> Cette r\u00e8gle est aussi valable pour \"des menteurs\" et pour \"les organisations de menteurs\".<\/sup><\/p>\n<p><sup><a href=\"#_ftnref2\" name=\"_ftn2\">[2]<\/a> En h\u00e9breu, Ha-Shem signifie \"Le Nom\" soit YHVH, ou en habituellement en fran\u00e7ais, \u00c9ternel.<\/sup><\/p>\n<p><sup><a href=\"#_ftnref3\" name=\"_ftn3\">[3]<\/a> Le \"monde\" environnemental d'o\u00f9 l'on vient, la r\u00e9gion mauvaise qui nous fait souffrir.<\/sup><\/p>\n<p><sup><a href=\"#_ftnref4\" name=\"_ftn4\">[4]<\/a> Tsiyon (Sion) est le \"c\u0153ur\" de l'amour bienveillant, compassionnel et g\u00e9n\u00e9reux.<\/sup><\/p>\n<\/p>","protected":false},"excerpt":{"rendered":"<p>Citations d'auteurs incluses dans le livre \"Le probl\u00e8me religieux\". <\/p>\n<p><span style=\"color:#333\"> &rarr; <a href=\"https:\/\/asherhaimhalevi.ordisoftware.com\/works\/the-religious-problem\/authors-quotes\/\">Lire la suite<\/a><\/span><\/p>\n","protected":false},"author":1,"featured_media":0,"parent":155,"menu_order":19,"comment_status":"closed","ping_status":"closed","template":"","meta":[],"_links":{"self":[{"href":"https:\/\/asherhaimhalevi.ordisoftware.com\/wp-json\/wp\/v2\/pages\/421"}],"collection":[{"href":"https:\/\/asherhaimhalevi.ordisoftware.com\/wp-json\/wp\/v2\/pages"}],"about":[{"href":"https:\/\/asherhaimhalevi.ordisoftware.com\/wp-json\/wp\/v2\/types\/page"}],"author":[{"embeddable":true,"href":"https:\/\/asherhaimhalevi.ordisoftware.com\/wp-json\/wp\/v2\/users\/1"}],"replies":[{"embeddable":true,"href":"https:\/\/asherhaimhalevi.ordisoftware.com\/wp-json\/wp\/v2\/comments?post=421"}],"version-history":[{"count":0,"href":"https:\/\/asherhaimhalevi.ordisoftware.com\/wp-json\/wp\/v2\/pages\/421\/revisions"}],"up":[{"embeddable":true,"href":"https:\/\/asherhaimhalevi.ordisoftware.com\/wp-json\/wp\/v2\/pages\/155"}],"wp:attachment":[{"href":"https:\/\/asherhaimhalevi.ordisoftware.com\/wp-json\/wp\/v2\/media?parent=421"}],"curies":[{"name":"wp","href":"https:\/\/api.w.org\/{rel}","templated":true}]}}