{"id":422,"date":"2021-04-01T08:16:01","date_gmt":"2021-04-01T06:16:01","guid":{"rendered":"https:\/\/asherhaimhalevi.ordisoftware.com\/?page_id=422"},"modified":"2022-05-30T12:10:00","modified_gmt":"2022-05-30T10:10:00","slug":"religious-quotes","status":"publish","type":"page","link":"https:\/\/asherhaimhalevi.ordisoftware.com\/works\/the-religious-problem\/religious-quotes\/","title":{"rendered":"Citations religieuses"},"content":{"rendered":"<p style=\"margin-bottom:25px;\"><div style=\"margin-top: 15px;\" id=\"toc_container\" class=\"no_bullets\"><ul class=\"toc_list\"><li><a href=\"#Dieu\">Dieu<\/a><\/li><li><a href=\"#Savoir\">Savoir<\/a><\/li><li><a href=\"#Bienveillance\">Bienveillance<\/a><\/li><li><a href=\"#ADN\">ADN<\/a><\/li><li><a href=\"#Gratitude\">Gratitude<\/a><\/li><li><a href=\"#Comprehension\">Compr\u00e9hension<\/a><\/li><\/ul><\/div>\n<h3><span id=\"Dieu\">Dieu<\/span><\/h3>\n<p>Le premier des grands secrets des Sw\u00e2mis de l'hindouisme, \u00eatres qui \u0153uvrent \u00e0 leur mani\u00e8re \u00e0 la lib\u00e9ration de l'illusion lorsqu'ils sont d\u00e9gag\u00e9s de toute obligation familiale, est la chambre du dieu supr\u00eame.<\/p>\n<p>C'est une pi\u00e8ce dont le voile est d\u00e9couvert lors de la c\u00e9r\u00e9monie du renoncement aux fruits des intentions et des actions devenus mod\u00e9rations sur le chemin de la vie qui n'est plus soumise \u00e0 l'imagination car celle-ci est maitris\u00e9e sans hostilit\u00e9 et sans malveillance envers quelque cr\u00e9ature que ce soit.<\/p>\n<p>Cette pi\u00e8ce est vide.<\/p>\n<h3><span id=\"Savoir\">Savoir<\/span><\/h3>\n<p>Puis le Bienheureux B\u00e9ni du Ciel (oint) s'adressa au Pr\u00eatre Brahmane (d\u00e9vou\u00e9 au service) Sundarika Bharadvaja (agr\u00e9able libert\u00e9 de l'\u00eatre) par ces stances :<\/p>\n<p style=\"padding-left: 40px;\">Bahuka (le hasard)<br \/>\nEt Adhikakka (le contr\u00f4le).<\/p>\n<p style=\"padding-left: 40px;\">Gaya (la possession)<br \/>\nEt Sundarika (le charme).<\/p>\n<p style=\"padding-left: 40px;\">Payaga (le lait corporel ou sperme i.e. cellules germinales)<br \/>\nEt Sarassati (l'eau divine ou miel i.e. champ vital).<\/p>\n<p style=\"padding-left: 40px;\">Et le torrent Bahumati (la connaissance i.e. science),<br \/>\nUn \u00eatre stupide peut s'y baigner pour toujours,<br \/>\nIl n'y purifiera pourtant pas ses mauvaises actions.<\/p>\n<p style=\"padding-left: 40px;\">Que peut faire dispara\u00eetre le Sundarika (la tromperie) ?<br \/>\nQue peuvent le Payaga et le Bahuka (la f\u00e9condation al\u00e9atoire) ?<br \/>\nIls ne peuvent purifier une personne m\u00e9chante,<br \/>\nQui est homme commettant des actes nuisibles et cruels.<\/p>\n<p style=\"padding-left: 40px;\">Celui qui a le c\u0153ur pur a pour toujours<br \/>\nLa F\u00eate de la Purification (Pessa'h) et le Jour Saint (Shabat).<\/p>\n<p style=\"padding-left: 40px;\">Celui qui a le c\u0153ur pur est juste en actions<br \/>\nEt ses consid\u00e9rations sont parfaites.<\/p>\n<p style=\"padding-left: 40px;\">C'est ici, Brahmane, que tu dois te baigner<br \/>\nPour faire de toi un refuge de paix pour tous les \u00eatres.<\/p>\n<p style=\"padding-left: 40px;\">Si tu ne dis pas de fausses paroles,<br \/>\nSi tu ne fais pas de mal aux \u00eatres qui respirent,<br \/>\nSi tu ne prends pas ce qui n'est pas donn\u00e9,<br \/>\nConfiant et sans convoitise,<br \/>\nQu'iras-tu faire \u00e0 Gaya (ce qui a \u00e9t\u00e9 conquis i.e. le corps) ?<br \/>\nTa source (ce qui te cr\u00e9\u00e9) est aussi Gaya {car l'ADN est de la mati\u00e8re}.<\/p>\n<p><i>TipitakaSutta Pitaka<br \/>\nMajjhima Nik\u00e2ya<br \/>\nMulapariy\u00e2ya Vagga<br \/>\nVatth\u00fbpama Sutta<\/i><\/p>\n<p><i><span style=\"font-size: x-small;\">Adaptation par l'auteur de la traduction standard<\/span><\/i><\/p>\n<p><em>Comparer \u00e0 Quran Sourate 15.98 :<\/em><\/p>\n<p style=\"padding-left: 40px;\">Impr\u00e8gne-toi de ce qui est bon et t'am\u00e9liore,<br \/>\net sois de ceux qui sont bienveillants.<\/p>\n<h3><span id=\"Bienveillance\">Bienveillance<\/span><\/h3>\n<p style=\"text-align: center; margin-top: 20px; margin-bottom: 20px;\"><img decoding=\"async\" class=\"aligncenter wp-image-845 size-medium\" src=\"https:\/\/asherhaimhalevi.ordisoftware.com\/wp-content\/uploads\/2021\/04\/Citation-Om-Mani-PadMe-Hum-300x150.png\" alt=\"\" width=\"300\" height=\"150\" srcset=\"https:\/\/asherhaimhalevi.ordisoftware.com\/wp-content\/uploads\/2021\/04\/Citation-Om-Mani-PadMe-Hum-300x150.png 300w, https:\/\/asherhaimhalevi.ordisoftware.com\/wp-content\/uploads\/2021\/04\/Citation-Om-Mani-PadMe-Hum-200x100.png 200w, https:\/\/asherhaimhalevi.ordisoftware.com\/wp-content\/uploads\/2021\/04\/Citation-Om-Mani-PadMe-Hum-150x75.png 150w, https:\/\/asherhaimhalevi.ordisoftware.com\/wp-content\/uploads\/2021\/04\/Citation-Om-Mani-PadMe-Hum-400x200.png 400w, https:\/\/asherhaimhalevi.ordisoftware.com\/wp-content\/uploads\/2021\/04\/Citation-Om-Mani-PadMe-Hum.png 500w\" sizes=\"(max-width: 300px) 100vw, 300px\" \/><\/p>\n<p style=\"text-align: center;\"><b>OM<br \/>\nMA-NI<br \/>\nPAD-ME<br \/>\nHUM<\/b><\/p>\n<p style=\"text-align: center;\"><i>BONT\u00c9<br \/>\nHONN\u00caTET\u00c9-PATIENCE<br \/>\nEFFORT-LOGIQUE<br \/>\nSAVOIR<\/i><\/p>\n<p>Affection Justice Paix Joie.<\/p>\n<p>Le but de ce mantra, appel\u00e9 \u00e0 juste titre \"mantra de la compassion\", est l'amour, la bienveillance, la paix et la joie que procure l'application des r\u00e8gles \u00e9l\u00e9mentaires qu'il pr\u00e9conise et qui r\u00e9sument l'enseignement.<\/p>\n<p>Le mot sanskrit \"mantra\" veut dire conseil au sens de pr\u00e9cepte ou r\u00e9solution : c'est une parole, une courte phrase musicale-verbale hypnotique utilis\u00e9e pour d\u00e9concentrer le mental afin d'y insuffler un concept au sujet d'une instruction g\u00e9n\u00e9ralement spirituelle et dont le but est de provoquer une compr\u00e9hension et un changement de conscience au sein du mental.<\/p>\n<p>La force d'un mantra d\u00e9pend de la capacit\u00e9 des syllabes \u00e0 activer les circuits neuronaux tant par le son lui-m\u00eame que par le sens lexical et conceptuel. C'est ce m\u00e9canisme qui est utilis\u00e9, parfois pour le bien et parfois pour le mal, par les artistes et par les chanteurs dont la musique entraine le c\u0153ur tandis que les mots touchent le cerveau : le son fait vibrer les cellules et les mots modifient leurs connectivit\u00e9s, tel un anesth\u00e9sique au cours d'une op\u00e9ration.<\/p>\n<p><a href=\"http:\/\/fr.wikipedia.org\/wiki\/Mantra\" target=\"_blank\" rel=\"noopener\">fr.wikipedia.org\/wiki\/Mantra<\/a><br \/>\n<a href=\"http:\/\/fr.wikipedia.org\/wiki\/Syllabe\" target=\"_blank\" rel=\"noopener\">fr.wikipedia.org\/wiki\/Syllabe<\/a><\/p>\n<h3><span id=\"ADN\">ADN<\/span><\/h3>\n<p style=\"text-align: center; margin-top: 20px; margin-bottom: 30px;\"><span style=\"font-size: 16pt;\"><img decoding=\"async\" class=\"aligncenter wp-image-3406\" src=\"https:\/\/asherhaimhalevi.ordisoftware.com\/wp-content\/uploads\/2022\/05\/theos.png\" alt=\"\" width=\"360\" height=\"111\" srcset=\"https:\/\/asherhaimhalevi.ordisoftware.com\/wp-content\/uploads\/2022\/05\/theos.png 520w, https:\/\/asherhaimhalevi.ordisoftware.com\/wp-content\/uploads\/2022\/05\/theos-300x92.png 300w, https:\/\/asherhaimhalevi.ordisoftware.com\/wp-content\/uploads\/2022\/05\/theos-200x62.png 200w, https:\/\/asherhaimhalevi.ordisoftware.com\/wp-content\/uploads\/2022\/05\/theos-150x46.png 150w, https:\/\/asherhaimhalevi.ordisoftware.com\/wp-content\/uploads\/2022\/05\/theos-400x123.png 400w\" sizes=\"(max-width: 360px) 100vw, 360px\" \/><\/span><\/p>\n<p style=\"text-align: center;\"><b> EN ARCH\u00ca \u00caN HO LOGOS<br \/>\nKAI HO LOGOS \u00caN PROS TON TH\u00c9ON<br \/>\nKAI TH\u00c9OS \u00caN HO LOGOS <\/b><\/p>\n<p style=\"text-align: center;\"><i>AU COMMENCEMENT \u00c9TAIT LE LOGOS<br \/>\nET LE LOGOS \u00c9TAIT AVEC LE TH\u00c9OS<br \/>\nET TH\u00c9OS \u00c9TAIT LE LOGOS <\/i><\/p>\n<p>Traduction standard : \u00ab Au commencement \u00e9tait la Parole et la Parole \u00e9tait avec Dieu et la Parole \u00e9tait Dieu \u00bb.<\/p>\n<p>Traduction alternative : \u00ab Au commencement \u00e9taient les G\u00e8nes et les G\u00e8nes \u00e9taient avec l'ADN et l'ADN \u00e9tait les G\u00e8nes \u00bb.<\/p>\n<p>Logos signifie \u00ab mot, parole, ce qui exprime \u00bb : ce sont les g\u00e8nes du programme g\u00e9n\u00e9tique qui codent les ARN de structure et de fonction.<\/p>\n<p>Th\u00e9os signifie \u00ab dieu, divin, ce qui dirige \u00bb : c'est l'ADN qui dirige et organise la vie i.e. l'\u00c9ternel ou HaShem ou YHVH.<\/p>\n<h3><span id=\"Gratitude\">Gratitude<\/span><\/h3>\n<p><img decoding=\"async\" class=\"aligncenter size-full wp-image-846\" src=\"https:\/\/asherhaimhalevi.ordisoftware.com\/wp-content\/uploads\/2021\/04\/Citation-Quran-1.1.png\" alt=\"\" width=\"550\" height=\"133\" srcset=\"https:\/\/asherhaimhalevi.ordisoftware.com\/wp-content\/uploads\/2021\/04\/Citation-Quran-1.1.png 550w, https:\/\/asherhaimhalevi.ordisoftware.com\/wp-content\/uploads\/2021\/04\/Citation-Quran-1.1-300x73.png 300w, https:\/\/asherhaimhalevi.ordisoftware.com\/wp-content\/uploads\/2021\/04\/Citation-Quran-1.1-200x48.png 200w, https:\/\/asherhaimhalevi.ordisoftware.com\/wp-content\/uploads\/2021\/04\/Citation-Quran-1.1-150x36.png 150w, https:\/\/asherhaimhalevi.ordisoftware.com\/wp-content\/uploads\/2021\/04\/Citation-Quran-1.1-400x97.png 400w\" sizes=\"(max-width: 550px) 100vw, 550px\" \/><\/p>\n<p style=\"text-align: center;\"><b>BISMI AL-LAHI<br \/>\nAL-ER-RAHMAN<br \/>\nAL-ER-RAHIM <\/b><\/p>\n<p style=\"text-align: center;\"><i>ATTACHEMENT \u00c0 ALLAH<br \/>\nLE TOUT-PUISSANT<br \/>\nLE TOUT-SOUVERAIN <\/i><\/p>\n<p>Traduction standard : \"Au nom de Allah, le tr\u00e8s cl\u00e9ment, le tr\u00e8s mis\u00e9ricordieux\".<\/p>\n<p>Traduction alternative : \"Gratitude \u00e0 la force qui est en moi, qui m'a cr\u00e9\u00e9 et qui me fait exister\".<\/p>\n<p>Bismi poss\u00e8de un sens d'exaltation : gr\u00e2ce \u00e0, gratitude \u00e0, pour l'amour de, b\u00e9nit soit, etc. Cela signifie que ce qui est cr\u00e9ateur et maitre absolu du monde et de la vie est la plus grande chose digne d'amour, d'admiration, de d\u00e9votion et de fid\u00e9lit\u00e9, et que quoi qu'on aime comme chose ou personne, Allah est le plus digne car cause de tout, car sans Allah, il n'y a rien. Remarque : les deux \"al\" (le-la) devant les deux \"er\" sont g\u00e9n\u00e9ralement non prononc\u00e9s et non translitt\u00e9ralis\u00e9s, bien qu'inclus dans les traductions, alors que la calligraphie insiste \u00e0 ce sujet.<\/p>\n<p>Pour simplifier en ce d\u00e9but d'ouvrage, Allah correspond \u00e0 peu pr\u00e8s \u00e0 \"YHVH de Elohim\". Il sera expos\u00e9 qu'il faut lire le terme Allah comme signifiant \"le Lah \u00e0 moi\". Lah provient de Elah ou Ilah qui \u00e9quivaut au mot aram\u00e9en Eloha (force) : le Lah est le Dieu cr\u00e9ateur et organisateur impersonnel de la personne, qui n'est ni un, ni plusieurs, ni aucun (voir avant-propos).<\/p>\n<p>Le Tout-Puissant : Qui est l'origine et la cause premi\u00e8re infiniment g\u00e9n\u00e9reuse des choses du monde. C'est l'aspect de la \"Matrice protectrice\" qui prodigue la multitude des possibilit\u00e9s.<\/p>\n<p>Le Tout-Souverain : Qui organise et ordonne le monde avec logique. C'est l'aspect de la \"Matrice protectrice\" qui fait fonctionner les lois de la vie.<\/p>\n<h3><span id=\"Comprehension\">Compr\u00e9hension<\/span><\/h3>\n<p><img decoding=\"async\" class=\"aligncenter size-full wp-image-847\" src=\"https:\/\/asherhaimhalevi.ordisoftware.com\/wp-content\/uploads\/2021\/04\/Citation-Shemah.png\" alt=\"\" width=\"550\" height=\"100\" srcset=\"https:\/\/asherhaimhalevi.ordisoftware.com\/wp-content\/uploads\/2021\/04\/Citation-Shemah.png 550w, https:\/\/asherhaimhalevi.ordisoftware.com\/wp-content\/uploads\/2021\/04\/Citation-Shemah-300x55.png 300w, https:\/\/asherhaimhalevi.ordisoftware.com\/wp-content\/uploads\/2021\/04\/Citation-Shemah-200x36.png 200w, https:\/\/asherhaimhalevi.ordisoftware.com\/wp-content\/uploads\/2021\/04\/Citation-Shemah-150x27.png 150w, https:\/\/asherhaimhalevi.ordisoftware.com\/wp-content\/uploads\/2021\/04\/Citation-Shemah-400x73.png 400w\" sizes=\"(max-width: 550px) 100vw, 550px\" \/><\/p>\n<p style=\"text-align: center;\"><b>SH\u00c9MA' ISRA\u00cbL<br \/>\nHASHEM ELOH\u00c9NOU<br \/>\nHASHEM E'HAD<\/b><\/p>\n<p style=\"text-align: center;\"><i>COMPREND ISRA\u00cbL<br \/>\nYHVH EST NOTRE ELOHIM<br \/>\nYHVH EST UNIQUE <\/i><\/p>\n<p>Afin de simplifier et de ne pas cr\u00e9er dans l'imm\u00e9diat trop de confusion dans l'esprit du lecteur, l'auteur a utilis\u00e9 comme il est l'usage le pluriel Elohim, mais le mot h\u00e9breu est en r\u00e9alit\u00e9 Eloh\u00e9nou i.e. Eloh\u00e9 additionn\u00e9 de Noun-Vav signifiant : \"ma (le scribe Mosh\u00e9h parle) Eloha (force) [que j'ai transmis gr\u00e2ce \u00e0 la Doctrine que m'a donn\u00e9 HaShem] \u00e0 nous (peuple d'Isra\u00ebl qui a re\u00e7u le don de la Torah)\".<\/p>\n<p>Le sujet principal de cet ouvrage peut se r\u00e9sumer ainsi : informer sur ce que sont l'univers et l'\u00eatre humain en exposant au-del\u00e0 de toute notion de religion, gr\u00e2ce \u00e0 une approche de la Torah en tant que contexte scientifique ph\u00e9nom\u00e9nal et non historique particulier, un point de vue rationnel sur :<\/p>\n<ul>\n<li>La nature arithm\u00e9tique de Elohim ou Dieu, mot qui d\u00e9signe les lois du monde telles des \u00e9quations de vecteurs de forces ;<\/li>\n<\/ul>\n<ul>\n<li>La r\u00e9alit\u00e9 g\u00e9om\u00e9trique de YHVH ou HaShem ou \u00c9ternel, mot qui d\u00e9signe les lois du vivant telles des r\u00e8gles de m\u00e9canismes g\u00e9n\u00e9tiques et mol\u00e9culaires ;<\/li>\n<\/ul>\n<ul>\n<li>La responsabilit\u00e9 sociale d'Isra\u00ebl ou Force du Pouvoir, mot qui d\u00e9signe le principe de justice fondamentale organisant la civilisation id\u00e9ale ;<\/li>\n<\/ul>\n<ul>\n<li>Les Tribus de Jacob qui sont les structures essentielles d\u00e9limitant les secteurs de l'\u00c9tat o\u00f9 r\u00e8gne la compassion gr\u00e2ce \u00e0 la rigueur, \u00e0 la bont\u00e9, \u00e0 l'honn\u00eatet\u00e9, \u00e0 l'entre-aide et \u00e0 la v\u00e9rit\u00e9 ;<\/li>\n<\/ul>\n<ul>\n<li>La Doctrine du Livre qui est unique et confondue avec YHVH qui y r\u00e9v\u00e8le en langue h\u00e9bra\u00efque et par la main de Mosh\u00e9h l'ensemble des grands principes logiques casuels qui r\u00e9gissent les cr\u00e9ations, les propri\u00e9t\u00e9s, les \u00e9tats, les transitions, les activit\u00e9s, les interactions, les \u00e9volutions et les destructions au sein du monde humain.<\/li>\n<\/ul>\n<hr style=\"margin-bottom: 0px;\" \/>\n<table style=\"width: 100%; text-align: left; margin: 5px auto 5px auto;\" border=\"0\" cellspacing=\"1\" cellpadding=\"1\">\n<tbody align=\"justify\">\n<tr>\n<td style=\"width: 20%;\"><span style=\"font-size: Normal;\"><a href=\"https:\/\/asherhaimhalevi.ordisoftware.com\/works\/the-religious-problem\/authors-quotes\/\">Pr\u00e9c\u00e9dent<\/a><\/span><\/td>\n<td style=\"text-align: center;\"><span style=\"font-size: Normal;\"><a href=\"https:\/\/asherhaimhalevi.ordisoftware.com\/works\/the-religious-problem\/#tableofcontent\">Sommaire<\/a><\/span><\/td>\n<td style=\"width: 20%; text-align: right;\"><span style=\"font-size: Normal;\"><a href=\"https:\/\/asherhaimhalevi.ordisoftware.com\/works\/the-religious-problem\/ideal-civilization\/\">Suivant<\/a><\/span><\/td>\n<\/tr>\n<\/tbody>\n<\/table>\n<hr style=\"margin-top: 0px;\" \/>\n<\/p>","protected":false},"excerpt":{"rendered":"<p>Citations religieuses incluses dans le livre \"Le probl\u00e8me religieux\". <\/p>\n<p><span style=\"color:#333\"> &rarr; <a href=\"https:\/\/asherhaimhalevi.ordisoftware.com\/works\/the-religious-problem\/religious-quotes\/\">Lire la suite<\/a><\/span><\/p>\n","protected":false},"author":1,"featured_media":0,"parent":155,"menu_order":21,"comment_status":"closed","ping_status":"closed","template":"","meta":[],"_links":{"self":[{"href":"https:\/\/asherhaimhalevi.ordisoftware.com\/wp-json\/wp\/v2\/pages\/422"}],"collection":[{"href":"https:\/\/asherhaimhalevi.ordisoftware.com\/wp-json\/wp\/v2\/pages"}],"about":[{"href":"https:\/\/asherhaimhalevi.ordisoftware.com\/wp-json\/wp\/v2\/types\/page"}],"author":[{"embeddable":true,"href":"https:\/\/asherhaimhalevi.ordisoftware.com\/wp-json\/wp\/v2\/users\/1"}],"replies":[{"embeddable":true,"href":"https:\/\/asherhaimhalevi.ordisoftware.com\/wp-json\/wp\/v2\/comments?post=422"}],"version-history":[{"count":0,"href":"https:\/\/asherhaimhalevi.ordisoftware.com\/wp-json\/wp\/v2\/pages\/422\/revisions"}],"up":[{"embeddable":true,"href":"https:\/\/asherhaimhalevi.ordisoftware.com\/wp-json\/wp\/v2\/pages\/155"}],"wp:attachment":[{"href":"https:\/\/asherhaimhalevi.ordisoftware.com\/wp-json\/wp\/v2\/media?parent=422"}],"curies":[{"name":"wp","href":"https:\/\/api.w.org\/{rel}","templated":true}]}}