{"id":427,"date":"2021-04-01T08:16:06","date_gmt":"2021-04-01T06:16:06","guid":{"rendered":"https:\/\/asherhaimhalevi.ordisoftware.com\/?page_id=427"},"modified":"2022-04-16T21:19:48","modified_gmt":"2022-04-16T19:19:48","slug":"chapter-2","status":"publish","type":"page","link":"https:\/\/asherhaimhalevi.ordisoftware.com\/works\/the-religious-problem\/chapter-2\/","title":{"rendered":"Le probl\u00e8me linguistique"},"content":{"rendered":"<p style=\"margin-bottom:25px;\"><div style=\"margin-top: 15px;\" id=\"toc_container\" class=\"no_bullets\"><ul class=\"toc_list\"><li><a href=\"#Considerations\">Consid\u00e9rations<\/a><\/li><li><a href=\"#Psaume_n3\">Psaume n\u00b03<\/a><ul><li><a href=\"#Traduction_standard\">Traduction standard<\/a><\/li><li><a href=\"#Traduction_litterale\">Traduction litt\u00e9rale<\/a><\/li><li><a href=\"#Traduction_mot-a-mot\">Traduction mot-\u00e0-mot<\/a><\/li><li><a href=\"#Commentaire\">Commentaire<\/a><\/li><\/ul><\/li><\/ul><\/div>\n\n<h3 style=\"margin-top: 0px;\"><span id=\"Considerations\">Consid\u00e9rations<\/span><\/h3>\n<p>Les diverses traductions de la bible diffus\u00e9es au public depuis de nombreuses g\u00e9n\u00e9rations posent le m\u00eame probl\u00e8me<sup><a href=\"#_ftn1\" name=\"_ftnref1\">[1]<\/a> <\/sup>qui est inh\u00e9rent \u00e0 deux choses universelles qui rel\u00e8vent soit de l'ignorance, soit de l'erreur, soit de la tromperie :<\/p>\n<p style=\"padding-left: 40px;\"><i>L'alt\u00e9ration et l'interpr\u00e9tation.<\/i><\/p>\n<p>Ce truchement<sup><a href=\"#_ftn2\" name=\"_ftnref2\">[2]<\/a> <\/sup>d\u00e9passe le cadre musical et artistique, technologique et religieux, ainsi qu'administratif et politique, et m\u00eame celui de la m\u00e9decine et de la la\u00efcit\u00e9<sup><a href=\"#_ftn3\" name=\"_ftnref3\">[3]<\/a> <\/sup>qui sont de nos jours le masque monstrueux et abominable de la fausse religion psychiatrique<sup><a href=\"#_ftn4\" name=\"_ftnref4\">[4]<\/a> <\/sup>qui a vendu \u00e0 beaucoup de gouvernements, d'organisations, de soci\u00e9t\u00e9s, d'associations et de peuples, y compris \u00e0 nombre de groupes religieux et non religieux, priv\u00e9s comme publics, la croyance fausse, mensong\u00e8re et malhonn\u00eate, en son aptitude, r\u00e9guli\u00e8rement impossible \u00e0 d\u00e9montrer, \u00e0 soigner toute sorte de probl\u00e8mes sociaux et humains, de troubles comportementaux, de maladies et de traumatismes corporels et mentaux, ou m\u00eame \u00e0 accomplir des actes de soi-disant justice sur des cibles sans droits, \u00e0 l'aide de substances chimiques souvent mal\u00e9fiques et mortelles d\u00e9riv\u00e9es d'insecticides et autres poisons d\u00e9tourn\u00e9s de leur utilisation, qui font taire les victimes, qui annihilent la volont\u00e9 et qui inhibent la m\u00e9moire et l'imagination, car elles endommagent le syst\u00e8me nerveux central, les cellules, les membranes, les r\u00e9cepteurs, les chromosomes et les mitochondries, parfois r\u00e9versiblement, et parfois irr\u00e9versiblement, lorsqu'elles ne tuent pas, tout en r\u00e9duisant \u00e0 n\u00e9ant le sentiment de gratitude envers la vie et l'ensemble des efforts de toute une existence, et tout en se propageant \u00e0 la descendance, lorsqu'il n'y a pas eu st\u00e9rilisation, cr\u00e9ant ainsi une niche incalculable de probl\u00e8mes \u00e0 r\u00e9soudre qui d\u00e9passent le simple stress<sup><a href=\"#_ftn5\" name=\"_ftnref5\">[5]<\/a> <\/sup>et dont les m\u00e9decins se font un devoir de g\u00e9rer.<\/p>\n<p>De nombreux mots ont \u00e9t\u00e9 d\u00e9tourn\u00e9s de leur sens, et des noms propres ont \u00e9t\u00e9 chang\u00e9s jusque dans la prononciation au-del\u00e0 m\u00eame des voyelles. Puis les g\u00e9n\u00e9rations juives et non juives, surtout les non lettr\u00e9s, ont \u00e9t\u00e9 conditionn\u00e9es \u00e0 cette falsification, notamment \u00e0 l'aide d'agencements, d'\u00e9v\u00e8nements et d'histoires.<\/p>\n<p>Abstraction faite des pr\u00e9m\u00e9ditations et des modifications volontaires comme involontaires lors de la copie des textes originaux<sup><a href=\"#_ftn7\" name=\"_ftnref7\">[7]<\/a>,<\/sup> il arrive souvent que sous l'impulsion du 'Ayin Hara, le mauvais \u0153il<sup><a title=\"\" href=\"#_ftn8\" name=\"_ftnref8\">[8]<\/a>,<\/sup> certains traducteurs et certains enseignants qui agissent en malfaiteurs et imposteurs modifient le sens des \u00e9critures et inventent des histoires qui n'ont parfois rien \u00e0 voir avec le r\u00e9cit original - la perception obtenu de la lecture h\u00e9bra\u00efque par les yeux du bien et les yeux du mal sera abord\u00e9 plus tard. En supposant que c'est parce qu'ils ne comprennent pas ou qu'ils n'ont pas le savoir n\u00e9cessaire, et malgr\u00e9 leur savoir grammatical, ils intervertissent parfois temps, pluriel, singulier, masculin et f\u00e9minin. D'autrefois, ils oublient de prendre en consid\u00e9ration des mots et m\u00eame des lettres de mots. Souvent, ils imaginent des choses qui ne sont pas \u00e9crites afin que cela corresponde \u00e0 quelque chose de connu et surtout de raisonnable m\u00eame si c'est des balivernes \u00e9tranges qui n'ont aucun sens. Sans parler des apparentes contradictions obtenues. M\u00eame sans \u00eatre avanc\u00e9 en langue h\u00e9bra\u00efque, et m\u00eame si la lecture de l'h\u00e9breu peut \u00eatre inexacte ou confuse, il est tr\u00e8s \u00e9tonnant de constater que ces modifications et ces alt\u00e9rations perdurent depuis des g\u00e9n\u00e9rations tout en construisant notre monde.<\/p>\n<p>Il est irr\u00e9futable que la Bible fa\u00e7onne directement et indirectement quantit\u00e9 d'esprits et de syst\u00e8mes religieux, militaires, m\u00e9dicaux, politiques, judiciaires, sociaux et m\u00e9diatiques, et donc de civilisations qui sont construites sur des erreurs, sur des mensonges et sur des mauvaises actions ; peu importe que l'on soit religieux ou pas, que l'on soit croyant ou pas, que l'on soit ath\u00e9e ou pas, ou que l'on soit activiste, opposant ou objecteur, car nous vivons tous dans un monde dont tous les domaines de la vie sont dirig\u00e9s par des autorit\u00e9s qui \u0153uvrent pour l'\u00e9volution. Mais l'humanisation bienveillante et la justice incorruptible sont tr\u00e8s souvent absentes ; et les gens trouvent \u00e7a normal, qu'ils soient religieux ou pas, \u00e9lus ou pas, savants ou pas.<\/p>\n<p>Un proverbe Italien dit : \"Traduttore, traditore\".<\/p>\n<p>Soit litt\u00e9ralement : \"Traducteur, tra\u00eetre\".<\/p>\n<p>Joachim du Bellay a dit : \"Mais que dirai-je d\u2019aucuns, vraiment mieux dignes d\u2019\u00eatre appel\u00e9s traditeurs que traducteurs ? Vu qu\u2019ils trahissent ceux qu\u2019ils entreprennent exposer, les frustrant de leur gloire\u2026\"<\/p>\n<p>Aucune traduction Biblique ne peut \u00eatre authentique : c'est impossible.<\/p>\n<p>On peut seulement s'approcher ou s'\u00e9loigner du sens du texte original.<\/p>\n<p>Trahir n'est ni une obligation ni une fatalit\u00e9, car traduire n\u00e9cessite trois choses qui sont nomm\u00e9es en anglais \"requirements\" et en fran\u00e7ais \"exigences\" :<\/p>\n<ul>\n<li><i>\u00catre de bonne volont\u00e9 et de bonne foi<\/i> : c'est avoir le bon \u0153il.<\/li>\n<\/ul>\n<ul>\n<li><i>Savoir de quoi parle le texte<\/i> : c'est connaitre le sujet du th\u00e8me abord\u00e9 et ainsi peu importe avec quelle langue on d\u00e9crit un paysage en dessous d'une image.<\/li>\n<\/ul>\n<ul>\n<li><i>Maintenir la paternit\u00e9 du texte<\/i> : c'est reconnaitre que quelque erreur qui puisse \u00eatre commise, le texte original, peu importe sa valeur et sa v\u00e9racit\u00e9, pr\u00e9vaut ; c'est donc par exemple ne pas dire qu'une Bible traduite, qu'elle le soit bien ou mal selon quelque opinion ou savoir que ce soit, est la parole de Dieu.<\/li>\n<\/ul>\n<p>En traduction, il y a techniquement deux cas de mise en correspondance entre la langue d'origine et la langue de destination :<\/p>\n<ul>\n<li>Soit elles se ressemblent et se correspondent un peu ;<br \/>\n<i>Exemple<\/i> : le Fran\u00e7ais et l'Anglais, l'H\u00e9breu et l'Arabe, le Pascal et le C#.<\/li>\n<\/ul>\n<ul>\n<li>Soit elles ne se ressemblent pas et ne se correspondent pas du tout ;<br \/>\n<i>Exemple<\/i> : le Fran\u00e7ais et l'H\u00e9breu, l'Anglais et le Sanskrit, le Basic et le Prolog.<\/li>\n<\/ul>\n<p>Un des probl\u00e8mes des traductions reformul\u00e9es selon ce qu'on attend d'une phrase dans la langue de destination est de perdre l'esprit du sens originel qui est conserv\u00e9 en mode litt\u00e9ral malgr\u00e9 l'aspect du rendu \u00e9trange qui oblige \u00e0 questionner le sens.<\/p>\n<p>Le texte h\u00e9bra\u00efque et les dictionnaires sont la preuve du mensonge des traductions infid\u00e8les et tra\u00eetresses de la Bible, et m\u00eame du Quran, ainsi que de beaucoup de textes sacr\u00e9s tel que celui de la Bhagavad-Gita (chant ou pri\u00e8re de celui qui est d\u00e9livr\u00e9) qui d\u00e9crit le conflit de conqu\u00eate entre le bien et le mal, et comment la paix est \u00e9tablie :<\/p>\n<p>1.1 Rassembl\u00e9s \u00e0 Kuruksetra, r\u00e9solus \u00e0 combattre, les guerriers de mon parti [Kaurava] et ceux de Pandavadas, qu'ont-ils fait ? [Dis-moi] Sanjaya.<\/p>\n<p>1.10 Limit\u00e9 en nombre notre arm\u00e9e est prot\u00e9g\u00e9e par Bishma, tandis qu'immense leur arm\u00e9e est prot\u00e9g\u00e9e par Bhima.<\/p>\n<p>Ce dont il est question est expos\u00e9 au prochain chapitre, mais citons ces mots sanskrits\u00a0:<\/p>\n<ul>\n<li><i>Arjuna <\/i>veut dire \"pur, blanc, argent, brillant\" ; c'est l'oint.<\/li>\n<\/ul>\n<ul>\n<li><i>Sanjaya<\/i> est celui qui les vainc tous et qui est arriv\u00e9 \u00e0 la gratitude envers la vie ou paix gr\u00e2ce \u00e0 la connaissance des lois de l'univers et de la vie.<\/li>\n<\/ul>\n<ul>\n<li><i>Kuruksetra<\/i> est le domaine-corps de Kuru i.e. la terre-poussi\u00e8re-mati\u00e8re qui cri<br \/>\n[sa peine] ; variante : la pleine entre les rivi\u00e8res (qui est dans le cr\u00e2ne).<\/li>\n<\/ul>\n<ul>\n<li><i>Kaurava<\/i> sont les enfants de Kuru, la terre qui cri (qui fait du bruit) ; ce sont les justes qui lib\u00e8rent de la guerre gr\u00e2ce \u00e0 la lapidation.<\/li>\n<\/ul>\n<ul>\n<li><i>Pandavadas<\/i> est ce qui souffle, tisse et exalte sans connaissance ; ce sont les m\u00e9chants qui poss\u00e8dent autrui et d\u00e9clenchent la guerre.<\/li>\n<\/ul>\n<ul>\n<li><i>Bishma<\/i> est le terrifiant, ce qui fait peur ; c'est la v\u00e9rit\u00e9.<\/li>\n<\/ul>\n<ul>\n<li><i>Bhima<\/i> est le terrifi\u00e9, ce qui est effray\u00e9 ; c'est le mensonge.<\/li>\n<\/ul>\n<ul>\n<li><i>Deva<\/i>, g\u00e9n\u00e9ralement traduit par dieu ou divinit\u00e9, veut dire \"\u00eatre de lumi\u00e8re, brillant, prince\" et d\u00e9signe les dirigeants grands patrons et haut-fonctionnaires qui ne sont autres que les serpents du Mah\u00e2bh\u00e2rata i.e. les clercs des ma\u00e7ons et les oints des juifs qui transmettent la connaissance de la science de la Lumi\u00e8re de Elohim, et qui utilisent le savoir et son pouvoir pour faire le bien ou le mal.<\/li>\n<\/ul>\n<p>La seule finalit\u00e9 des cr\u00e9ations idol\u00e2tres et d'une d\u00e9sinformation \u00e0 grande \u00e9chelle avec de fausses traductions, avec des histoires fabriqu\u00e9es par-dessus et avec des films, est la discr\u00e9ditation pour maintenir dans l'esclavage de l'ignorance gr\u00e2ce \u00e0 la confusion qui cr\u00e9\u00e9e du doute i.e. du mensonge dont le seul r\u00f4le est contr\u00f4ler n\u00e9gativement. La seule motivation de l'alt\u00e9ration est de faire agir mal. Pire : les groupes qui se revendiquent de la Bible et de Dieu et pr\u00e9tendent d\u00e9cider, gouverner et juger en Son Nom tout en disant que la Doctrine est un mythe et que ses lois sont d'anciennes coutumes non applicables et inutiles, ne sont que des menteurs qui n'ont rien \u00e0 voir avec la Torah : ils ne dirigent pas du tout des Religions du Livre.<\/p>\n<p>L'auteur est triste de ne pas avoir \u00e0 sa disposition des traductions correctes des textes sacr\u00e9s qui seraient exemptes d'\u00e9lucubrations d\u00e9lirantes et incompr\u00e9hensibles, et qui ne mentiraient pas sur la qualit\u00e9 de l'\u00eatre vivant et sur les questions essentielles. Il consid\u00e8re que 80% de ces textes religieux sont <i>tr\u00e8s<\/i> <i>mal<\/i> traduits ; certains versets l'\u00e9tant mieux que d'autres qui ne font qu'induire en erreur et causer de la confusion, surtout si on ne sait pas de quoi on parle.<\/p>\n<p>Ne pas vouloir \u00e9tudier la Loi et ne pas vouloir la suivre est plus honn\u00eate et acceptable, et non condamn\u00e9 par la Torah : on y est alors \u00e9tranger tout en y restant soumis tout comme sans rien conna\u00eetre de la gravit\u00e9 et de la physique quantique, magn\u00e9tique, g\u00e9n\u00e9tique ou autre, on ne peut pas s'en soustraire au m\u00eame titre qu'un conducteur de voiture qui ne connait rien au fonctionnement du moteur mais a la responsabilit\u00e9 d'en maitriser le mouvement sur la route sans percuter les autres. Tout le monde ne peut pas exercer le m\u00eame m\u00e9tier, sinon le monde ne tournerait pas. Mais exercer un m\u00e9tier de mani\u00e8re malveillante fait mal tourner le monde, surtout lorsqu'il s'agit de la sant\u00e9, de l'aide et de la justice.<\/p>\n<p>Le meilleur moyen de faire comprendre le cheminement menant \u00e0 l'\u00e9garement et \u00e0 la vanit\u00e9 est la traduction d'une courte \"pri\u00e8re\" issue du recueil des louanges po\u00e9tiques nomm\u00e9 Psaumes ou T\u00e9hilim (singulier : T\u00e9hila).<\/p>\n<h3><span id=\"Psaume_n3\"><a name=\"TOC-Psaume-n-3\"><\/a>Psaume n\u00b03<\/span><\/h3>\n<h4><span id=\"Traduction_standard\"><a name=\"TOC-Traduction-standard-9-\"><\/a>Traduction standard<\/span><\/h4>\n<p><a href=\"#_ftn9\" name=\"_ftnref9\"><sup>[9]<\/sup><\/a><br \/>\n1. Psaume de David.<br \/>\n\u00c0 l'occasion de sa fuite devant Absalom, son fils.<\/p>\n<p>2. \u00c9ternel, que mes ennemis sont nombreux !<br \/>\nQuelle multitude se l\u00e8ve contre moi !<\/p>\n<p>3. Combien qui disent \u00e0 mon sujet :<br \/>\nPlus de salut pour lui aupr\u00e8s de Dieu ! Pause.<\/p>\n<p>4. Mais toi, \u00c9ternel !<br \/>\nTu es mon bouclier, Tu es ma gloire, et tu rel\u00e8ves ma t\u00eate.<\/p>\n<p>5. De ma voix je crie \u00e0 l'\u00c9ternel,<br \/>\nEt il me r\u00e9pond de sa montagne sainte. Pause.<\/p>\n<p>6. Je me couche, et je m'endors ;<br \/>\nJe me r\u00e9veille, car l'\u00c9ternel est mon soutien.<\/p>\n<p>7. Je ne crains pas les myriades de peuples<br \/>\nQui m'assi\u00e8gent de toutes parts.<\/p>\n<p>8. L\u00e8ve-toi, \u00c9ternel ! Sauve-moi, mon Dieu !<br \/>\nCar tu frappes \u00e0 la joue tous mes ennemis,<br \/>\nTu brises les dents des m\u00e9chants.<\/p>\n<p>9. Le salut est aupr\u00e8s de l'\u00c9ternel :<br \/>\nQue ta b\u00e9n\u00e9diction soit sur ton peuple ! Pause.<\/p>\n<h4><span id=\"Traduction_litterale\"><a name=\"TOC-Traduction-litt-rale-10-\"><\/a>Traduction litt\u00e9rale<\/span><\/h4>\n<p><sup><a href=\"#_ftn10\" name=\"_ftnref10\">Note [10]<\/a><\/sup><\/p>\n<p>1. Pri\u00e8re de DVD<a name=\"_Ref308386794\"><\/a><sup><a href=\"#_ftn11\" name=\"_ftnref11\">[11]<\/a><\/sup>,<br \/>\nau cours de sa fuite face \u00e0 'BSLVM<sup><a href=\"#_ftn12\" name=\"_ftnref12\">[12]<\/a><\/sup>,<br \/>\nson serviteur (instructeur).<\/p>\n<p>2. YHVH,<br \/>\npourquoi [sont] nombreux mes oppresseurs,<br \/>\nbeaucoup se l\u00e8vent contre moi.<\/p>\n<p>3. Beaucoup affirment \u00e0 mon sujet,<br \/>\npas d'aide pour lui avec Elohim,<br \/>\npour toujours.<\/p>\n<p>4. Or toi YHVH, [tu es] un bouclier pour moi,<br \/>\nma gloire qui rel\u00e8ve ma t\u00eate (esprit, conscience).<\/p>\n<p>5. Ma voix vers YHVH, j'appellerai.<br \/>\nIl a tenu compte de moi<br \/>\n\u00e0 cause de sa montagne sacr\u00e9e (Tsiyon ou Sion, la grandeur du c\u0153ur {R+C}),<br \/>\npour toujours.<\/p>\n<p>6. Moi je suis tomb\u00e9 et je dormais,<br \/>\nje me suis r\u00e9veill\u00e9 car YHVH m'a soutenu.<\/p>\n<p>7. Je ne suis pas effray\u00e9 par l'abondance des personnes<br \/>\nqui tout autour se tiennent contre moi.<\/p>\n<p>8. Elle soulevait, YHVH, d\u00e9livre-moi, Eloha (force) de moi,<br \/>\ncar j'ai \u00e9t\u00e9 frapp\u00e9 par tous mes ennemis,<br \/>\n[par] une m\u00e2choire enrag\u00e9e (de haine et assoiff\u00e9e de sang)<br \/>\n[par] des m\u00e9chants (criminels),<br \/>\nElle (Eloha) a \u00e9t\u00e9 bless\u00e9e (bris\u00e9).<\/p>\n<p>9. Avec YHVH,<br \/>\nla d\u00e9livrance du fardeau de ton peuple (communaut\u00e9, famille)<br \/>\n[est] ta b\u00e9n\u00e9diction, pour toujours.<\/p>\n<p><em>Ainsi la b\u00e9n\u00e9diction est la d\u00e9livrance de l'oppression.<\/em><\/p>\n<h4><span id=\"Traduction_mot-a-mot\"><a name=\"TOC-Traduction-mot---mot\"><\/a>Traduction mot-\u00e0-mot<\/span><\/h4>\n<p><img decoding=\"async\" class=\"aligncenter size-full wp-image-1077\" src=\"https:\/\/asherhaimhalevi.ordisoftware.com\/wp-content\/uploads\/2021\/04\/Psaume-3.png\" alt=\"\" width=\"600\" height=\"1750\" srcset=\"https:\/\/asherhaimhalevi.ordisoftware.com\/wp-content\/uploads\/2021\/04\/Psaume-3.png 600w, https:\/\/asherhaimhalevi.ordisoftware.com\/wp-content\/uploads\/2021\/04\/Psaume-3-103x300.png 103w, https:\/\/asherhaimhalevi.ordisoftware.com\/wp-content\/uploads\/2021\/04\/Psaume-3-351x1024.png 351w, https:\/\/asherhaimhalevi.ordisoftware.com\/wp-content\/uploads\/2021\/04\/Psaume-3-69x200.png 69w, https:\/\/asherhaimhalevi.ordisoftware.com\/wp-content\/uploads\/2021\/04\/Psaume-3-527x1536.png 527w, https:\/\/asherhaimhalevi.ordisoftware.com\/wp-content\/uploads\/2021\/04\/Psaume-3-51x150.png 51w, https:\/\/asherhaimhalevi.ordisoftware.com\/wp-content\/uploads\/2021\/04\/Psaume-3-400x1167.png 400w\" sizes=\"(max-width: 600px) 100vw, 600px\" \/><\/p>\n<h4><span id=\"Commentaire\"><a name=\"TOC-Commentaire\"><\/a>Commentaire<\/span><\/h4>\n<p>La premi\u00e8re traduction est fausse, car elle n'a aucun sens.<\/p>\n<p>Mizmor a le sens de pri\u00e8re d'appel, de chant, de po\u00e8me et de m\u00e9lodie.<\/p>\n<p>David est celui qui a re\u00e7u le don de la Torah.<\/p>\n<p>Absalom, qui veut dire \"p\u00e8re de paix\", peut se lire Alef-Bet-Shalom o\u00f9 :<\/p>\n<ul>\n<li>Alef est la premi\u00e8re personne du futur,<\/li>\n<li>Bet est la pr\u00e9position avec,<\/li>\n<li>Shalom est la paix du calme serein i.e. \u00eatre heureux<\/li>\n<\/ul>\n<p>Nous obtenons donc le sens suivant : \"je [serais, existerais] avec joie\".<\/p>\n<p>Le verbe Bara'h correspond au d\u00e9part pr\u00e9cipit\u00e9 avec h\u00e2te de la sortie de Misra\u00efm.<\/p>\n<p>Ainsi, c'est la joie du vivre qui enseigne \u00e0 l'\u00eatre humain la plus importante des choses.<\/p>\n<p>Le <i>verset 8<\/i> y est la pri\u00e8re de gens ignorants, na\u00effs, stupides, imb\u00e9ciles ou m\u00e9chants, car quelqu'un qui prie, entour\u00e9 de ses ennemis, pour qu'une force divine leur casse les dents, n'est ni irrationnel ni rationnel, c'est absurde et illogique, et ce n'est pas cela qui va les arr\u00eater ; ce n'est pas \u00e7a la foi.<\/p>\n<p>Songer \u00e0 cette pens\u00e9e enfreint m\u00eame la directive indiqu\u00e9e en <i>Vayiqra (L\u00e9vitique) 19.18<\/i>, car la rancune am\u00e8ne \u00e0 m\u00e9priser et la vengeance am\u00e8ne aux crimes :<\/p>\n<p>\"Tu ne te vengeras pas et tu ne garderas pas de rancune contre les enfants de ton peuple. Tu aimeras ton prochain comme toi-m\u00eame [y compris les \u00e9trangers]. Je suis HaShem [qui t'as ordonn\u00e9 de ne pas tuer et de ne pas convoiter]\".<\/p>\n<p>Ainsi que le commandement en <i>Sh\u00e9mot (Exode) 12.49<\/i>, car tous les \u00eatres humains naissent libres et \u00e9gaux en droits :<\/p>\n<p>\"La m\u00eame loi existera pour l'indig\u00e8ne (le citoyen du peuple de la Doctrine) comme pour l'\u00e9tranger (\u00e0 la Doctrine) qui r\u00e9side au milieu de vous\".<\/p>\n<p>Mais prier pour comprendre les lois et pour se motiver \u00e0 la d\u00e9livrance, parce que des ennemis sont tels des chiens enrag\u00e9s qui mordent, vampirisent et mutilent, et avoir la foi en quelque chose transcendant les pens\u00e9es, les \u00e9motions et les efforts humains, bien que non rationnel et irrationnel, proc\u00e8de d'une certaine logique qui ne rel\u00e8ve pas de la sorcellerie mais de l'alchimie.<\/p>\n<p>Ce n'est pas Dieu qui casse les dents des m\u00e9chants, ce n'est pas ce qui est \u00e9crit dans le texte original, ce n'est ni l'ordre des mots ni le temps des verbes.<\/p>\n<p>Il est \u00e9crit l'inverse qui a \u00e9t\u00e9 invers\u00e9 par des traducteurs et des \u00e9diteurs.<\/p>\n<p>Il est constatable par les faits et par la connaissance m\u00e9dicale, qu'en r\u00e9alit\u00e9, ce sont les accidents et les agressions physiques, aid\u00e9s de certains praticiens m\u00e9dicaux (docteurs m\u00e9decins, dentistes ou autres) qui rendent malades et qui cassent les dents, voire la colonne vert\u00e9brale, ou pire, mais ils ne le disent pas, et on ne le sait pas, et on fait confiance aux autorit\u00e9s qui sont le pouvoir humain qui \"repr\u00e9sente\" celui de \"Dieu\" dans un groupe, dans un pays, ainsi que sur la plan\u00e8te lorsqu'une mondialisation a lieu.<\/p>\n<p><i>Plutarque<\/i> a exprim\u00e9 ce concept, toutefois relatif, lorsque l'art de soigner est mal utilis\u00e9e, de la mani\u00e8re suivante : \"La m\u00e9decine fait mourir plus longtemps\".<\/p>\n<p>Lorsqu'on demande aux responsables qui font imprimer les livres pourquoi il existe une telle diff\u00e9rence entre ce qu'un nouveau venu en \u00e9tude peut constater entre les textes originaux et les traductions, il est g\u00e9n\u00e9ralement r\u00e9pondu que ces livres parlent d'histoires pass\u00e9es, ainsi que de personnages et de lieux incontestables, que telle est la tradition mise au point au cours des \u00e2ges par des groupes de r\u00e9flexion ayant autorit\u00e9 et que c'est cela qu'il faut consid\u00e9rer : le bavardage confusionnel et les imaginations au sujet de ces choses.<\/p>\n<p>Puis on refuse de discuter et on demande de \"croire\" que telle est la parole r\u00e9v\u00e9l\u00e9e d'un Dieu en r\u00e9alit\u00e9 invent\u00e9 : on dit que la Terre est plate et que c'est comme \u00e7a qu'on a d\u00e9cid\u00e9 que cela devait \u00eatre, m\u00eame si leurs outils de mesure d\u00e9montrent qu'elle est ronde\u00a0; concluant par le fait qu'au sein d'un groupe, c'est la d\u00e9mocratie des dirigeants qui r\u00e8gne et non le droit de la Loi consid\u00e9r\u00e9e comme du d\u00e9tritus vis-\u00e0-vis du pouvoir de la volont\u00e9 humaine.<\/p>\n<p>Et si on ne croit pas ces mensonges, alors on est exclu du groupe, on n'existe pas \u00e0 ses yeux, on est m\u00e9pris\u00e9 et ainsi condamn\u00e9 \u00e0 mort.<\/p>\n<p>Puis pour justifier les actes du groupe, il est affirm\u00e9 que le texte sacr\u00e9 est une histoire archa\u00efque qui n'a plus lieu d'\u00eatre valable et que ce qui importe est la politique administrative actuelle, le rite et le culte, que ceux-ci soient religieux ou la\u00efques, que ceux-ci soient v\u00e9ritable et justes ou usurpateurs et injustes.<\/p>\n<p>Quelques rares fois, on dit que le mensonge est mis au point comme rempart pour prot\u00e9ger la Loi elle-m\u00eame alors que la Loi est sa propre protection et que c'est son ignorance et son rejet qui est la source du mal et des crimes.<\/p>\n<p>Mettre un rempart devant la Torah, c'est l'expliquer, avec son aide, et pas avec l'aide de mensonges : tel est le r\u00f4le de la loi orale.<\/p>\n<p><i>B\u00e9r\u00e9shit 15.12<\/i> \"Au coucher du soleil, un profond sommeil tomba sur Abram. Et voici, une frayeur et une grande obscurit\u00e9 vinrent l'assaillir. Et l'\u00c9ternel dit \u00e0 Abram : \"sache que tes descendants seront \u00e9trangers dans un pays qui ne sera pas \u00e0 eux, ils y seront asservis et on les opprimera pendant quatre cents ans. Mais je jugerai la nation \u00e0 laquelle ils seront asservis et ils sortiront ensuite avec de grandes richesses. Toi, tu iras en paix vers tes p\u00e8res, tu seras enterr\u00e9 apr\u00e8s une heureuse vieillesse.\"\"<i>Sh\u00e9mot 15.26<\/i> \"Il (Mosh\u00e9) dit : \"si tu \u00e9coutes attentivement la voix de HaShem ton Elohim et si tu fais ce qui est droit \u00e0 ses yeux, si tu \u00e9coutes ses commandements (le but) et si tu observes toutes ses prescriptions (le moyen), toute la maladie (faiblesse, affliction) que j'ai plac\u00e9 dans l'\u00c9gypte, je (Mosh\u00e9) ne [la] placerai pas sur toi\", car moi HaShem te gu\u00e9rit [de l'ignorance et de la m\u00e9chancet\u00e9 gr\u00e2ce \u00e0 la Doctrine].\"<\/p>\n<p><i>Sh\u00e9mot 22.21 \u00e0 24<\/i> \"Tu ne maltraiteras pas l'\u00e9tranger et tu ne l'opprimeras pas car vous avez \u00e9t\u00e9 \u00e9trangers dans le pays d'\u00c9gypte. Tu n'affligeras pas la veuve, ni l'orphelin. Si tu les affliges, et qu'ils viennent \u00e0 moi, j'entendrai leurs cris : ma col\u00e8re s'enflammera et je vous d\u00e9truirai par l'\u00e9p\u00e9e (le verbe lapidaire), vos femmes deviendront veuves et vos enfants orphelins.\"<sup><a href=\"#_ftn13\" name=\"_ftnref13\">[13]<\/a><\/sup><\/p>\n<p><i>Sh\u00e9mot 23.1 \u00e0 3<\/i> \"Tu ne r\u00e9pandras pas de faux bruit. Tu ne te joindras pas au m\u00e9chant pour faire un faux t\u00e9moignage. Tu ne suivras pas la multitude pour faire le mal et tu ne d\u00e9poseras pas dans un proc\u00e8s en te mettant du c\u00f4t\u00e9 du grand nombre pour faire pencher la justice. Tu ne favoriseras pas le pauvre dans son proc\u00e8s [ni le riche ou le puissant].\"<\/p>\n<p><i>D\u00e9varim 18.9<\/i> \"Quand tu viendras vers le pays que HaShem ton Elohim te donne, tu n'apprendras pas \u00e0 faire comme les abominations de ces nations-l\u00e0.\"<\/p>\n<p><i>T\u00e9hilim 5.5<\/i> \"Car tu n'es pas un Elohim qui prenne plaisir au mal.\"<\/p>\n<p><i>T\u00e9hilim 58.7<\/i> \"Elohim est d\u00e9vast\u00e9 [par] leurs dents [de] leurs bouches (les paroles et les actes [des m\u00e9chant]). Ils le m\u00e9prisent. Les cit\u00e9s d\u00e9molissent HaShem.\"<\/p>\n<p><i>T\u00e9hilim 94.3<\/i> \"Combien de temps les m\u00e9chants [contre] l'\u00c9ternel, combien de temps les m\u00e9chants ont-ils triomph\u00e9 [avant de perdre (sur le long terme, comme des mauvais joueurs qui ne respectent pas les r\u00e8gles)] ?\"<\/p>\n<hr style=\"margin-bottom: 0px;\" \/>\n<table style=\"width: 100%; text-align: left; margin: 5px auto 5px auto;\" border=\"0\" cellspacing=\"1\" cellpadding=\"1\">\n<tbody align=\"justify\">\n<tr>\n<td style=\"width: 20%;\"><span style=\"font-size: Normal;\"><a href=\"https:\/\/asherhaimhalevi.ordisoftware.com\/works\/the-religious-problem\/chapter-1\/\">Pr\u00e9c\u00e9dent<\/a><\/span><\/td>\n<td style=\"text-align: center;\"><span style=\"font-size: Normal;\"><a href=\"https:\/\/asherhaimhalevi.ordisoftware.com\/works\/the-religious-problem\/#tableofcontent\">Sommaire<\/a><\/span><\/td>\n<td style=\"width: 20%; text-align: right;\"><span style=\"font-size: Normal;\"><a href=\"https:\/\/asherhaimhalevi.ordisoftware.com\/works\/the-religious-problem\/chapter-3\/\">Suivant<\/a><\/span><\/td>\n<\/tr>\n<\/tbody>\n<\/table>\n<hr style=\"margin-top: 0px;\" \/>\n<p><sup><a title=\"\" href=\"#_ftnref1\" name=\"_ftn1\">[1]<\/a><\/sup><br \/>\n<sup><a href=\"https:\/\/fr.wikipedia.org\/wiki\/Sefer_Torah\" target=\"_blank\" rel=\"nofollow noopener\">fr.wikipedia.org\/wiki\/Sefer_Torah<\/a><\/sup><br \/>\n<sup><a href=\"http:\/\/fr.wikipedia.org\/wiki\/Traductions_de_la_Bible\" target=\"_blank\" rel=\"nofollow noopener\">fr.wikipedia.org\/wiki\/Traductions_de_la_Bible<\/a><\/sup><br \/>\n<sup><a href=\"http:\/\/www.internationalpublishers.org\" target=\"_blank\" rel=\"nofollow noopener\"> www.internationalpublishers.org<\/a><\/sup><\/p>\n<p><sup><a title=\"\" href=\"#_ftnref2\" name=\"_ftn2\">[2]<\/a> Toute ligne de communication humaine contient plus ou moins une proportion de ces deux choses, y compris cet ouvrage et Wikip\u00e9dia.<\/sup><\/p>\n<p><sup><a title=\"\" href=\"#_ftnref3\" name=\"_ftn3\">[3]<\/a> La\u00efcit\u00e9: gestion des affaires d'un pays et d'un peuple par des la\u00efcs qui se s\u00e9parent du clerg\u00e9 majoritaire et qui commandent aux religions accr\u00e9dit\u00e9es.<\/sup><\/p>\n<p><sup><a title=\"\" href=\"#_ftnref4\" name=\"_ftn4\">[4]<\/a><\/sup><br \/>\n<sup><a href=\"http:\/\/fr.wikipedia.org\/wiki\/Psychiatrie\" target=\"_blank\" rel=\"nofollow noopener\">fr.wikipedia.org\/wiki\/Psychiatrie<\/a><\/sup><br \/>\n<sup><a href=\"https:\/\/fr.wikipedia.org\/wiki\/Antipsychiatrie\" target=\"_blank\" rel=\"nofollow noopener\">fr.wikipedia.org\/wiki\/Antipsychiatrie<\/a><\/sup><\/p>\n<p><sup><a title=\"\" href=\"#_ftnref5\" name=\"_ftn5\">[5]<\/a><\/sup><br \/>\n<sup><a href=\"http:\/\/www.plosone.org\/article\/info:doi\/10.1371\/journal.pone.0000364\" target=\"_blank\" rel=\"nofollow noopener\">www.plosone.org\/article\/info:doi\/10.1371\/journal.pone.0000364<\/a><\/sup><br \/>\n<sup><a href=\"http:\/\/www.cell.com\/abstract\/S0092-8674(11)00590-3\" target=\"_blank\" rel=\"nofollow noopener\"> www.cell.com\/abstract\/S0092-8674(11)00590-3<\/a><\/sup><br \/>\n<sup><a href=\"http:\/\/www.upenn.edu\/pennnews\/news\/penn-medicine-study-shows-moms-may-pass-effects-stress-offspring-vaginal-bacteria-and-placenta\" target=\"_blank\" rel=\"nofollow noopener\">www.upenn.edu\/pennnews\/news\/penn-medicine-study-shows-moms-may-pass-effects-stress-offspring-vaginal-bacteria-and-placenta<\/a><\/sup><\/p>\n<p><sup><a title=\"\" href=\"#_ftnref6\" name=\"_ftn6\">[6]<\/a><\/sup><br \/>\n<sup><a href=\"http:\/\/www.who.int\/mental_health\/mhgap\/evidence\/dementia\/q3\/fr\/\" target=\"_blank\" rel=\"nofollow noopener\">www.who.int\/mental_health\/mhgap\/evidence\/dementia\/q3\/fr\/<\/a><\/sup><br \/>\n<sup><a href=\"https:\/\/courts.arkansas.gov\/content\/12-1058\" target=\"_blank\" rel=\"nofollow noopener\"> courts.arkansas.gov\/content\/12-1058<\/a><\/sup><br \/>\n<sup><a href=\"http:\/\/articles.latimes.com\/2012\/apr\/11\/nation\/la-na-nn-risperdal-arkansas-20120411\" target=\"_blank\" rel=\"nofollow noopener\"> articles.latimes.com\/2012\/apr\/11\/nation\/la-na-nn-risperdal-arkansas-20120411<\/a><\/sup><br \/>\n<sup><a href=\"http:\/\/www.reuters.com\/article\/2013\/11\/04\/us-jnj-settlement-idUSBRE9A30MM20131104\" target=\"_blank\" rel=\"nofollow noopener\"> www.reuters.com\/article\/2013\/11\/04\/us-jnj-settlement-idUSBRE9A30MM20131104<\/a><\/sup><br \/>\n<sup><a href=\"http:\/\/www.agoravox.fr\/actualites\/sante\/article\/le-point-sur-le-risperdal-108787\" target=\"_blank\" rel=\"nofollow noopener\">www.agoravox.fr\/actualites\/sante\/article\/le-point-sur-le-risperdal-108787<\/a><\/sup><br \/>\n<sup><a href=\"http:\/\/www.lexisnexis.com\/legalnewsroom\/litigation\/b\/litigation-blog\/archive\/2014\/03\/21\/arkansas-high-court-reverses-1-2b-risperdal-verdict-for-state-law-violations.aspx\" target=\"_blank\" rel=\"nofollow noopener\"> http:\/\/www.lexisnexis.com\/legalnewsroom\/litigation\/b\/litigation-blog\/archive\/2014\/03\/21\/arkansas-high-court-reverses-1-2b-risperdal-verdict-for-state-law-violations.aspx<\/a><\/sup><br \/>\n<sup><a href=\"http:\/\/www.amazon.fr\/Crazy-Rich-Scandal-Tragedy-Johnson\/dp\/0312662114\" target=\"_blank\" rel=\"nofollow noopener\"> www.amazon.fr\/Crazy-Rich-Scandal-Tragedy-Johnson\/dp\/0312662114<\/a><\/sup><br \/>\n<sup><a href=\"http:\/\/fr.wikipedia.org\/wiki\/%C3%89lectroconvulsivoth%C3%A9rapie\" target=\"_blank\" rel=\"nofollow noopener\"> fr.wikipedia.org\/wiki\/\u00c9lectroconvulsivoth\u00e9rapie<\/a><\/sup><br \/>\n<sup><a href=\"http:\/\/fr.wikipedia.org\/wiki\/M%C3%A9dicament_psychotrope\" target=\"_blank\" rel=\"nofollow noopener\"> fr.wikipedia.org\/wiki\/M\u00e9dicament_psychotrope<\/a><\/sup><br \/>\n<sup><a href=\"http:\/\/fr.wikipedia.org\/wiki\/Neuroleptique\" target=\"_blank\" rel=\"nofollow noopener\"> fr.wikipedia.org\/wiki\/Neuroleptique <\/a><\/sup><br \/>\n<sup><a href=\"http:\/\/fr.wikipedia.org\/wiki\/Ph%C3%A9nothiazine\" target=\"_blank\" rel=\"nofollow noopener\"> fr.wikipedia.org\/wiki\/Ph\u00e9nothiazine<\/a><\/sup><br \/>\n<sup><a href=\"http:\/\/fr.wikipedia.org\/wiki\/Iatrog%C3%A8ne\" target=\"_blank\" rel=\"nofollow noopener\"> fr.wikipedia.org\/wiki\/Iatrog\u00e8ne<\/a><\/sup><br \/>\n<sup><a href=\"http:\/\/link.springer.com\/article\/10.1007%2Fs00221-015-4391-9\" target=\"_blank\" rel=\"nofollow noopener\">link.springer.com\/article\/10.1007%2Fs00221-015-4391-9<\/a><\/sup><br \/>\n<sup><a href=\"http:\/\/www.drugdetox.org\/druginfo\/Antipsychotics.php\" target=\"_blank\" rel=\"nofollow noopener\">www.drugdetox.org\/druginfo\/Antipsychotics.php<\/a><\/sup><\/p>\n<p><sup><a title=\"\" href=\"#_ftnref7\" name=\"_ftn7\">[7]<\/a> Chose se produisant peu avec la Torah et beaucoup avec les \u00c9vangiles.<\/sup><\/p>\n<p><sup><a title=\"\" href=\"#_ftnref8\" name=\"_ftn8\">[8]<\/a> Le mauvais regard que l'on porte sur l'environnement, sur les choses et sur les gens.<\/sup><\/p>\n<p><sup><a title=\"\" href=\"#_ftnref9\" name=\"_ftn9\">[9]<\/a> Les versets cit\u00e9s dans cet ouvrage proviennent de la traduction libre de droits effectu\u00e9e par Louis Segond et\/ou de la transcription litt\u00e9rale depuis l'h\u00e9breu. L'auteur a parfois adapt\u00e9 les phrases mais cela demande un travail consid\u00e9rable. Il a quelquefois fournit le tableau d'une tentative de traduction mot-\u00e0-mot et il esp\u00e8re avoir fait le moins d'erreurs possibles \u00e9tant donn\u00e9 qu'il n'est que d\u00e9butant et qu'il \u00e9tudie \u00e0 l'aide de livres et de conf\u00e9rences.<\/sup><br \/>\n<sup>- Diff\u00e9rentes versions de la Bible : <a href=\"http:\/\/studybible.info\/version\" target=\"_blank\" rel=\"nofollow noopener\">studybible.info\/version<\/a><\/sup><br \/>\n<sup>- Ancien testament mot-\u00e0 mot h\u00e9breu-anglais : <a href=\"http:\/\/studybible.info\/IHOT\/Psalms%203\" target=\"_blank\" rel=\"nofollow noopener\">studybible.info\/IHOT<\/a><\/sup><br \/>\n<sup>- Nouveau testament mot-\u00e0-motgrec-anglais : <a href=\"http:\/\/studybible.info\/IGNT\" target=\"_blank\" rel=\"nofollow noopener\">studybible.info\/IGNT<\/a><\/sup><br \/>\n<sup>- Ancien testament mot-\u00e0 mot grec : <a href=\"http:\/\/studybible.info\/LXX_WH\" target=\"_blank\" rel=\"nofollow noopener\">studybible.info\/LXX_WH<\/a><\/sup><br \/>\n<sup>- Quran mot-\u00e0-mot multilingue:<a href=\"http:\/\/www.bayt-al-hikma.com\" target=\"_blank\" rel=\"nofollow noopener\">www.bayt-al-hikma.com<\/a><\/sup><br \/>\n<sup>- Lecture en h\u00e9breu de la Bible: <a href=\"http:\/\/www.mechon-mamre.org\/p\/pt\/ptmp3prq.htm\" target=\"_blank\" rel=\"nofollow noopener\">www.mechon-mamre.org\/p\/pt\/ptmp3prq.htm<\/a><\/sup><br \/>\n<sup>- Dictionnaire des racines h\u00e9bra\u00efques : <a href=\"http:\/\/shorashon.free.fr\" target=\"_blank\" rel=\"nofollow noopener\">shorashon.free.fr<\/a><\/sup><br \/>\n<sup>- Lexique H\u00e9breu et Grec:<a href=\"http:\/\/www.lexique-biblique.com\" target=\"_blank\" rel=\"nofollow noopener\">www.lexique-biblique.com<\/a><\/sup><br \/>\n<sup>- Dictionnaire Grec : <a href=\"http:\/\/fr.wiktionary.org\" target=\"_blank\" rel=\"nofollow noopener\">fr.wiktionary.org<\/a> et <a href=\"http:\/\/en.wiktionary.org\" target=\"_blank\" rel=\"nofollow noopener\">en.wiktionary.org<\/a><\/sup><br \/>\n<sup>- Fontes TrueType h\u00e9breu et grec : <a href=\"http:\/\/www.wingreek.com\" target=\"_blank\" rel=\"nofollow noopener\">www.wingreek.com<\/a><\/sup><\/p>\n<p><sup><a title=\"\" href=\"#_ftnref10\" name=\"_ftn10\">[10]<\/a> L'auteur utilise les conventions suivantes de r\u00e9daction:<\/sup><br \/>\n<sup>- Les mots ou expressions synonymes sont indiqu\u00e9es entre parenth\u00e8ses ().<\/sup><br \/>\n<sup>- Les mots ou expressions suppos\u00e9es manquantes sont indiqu\u00e9es entre crochets [].<\/sup><br \/>\n<sup>- Les explications, d\u00e9tails et variantes sont indiqu\u00e9es entre accolades {}.<\/sup><\/p>\n<p><sup><a title=\"\" href=\"#_ftnref11\" name=\"_ftn11\">[11]<\/a> Dictionnaire: celui qui aime la vie, l'amoureux, l'affectueux - ou: celui est aim\u00e9.<\/sup><br \/>\n<sup>Litt\u00e9ral: il a \u00e9t\u00e9 en effervescence.<\/sup><br \/>\n<sup>Lettrique : \u00e9tudiant qui communique dans l'\u00e9tude - ou: observation du flux \u00e9v\u00e8nementiel.<\/sup><\/p>\n<p><sup><a title=\"\" href=\"#_ftnref12\" name=\"_ftn12\">[12]<\/a> Ma\u00eetre du temple de la force vitale qui \u00e9l\u00e8ve la lumi\u00e8re par la formation.<\/sup><\/p>\n<p><sup><a title=\"\" href=\"#_ftnref13\" name=\"_ftn13\">[13]<\/a> Lorsqu'on afflige et lorsqu'on opprime, on r\u00e9colte aussi logiquement qu'in\u00e9luctablement des ennuis puisqu'on en a injustement caus\u00e9 \u00e0 ceux qui ne le m\u00e9ritent pas tout comme lorsqu'on l\u00e2che un objet il tombe par terre du fait de la force de gravitation - c'est m\u00e9canique.<\/sup><\/p>\n<\/p>","protected":false},"excerpt":{"rendered":"<p>Chapitre \"Le probl\u00e8me linguistique\" du livre \"Le probl\u00e8me religieux\". <\/p>\n<p><span style=\"color:#333\"> &rarr; <a href=\"https:\/\/asherhaimhalevi.ordisoftware.com\/works\/the-religious-problem\/chapter-2\/\">Lire la suite<\/a><\/span><\/p>\n","protected":false},"author":1,"featured_media":0,"parent":155,"menu_order":30,"comment_status":"closed","ping_status":"closed","template":"","meta":[],"_links":{"self":[{"href":"https:\/\/asherhaimhalevi.ordisoftware.com\/wp-json\/wp\/v2\/pages\/427"}],"collection":[{"href":"https:\/\/asherhaimhalevi.ordisoftware.com\/wp-json\/wp\/v2\/pages"}],"about":[{"href":"https:\/\/asherhaimhalevi.ordisoftware.com\/wp-json\/wp\/v2\/types\/page"}],"author":[{"embeddable":true,"href":"https:\/\/asherhaimhalevi.ordisoftware.com\/wp-json\/wp\/v2\/users\/1"}],"replies":[{"embeddable":true,"href":"https:\/\/asherhaimhalevi.ordisoftware.com\/wp-json\/wp\/v2\/comments?post=427"}],"version-history":[{"count":0,"href":"https:\/\/asherhaimhalevi.ordisoftware.com\/wp-json\/wp\/v2\/pages\/427\/revisions"}],"up":[{"embeddable":true,"href":"https:\/\/asherhaimhalevi.ordisoftware.com\/wp-json\/wp\/v2\/pages\/155"}],"wp:attachment":[{"href":"https:\/\/asherhaimhalevi.ordisoftware.com\/wp-json\/wp\/v2\/media?parent=427"}],"curies":[{"name":"wp","href":"https:\/\/api.w.org\/{rel}","templated":true}]}}