{"id":429,"date":"2021-04-01T08:16:12","date_gmt":"2021-04-01T06:16:12","guid":{"rendered":"https:\/\/asherhaimhalevi.ordisoftware.com\/?page_id=429"},"modified":"2021-07-08T10:40:55","modified_gmt":"2021-07-08T08:40:55","slug":"conclusion","status":"publish","type":"page","link":"https:\/\/asherhaimhalevi.ordisoftware.com\/works\/the-religious-problem\/conclusion\/","title":{"rendered":"Conclusion"},"content":{"rendered":"<p style=\"margin-bottom:25px;\"><div style=\"margin-top: 15px;\" id=\"toc_container\" class=\"no_bullets\"><ul class=\"toc_list\"><li><a href=\"#Quest_Dieu\">Qu'est Dieu ?<\/a><\/li><li><a href=\"#Quest_la_Torah\">Qu'est la Torah<\/a><\/li><li><a href=\"#La_vie_et_le_vivre\">La vie et le vivre<\/a><\/li><li><a href=\"#Des_langages_et_des_jeux\">Des langages et des jeux<\/a><\/li><li><a href=\"#Des_humains_et_des_problemes\">Des humains et des probl\u00e8mes<\/a><\/li><li><a href=\"#Le_temple_du_corps\">Le temple du corps<\/a><\/li><li><a href=\"#La_sante_physique_et_mentale\">La sant\u00e9 physique et mentale<\/a><\/li><li><a href=\"#Les_camps_humains\">Les camps humains<\/a><\/li><li><a href=\"#La_direction_des_peuples\">La direction des peuples<\/a><\/li><li><a href=\"#La_force_de_la_verite\">La force de la v\u00e9rit\u00e9<\/a><\/li><li><a href=\"#Le_pouvoir_de_la_Torah\">Le pouvoir de la Torah<\/a><\/li><li><a href=\"#Levolution_de_la_conscience\">L'\u00e9volution de la conscience<\/a><\/li><\/ul><\/div>\n<h3><span id=\"Quest_Dieu\">Qu'est Dieu ?<\/span><\/h3>\n<p>Les choses pr\u00e9sent\u00e9es dans cet ouvrage peuvent \u00eatre en r\u00e9alit\u00e9 vraies ou fausses, tout comme \u00eatre vraies ou fausses pour le lecteur.<\/p>\n<p>Plus exactement et malgr\u00e9 les incertitudes et les erreurs probables, l'auteur a propos\u00e9 quelques r\u00e9flexions sur l'univers et sur la vie, ainsi qu'une m\u00e9thode permettant de poser un point de vue original sur l'\u00c9criture h\u00e9bra\u00efque qui est la source des diverses et nombreuses religions et sectes abrahamiques, et donc de notre civilisation mondiale, puisque par exemple, en France soixante pourcent des gens sont chr\u00e9tiens et aux \u00c9tats-Unis tout t\u00e9moignage en justice requiert de jurer sur la Bible de dire la v\u00e9rit\u00e9.<\/p>\n<p>La plupart des th\u00e8mes majeurs de la religion ont \u00e9t\u00e9 abord\u00e9s \u00e0 l'exception des r\u00eaves et de leurs significations, car bien que l'on ne puisse pas survivre sans dormir, ce sujet est aussi vaste que complexe et douteux. Toutes les formes de r\u00eaves, inconscients au cours du sommeil ou conscients au cours de l'imagination, sont des moyens de manipuler les \u00e9motions afin de modifier l'action du mental et donc la destin\u00e9e : ce sont des moyens de contr\u00f4le et de planification de la joie et de la m\u00e9lancolie, et toutes les formes d'art reposent sur cela.<\/p>\n<p>L'expos\u00e9 sur les lettres h\u00e9bra\u00efques des chromosomes vivants a mis en \u00e9vidence le probl\u00e8me linguistique sur lequel sont construites les organisations humaines en fonction des traductions, des interpr\u00e9tations, des alt\u00e9rations, des falsifications, des opinions, des pouvoirs et des luttes rationnelles comme irrationnelles.<\/p>\n<p>Discerner le vrai du faux et le bien du mal n'est pas facile. Tout le monde m\u00e9rite de connaitre la v\u00e9rit\u00e9 sur la vie et personne ne m\u00e9rite de subir de la souffrance.<\/p>\n<p>La seule r\u00e9compense de l'\u00e9tude est soi-m\u00eame :<\/p>\n<p>B\u00e9r\u00e9shit 12.1 \"Vas pour toi {et non pour un ma\u00eetre ou une idole}\".<\/p>\n<p>Connaitre la nature du corps humain et les bases de la m\u00e9decine est primordial ; car en simplifi\u00e9, le corps, c'est l'\u00e2me, puisque \"l'\u00e2me de la chair est dans le sang\".<\/p>\n<p>Le corps, l'\u00e2me et l'esprit, ou toute autre dichotomie de ces choses que sont le syst\u00e8me locomoteur et organique, les fluides et le syst\u00e8me nerveux, sont comme une seule et m\u00eame chose : l'individu, l'entit\u00e9 vivante. Cette chose est la personne, c'est-\u00e0-dire l'\u00eatre humain lui-m\u00eame en tant qu'unit\u00e9 consciente de son existence \u00e9voluant et agissant \u00e0 travers l'espace de la mati\u00e8re-\u00e9nergie qui se d\u00e9place gr\u00e2ce \u00e0 E = mc\u00b2.<\/p>\n<p>La source de cette chose nomm\u00e9 homo sapiens en ce qui nous concerne est l'ADN directeur que sont les 22 paires de chromosomes associ\u00e9s \u00e0 une paire m\u00e2le ou femelle, plus l'ADN des mitochondries et des symbiote, compos\u00e9s de g\u00e8nes servant \u00e0 fabriquer les ARN qui assemblent des acides amin\u00e9s en prot\u00e9ines qui composent et animent les cellules et donc les tissus et les organes, y compris les \u00e9motions et les pens\u00e9es \u00e0 l'image d'un ordinateur qui est constitu\u00e9 d'une carcasse ou syst\u00e8me locomoteur, d'un microprocesseur et d'une m\u00e9moire ou syst\u00e8me nerveux, et de p\u00e9riph\u00e9riques ou organes. Plus pr\u00e9cis\u00e9ment, la science a \u00e9tabli que la m\u00e9moire mettait en jeu des m\u00e9canismes tant chromosomiques que cytoplasmiques au sein de chaque cellule et de chaque organe, en particulier nerveux.<\/p>\n<p>Dieu est ni \"un\", ni \"plusieurs\", ni \"aucun\".<\/p>\n<p>HaShem, les lois du vivant, de Elohim, les lois de l'univers, est indivisible, singulier, unique, omniscient, souverain, intransigeant, impitoyable, vrai et g\u00e9n\u00e9reux : c'est la source de toutes les choses inertes et vivantes qui forment la cr\u00e9ation.<\/p>\n<p>D\u00e9varim 6.4 \"Comprend Isra\u00ebl, HaShem est notre Elohim, HaShem est unique\".<\/p>\n<p>B\u00e9r\u00e9shit 2.7 \"HaShem Elohim forma l'homme, poussi\u00e8re de la terre, il insuffla dans ses narines un souffle de vie, et l'homme fut \u00e2me vivante.\"<\/p>\n<p>B\u00e9r\u00e9shit 3.19 \"\u00c0 la sueur de ton front tu mangeras du pain jusqu'\u00e0 ce que tu retournes \u00e0 la terre car d'elle tu as \u00e9t\u00e9 pris. Car tu es poussi\u00e8re et \u00e0 la poussi\u00e8re tu retourneras.\"<\/p>\n<p>B\u00e9r\u00e9shit 13.16 \"Je ferai ta descendance comme la poussi\u00e8re de la terre. Que si un homme peut compter la poussi\u00e8re de la terre, ta descendance aussi sera compt\u00e9e.\"<\/p>\n<h3><span id=\"Quest_la_Torah\"><a name=\"TOC-Qu-est-la-Torah\"><\/a>Qu'est la Torah<\/span><\/h3>\n<p>La Torah enseigne les choses suivantes :<\/p>\n<ul>\n<li>Tout syst\u00e8me religieux repose sur la m\u00eame science dite spirituelle qui est en r\u00e9alit\u00e9 la science m\u00e9dicale.<\/li>\n<\/ul>\n<ul>\n<li>Le corps et la pens\u00e9e sont une seule et m\u00eame chose : ainsi l'\u00e2me et l'esprit sont l'expression de logiciels g\u00e9n\u00e9tiques fonctionnant de mani\u00e8re symbiotique afin d'animer les donn\u00e9es h\u00e9r\u00e9ditaires.<\/li>\n<\/ul>\n<ul>\n<li>La r\u00e9incarnation et la r\u00e9surrection sont des ph\u00e9nom\u00e8nes li\u00e9s \u00e0 la persistance et \u00e0 la r\u00e9activation d'unit\u00e9s g\u00e9n\u00e9tiques structurelles et fonctionnelles.<\/li>\n<\/ul>\n<ul>\n<li>Le bien et le mal sont les intentions et les actes de bont\u00e9 et de nuisance.<\/li>\n<\/ul>\n<ul>\n<li>L'amour est le fait d'accorder \u00e0 autrui le droit d'exister et c'est faire le contraire de ceux qui travaillent pour la mort.<\/li>\n<\/ul>\n<ul>\n<li>La compassion est l'action d'aider autrui \u00e0 survivre et c'est le travail des vivants.<\/li>\n<\/ul>\n<ul>\n<li>La lumi\u00e8re est le support des mouvements de la communication.<\/li>\n<\/ul>\n<ul>\n<li>L'obscurit\u00e9 est l'absence de communication.<\/li>\n<\/ul>\n<p>Les grands m\u00e9chants ne connaissent pas l'essentiel. Ils ne connaissent pas HaShem Elohim le Cr\u00e9ateur de l'Univers, quoi qu'ils disent \u00e0 Son sujet et quoi qu'ils fassent en Son Nom, car du moment qu'ils portent volontairement atteinte \u00e0 la vie en convoitant, en mentant, en volant et en tuant, ils prouvent qu'ils ne savent pas ce qu'est Dieu.<\/p>\n<p>La philosophie des grands m\u00e9chants est \"soyons assez nombreux \u00e0 mentir et \u00e0 r\u00e9pandre une fausse id\u00e9e et tout le monde aura des doutes \u00e0 ce sujet, certains y croiront et certains n'y croiront pas, et peu importe ceux qui sauront que c'est une arnaque\".<\/p>\n<p>Qui sont les ennemis que l'on rencontre depuis le d\u00e9but de la sortie de Mitsra\u00efm jusqu'en Isra\u00ebl ? Ce sont ceux qui sont sorti et qui \u00e0 divers stades de la lib\u00e9ration d\u00e9cident de ne plus suivre la Torah et qui renoncent ou qui sont aveugl\u00e9s par les pouvoirs qu'elle procure. Ils ne sont pas autre chose que des \u00e9gar\u00e9s qui oublient g\u00e9n\u00e9rations apr\u00e8s g\u00e9n\u00e9rations, malgr\u00e9 les pouvoirs acquis qu'ils perdent avec le temps. Certains qui deviennent des sorciers se disent \"puisque nous avons des pouvoirs, pourquoi ne pas les utiliser pour maintenir le monde sous notre charme, contr\u00f4lons les illusions du mental ignorant\". D'autre qui deviennent des Amal\u00e9kites se disent \"puisque nous avons des pouvoirs, utilisons les pour nous moquer des ignorants et les faire tourner en bourriques\". D'autres qui de viennent des Midianites se disent \"la paix ne nous int\u00e9resse pas, utilisons nos pouvoir pour semer la discorde et amusons nous\". D'autres se prenant pour Qora'h se disent \"les pouvoirs c'est bien, b\u00e9ni doit Dieu de nous les avoir donn\u00e9, mais les lois de Mo\u00efse sont trop contraignantes, nous voulons d\u00e9cider quelles sont nos lois\".<\/p>\n<p>Qu'est-ce qui forme un peuple ? Son esprit. Peu importe que les gens aient tel ou tel pouvoir, telle ou telle capacit\u00e9, tel ou tel g\u00e8ne : le groupe est ce qui instaure la coh\u00e9sion.<br \/>\nJoshua 1.8 \"Ne pas il sera enlev\u00e9e Livre de la Torah. Il 1le Livre] a proph\u00e9tis\u00e9 parole \u00e0 Moi [HaShem] [pour devenir force] \u00e0 toi. Tu auras \u00e9tudi\u00e9 pour Lui [le Livre] jour et nuit. \u00c0 cause de l'amour [du Livre]. Tu observeras [les lois du Livre], travaillant selon tout ce qui a \u00e9t\u00e9 \u00e9crit pour Lui, parce que dans ce cas tu r\u00e9ussiras dans la voie [du Livre] et alors tu comprendras [les perles de sagesse].\"<\/p>\n<p>Matthieu 10.34 \"Ne croyez pas que je sois venu apporter la paix sur la terre ; je ne suis pas venu apporter la paix, mais l'\u00e9p\u00e9e.\"<\/p>\n<p>En effet, pour apporter la paix, il faut faire la guerre au mal, et le seul moyen de vaincre le mal est la connaissance, et pour transmettre le savoir il faut parler ou \u00e9crire, avec la langue ou la plume, et c'est cela l'\u00e9p\u00e9e spirituelle, car c'est elle seule qui apporte la v\u00e9ritable paix de la Loi, pas l'instructeur lui-m\u00eame.<\/p>\n<p>L'intelligence n'a pas d'importance.<\/p>\n<p>L'important c'est de faire ce qui est juste et bon.<\/p>\n<p>Le v\u00e9ritable pouvoir n'est pas de d\u00e9tenir des armes de destruction et de manier des gens, mais d'enseigner les lois et de respecter vie : cela n'a rien \u00e0 voir avec la force physique ou mentale mais avec la bont\u00e9 et avec l'honn\u00eatet\u00e9. Le v\u00e9ritable pouvoir n'est pas de mentir et de faire croire des choses fausses, c'est de r\u00e9parer et de demander de l'aide pour r\u00e9parer les probl\u00e8mes.<\/p>\n<p>Afin de justifier des actes ou des non actes, y compris conduisant \u00e0 la mort ou laissant mourir, beaucoup de gens et de groupes invoquent des int\u00e9r\u00eats sup\u00e9rieurs qu'ils appellent une bonne cause en r\u00e9alit\u00e9 frauduleuse car la seule cause sup\u00e9rieure se trouve dans le travail \u0153uvrant \u00e0 ces choses simples, \u00e9l\u00e9mentaires, fondamentales et essentielles que sont la connaissance, la v\u00e9rit\u00e9, la bont\u00e9, la g\u00e9n\u00e9rosit\u00e9, la bienveillance, la compassion, l'\u00e9quit\u00e9, l'honn\u00eatet\u00e9, la justice, la sant\u00e9, le bien-\u00eatre\u2026<\/p>\n<h3><span id=\"La_vie_et_le_vivre\"><a name=\"TOC-La-vie-et-le-vivre\"><\/a>La vie et le vivre<\/span><\/h3>\n<p>La programmation informatique orient\u00e9e objet nous enseigne que le cycle de vie d'un objet est :<\/p>\n<p>Cr\u00e9er et d\u00e9marrer -&gt; utiliser et changer -&gt; arr\u00eater et d\u00e9truire.<\/p>\n<p>Au-del\u00e0 des objets et des \u00eatres de l'univers, la vie est constitu\u00e9e de choses nomm\u00e9es :<\/p>\n<ul>\n<li>Contr\u00f4le des ensembles de la r\u00e9alit\u00e9 :Ce sont les syst\u00e8mes ou domaines avec des acteurs et des donn\u00e9es ;<\/li>\n<\/ul>\n<ul>\n<li>Connaissance des mouvements affins :Ce sont des activit\u00e9s ou processus avec des programmes et des instructions ;<\/li>\n<\/ul>\n<ul>\n<li>Responsabilit\u00e9 des interactions communicantes :Ce sont des messages ou \u00e9v\u00e8nements avec des buts et des param\u00e8tres.<\/li>\n<\/ul>\n<p>La vie elle-m\u00eame n'est pas ces choses. La vie n'est pas un jeu. Mais vivre consiste \u00e0 avoir des activit\u00e9s et des jeux qui sont des types particuliers d'activit\u00e9s.<\/p>\n<p>L'important au sein d'un groupe est de ne pas faire de mal, d'apprendre \u00e0 ne pas faire de mal et d'enseigner \u00e0 ne pas faire de mal. Car rien ne peut justifier le mal qui est la mort du bien et de la vie. Ceux qui choisissent de travailler pour le bien et pour soutenir la vie sont des gens honn\u00eates et des justes ou tsadikim qu'on appelle les vivants. Ceux qui choisissent de travailler pour le mal et pour causer la mort sont des gens m\u00e9chants et des criminels ou r\u00e9cha\u00efm qu'on appelle la mort. Ceux qui font n'importe quoi, qui ne savent pas comment agir et qui ne ma\u00eetrisent pas leurs bon et mauvais penchants, faisant \u00e0 la fois des choses bonnes et des choses mauvaises, sans v\u00e9ritable force d'intention soutenue, sont appel\u00e9s des gens moyens ou b\u00e9nonim qu'on appelle les idiots.<\/p>\n<p>Vivre, c'est comme au poker. La premi\u00e8re r\u00e8gle est de ne pas avoir peur de perdre. La deuxi\u00e8me r\u00e8gle est de ne pas regretter d'avoir jet\u00e9 des cartes. La r\u00e8gle num\u00e9ro z\u00e9ro est de ne frapper personne et d'aider les bless\u00e9(e)s, qu'elles ou ils soient mis \u00e0 tapis ou que ce soit eux ou elles qui nous y mette.<\/p>\n<p>Vivre et travailler est parfois consid\u00e9r\u00e9 comme un jeu, tout d\u00e9pend de la d\u00e9finition du mot jeu. Mais la sant\u00e9, l'aide et la justice ne sont ni un jeu ni une industrie commerciale, car ce sont les fondements tant des jeux de la soci\u00e9t\u00e9 et que de la civilisation. Consid\u00e9rer la vie humaine, la sant\u00e9, l'aide et la justice, et donc le travail d'un docteur et d'un th\u00e9rapeute, d'un aidant et d'un b\u00e9n\u00e9vole, ainsi que d'un avocat et d'un juge, comme un jeu et donc comme quelque chose o\u00f9 il y a quelque chose \u00e0 gagner telle qu'une source de profit personnel autre que la satisfaction d'assister et sauver la vie, n'est pas \u00e9thique, et c'est une erreur fatale qui est la plus grande des sources des aberrations des groupes humains et des individus qui m\u00e8nent aux crimes et \u00e0 la chute des civilisations avant m\u00eame leurs commencements.<\/p>\n<p>Que le lecteur soit d'accord ou pas avec cette affirmation ne change pas cette r\u00e9alit\u00e9 qu'il peut constater \u00e0 travers les histoires humaines depuis l'aube des temps. La vie elle-m\u00eame et le vivre accomplit par cette vie sont deux choses diff\u00e9rentes, aussi diff\u00e9rentes que la lumi\u00e8re des photons et les atomes du soleil. Il y a souvent confusion. Le vivre, c'est le jeu. La vie, c'est ce qui joue. Faire de la vie un jeu, c'est faire du joueur un jeu, et c'est l\u00e0 qu'est la source de l'aberration humaine et des crimes.<\/p>\n<p>Alors si la vie n'est pas un jeu, un grand probl\u00e8me est que des \u00eatres humains aberr\u00e9s, parfois puissants, en font un jeu, leur jeu, o\u00f9 seul eux gagnent, tandis que ceux qu'ils t\u00e9l\u00e9commandent directement comme indirectement perdent.<\/p>\n<p>L'\u00eatre humain est g\u00e9n\u00e9tiquement programm\u00e9 pour vivre une certaine dur\u00e9e optimale qui est actuellement de cent vingt ans. Il est possible de vivre une bonne partie de cette dur\u00e9e en relative bonne sant\u00e9 et en ressentant un relatif bonheur. Mais lorsque l'esp\u00e9rance de vie est r\u00e9duite, lorsque la vie n'est que malheur, c'est toujours \u00e0 la suite d'un accident ou d'une maladie, et cela peut souvent \u00eatre \u00e0 cause des m\u00e9chants. Lorsque la nature d\u00e9truit ce que les humains construisent, ils appellent \u00e7a une catastrophe naturelle. Mais lorsque des humains d\u00e9truisent la vie de l'un d'entre eux, cela s'appelle un crime majeur et rien d'autre, jamais de la justice, puisqu'injustice.<\/p>\n<p>Que la musique soit bonne ou mauvaise, ou de tel ou tel genre, n'est pas le plus important, car ce sont les paroles et les actes, justes et faux, qui fa\u00e7onnent les humains, les individus, les groupes et l'esp\u00e8ce.<\/p>\n<p>Le mythe de la crucifixion institutionnalis\u00e9 suite \u00e0 une falsification du texte original n'est pas quelque chose \u00e0 v\u00e9n\u00e9rer et \u00e0 souhaiter car il est le proc\u00e9d\u00e9 physique et mental mauvais, inefficace et inutile d'une lapidation perverse, d'une flagellation sournoise et d'un m\u00e9pris meurtrier, sous fond de manigance. En effet, crucifier signifie mettre en croix tel qu'il a \u00e9t\u00e9 expos\u00e9 au sujet de l'effet de la respiration Shaa qui active la moelle \u00e9pini\u00e8re et l'art\u00e8re pulmonaire qui se joignent au thymus et qui g\u00e9n\u00e8rent gr\u00e2ce aux chakras la pluie des grains de lumi\u00e8re du champ \u00e9lectromagn\u00e9tique qui contient la manne qui soigne l'esprit et le corps en soi et autour de soi.<\/p>\n<p>Voici trois mani\u00e8res d'\u00e9valuer l'\u00e9volution et la survie d'un individu, d'un couple, d'un groupe, d'un peuple, d'une civilisation et de l'esp\u00e8ce :<\/p>\n<ul>\n<li>Lorsque la technologie d\u00e9truit, il y a ruine de l'esprit ;<\/li>\n<\/ul>\n<ul>\n<li>Lorsque la culture dupe, il y a d\u00e9vastation de l'\u00e2me ;<\/li>\n<\/ul>\n<ul>\n<li>Lorsque la m\u00e9decine rend malade, il y a mort du corps.<\/li>\n<\/ul>\n<p>T\u00e9hilim 22.17 \"Car des chiens tournent autour de moi, une bande de sc\u00e9l\u00e9rats me frappe, ils ont creus\u00e9\/perc\u00e9 mes mains et mes pieds {variante : ils ont tendu un pi\u00e8ge \u00e0 mes actes et \u00e0 mon \u00e9volution (\u00e0 ma destin\u00e9e, \u00e0 mon futur) ; c'est-\u00e0-dire qu'ils ont volontairement sabot\u00e9 ma vie}.\"<\/p>\n<p>Habaquq 2 \u00e0 4 \"Jusqu'\u00e0 quand \u00c9ternel ? J'ai cri\u00e9 et tu n'\u00e9coutes pas ! J'ai cri\u00e9 vers toi \u00e0 la violence et tu ne secours pas ! Pourquoi me fais-tu voir l'iniquit\u00e9 ? Contemples-tu l'injustice ? Pourquoi l'oppression et la violence sont-elles devant moi ? Il y a des querelles et la discorde s'\u00e9l\u00e8ve. Aussi la loi n'a pas de vie, la justice n'a pas de force, car le m\u00e9chant triomphe du juste et l'on rend des jugements iniques.\"<\/p>\n<p>D\u00e9varim 19.20 \"Et ceux qui restent entendront et craindront et ne referont plus un acte aussi criminel au milieu de toi.\"<\/p>\n<p>Litt\u00e9ralement \"Et ceux [qui] restent (\u00e9pargn\u00e9s) ils entendront (comprendre) et ils auront peur. Et ne pas ils continueront [de] faire encore une fois (\u00e0 d'autres) comme [cette] chose le mal (le crime). Le voil\u00e0 au milieu de toi (le mal) {il faut l'enlever}\"<\/p>\n<h3><span id=\"Des_langages_et_des_jeux\"><a name=\"TOC-Des-langages-et-des-jeux\"><\/a>Des langages et des jeux<\/span><\/h3>\n<p>Les lois du langage \u00e9tudi\u00e9es par le juda\u00efsme g\u00e9n\u00e9rations apr\u00e8s g\u00e9n\u00e9rations sont des lois tr\u00e8s difficiles, mais essentielles afin de museler le mal.<\/p>\n<p>Un probl\u00e8me survient lorsque les autorit\u00e9s en place, au lieu de se placer au service des lois, donc en dessous, estiment qu'elles sont faites pour \u00eatre soumises. Ainsi le probl\u00e8me n'est ni la politique, ni la t\u00e9l\u00e9vision, ni la technologie, ni la chimie, ni la m\u00e9decine, ni toutes les choses que tout un chacun a parfois l'opinion d'\u00eatre bonnes ou mauvaises, mais les criminels qui d\u00e9truisent autrui pour du gain personnel.<\/p>\n<p>Alan Schoonmaker a \u00e9crit : \"Les gagnants ont la discipline de faire les choses d\u00e9sagr\u00e9ables que les perdants ne feront pas ; l'une des questions les plus fr\u00e9quentes concernant le poker est : pourquoi y a-t-il autant de gens qui jouent si mal ? La r\u00e9ponse est \u00e9tonnamment simple : il est plus amusant de mal jouer que de bien jouer\".<\/p>\n<p>La diverses facette des activit\u00e9s de vivant peuvent \u00eatre consid\u00e9r\u00e9es comme des jeux. On peut jouer \u00e0 r\u00e9ussir sa carri\u00e8re professionnelle ou familiale ou sociale ou personnelle ou n'importe quoi d'autre. On peut jouer avec plein de choses, avec des outils, avec des loisirs, avec des relations, quand le but est bon ; mais jouer avec la vie des gens elle-m\u00eame est toujours mauvais et c'est le plus haut crime et c'est interdit.<\/p>\n<p>La force des mensonges et des illusions est proportionnelle \u00e0 la dur\u00e9e de leurs existences et au nombre d'accords \u00e0 ce sujet : plus une fausse croyance dure et plus il y a de gens qui y croient, plus il est difficile de l'annuler et de d\u00e9voiler la v\u00e9rit\u00e9 au sujet de la chose qui est alt\u00e9r\u00e9e et falsifi\u00e9e.<\/p>\n<p>Alors se pose la question : le pouvoir est-il bon ou mauvais ? Qu'y a-t-il de plus r\u00e9pugnant sinon des criminels enterr\u00e9s avec tous les honneurs du monde, ayant fait croire \u00e0 la justesse et \u00e0 la bont\u00e9 de leurs \u0153uvres et de leur vie, tandis qu'ils volent l'\u00e2me des enfants et des adultes. Les criminels, ceux qui attentent volontairement et constamment \u00e0 la vie des gens et \u00e0 leurs possessions, si aucune autorit\u00e9 ne les arr\u00eate, n'ont aucune raison de ne pas continuer et de se sentir coupables : ils ont la conscience tranquille, ils aiment ce qu'ils font et ils en tirent un b\u00e9n\u00e9fice.<\/p>\n<p>Le lecteur, qui qu'il soit, doit comprendre une chose : le mal en lui, ses d\u00e9fauts, ses croyances et ses opinions proviennent des autres gr\u00e2ce aux m\u00e9canismes de la propagation volontaire et involontaire des mauvaises habitudes et des conditionnements malsains associ\u00e9s aux tromperies. Il est n\u00e9cessaire de comprendre que beaucoup de gens font de mauvaises choses et s'associent \u00e0 de mauvaises choses, croyant faire des choses justes et bonnes : c'est un mensonge auquel ils croient tout en m\u00e9prisant et d\u00e9truisant la vie ; alors en r\u00e9alit\u00e9, ils sont la source du mal qu'ils pensent \u00e9radiquer en agissant comme ils le font envers leurs victimes qu'ils d\u00e9signent comme coupables \u00e0 l'aide d'une justice d\u00e9mocratique sans proc\u00e8s public.<\/p>\n<h3><span id=\"Des_humains_et_des_problemes\"><a name=\"TOC-Des-humains-et-des-probl-mes\"><\/a>Des humains et des probl\u00e8mes<\/span><\/h3>\n<p>La volont\u00e9 de Dieu n'est pas la volont\u00e9 des humains qui parfois font croire que leur volont\u00e9 est celle de Dieu tout en enfreignant les lois divines comme humaines.<\/p>\n<p>La Torah est le livre des humains, du premier au dernier.<\/p>\n<p>Il n'y a pas plus grand m\u00e9rite pour le peuple d'Isra\u00ebl que de transmettre le texte h\u00e9breu, \u00e0 la lettre pr\u00e8s, sans l'alt\u00e9rer, g\u00e9n\u00e9rations apr\u00e8s g\u00e9n\u00e9rations.<\/p>\n<p>Le bien est le fruit de la lumi\u00e8re de la v\u00e9rit\u00e9 car elle est consid\u00e9r\u00e9e comme bonne par Elohim qui estime que les mauvaises choses doivent \u00eatre enlev\u00e9es afin de r\u00e9v\u00e9ler la bont\u00e9 en l'\u00eatre humain.<br \/>\nUn monde v\u00e9ritablement civilis\u00e9 tend vers une absence de s\u00e9lection naturelle : la justice r\u00e8gne sur les int\u00e9r\u00eats et sur le crime afin de les r\u00e9duire, et la m\u00e9decine r\u00e8gne sur les maladies et sur les traumatismes afin de les soulager.<\/p>\n<p>Un des probl\u00e8mes d'un monde technologique est le contr\u00f4le des naissances et des ressources. Une des plus mauvaises solutions est l'id\u00e9ologie criminelle de la s\u00e9lection humaine : la justice et la m\u00e9decine sont alors au service de la mort et de la spoliation, au lieu d'\u00eatre au service de la vie et de la propri\u00e9t\u00e9. Alors le pire des mensonges est celui qui est m\u00e9dical car il est un mensonge \u00e0 la fois religieux, militaire, politique, administratif, social et professionnel.<\/p>\n<p>Les criminels jouent avec la vie, avec la sant\u00e9, avec l'aide et avec la justice. Derri\u00e8re un semblant de lib\u00e9ralisme se cache la plus abominable des dictatures qui se passe de preuves afin de les nier. Lorsque des personnes se voient refuser l'acc\u00e8s \u00e0 la justice, c'est qu'il n'y a aucune libert\u00e9, m\u00eame d'expression, et seule l'administration a des droits.<\/p>\n<p>Les l\u00e9gislations humaines font parfois la distinction entre diff\u00e9rents niveaux de m\u00e9faits, du moins grave au plus grave, et c'est logique, mais il ne faut pas oublier que souvent les infractions r\u00e9p\u00e9t\u00e9es dans le temps servent \u00e0 commettre des d\u00e9lits ponctuels dont la finalit\u00e9 est d'accomplir des crimes.<\/p>\n<p>Jean 8.3 \u00e0 11 \"Les scribes et les pharisiens amen\u00e8rent une femme surprise en adult\u00e8re ; et la pla\u00e7ant au milieu du peuple, ils dirent \u00e0 J\u00e9sus : Ma\u00eetre, cette femme a \u00e9t\u00e9 surprise en flagrant d\u00e9lit d'adult\u00e8re. Mo\u00efse, dans la loi, nous a ordonn\u00e9 de lapider de telles femmes : toi donc, que dis-tu ? Ils disaient cela pour l'\u00e9prouver, afin de pouvoir l'accuser. Mais J\u00e9sus s'\u00e9tant baiss\u00e9, \u00e9crivait avec le doigt sur la terre. Comme ils continuaient \u00e0 l'interroger, il se releva et leur dit : Que celui de vous qui est sans p\u00e9ch\u00e9 jette le premier la pierre contre elle. Et s'\u00e9tant de nouveau baiss\u00e9, il \u00e9crivait sur la terre. Quand ils entendirent cela, accus\u00e9s par leur conscience, ils se retir\u00e8rent un \u00e0 un, depuis les plus \u00e2g\u00e9s jusqu'aux derniers ; et J\u00e9sus resta seul avec la femme qui \u00e9tait l\u00e0 au milieu. Alors s'\u00e9tant relev\u00e9 et ne voyant plus que la femme, J\u00e9sus lui dit : Femme, o\u00f9 sont ceux qui t'accusaient ? Personne ne t'a-t-il condamn\u00e9e ? Elle r\u00e9pondit : Non Seigneur. Et J\u00e9sus lui dit : Je ne te condamne pas non plus : va et ne p\u00e8che plus\".<\/p>\n<p>Les pharisiens sont certains historiens et enseignants qui s'occupent de la fonction du corps-temple de la pens\u00e9e-esprit.<\/p>\n<p>Les sadduc\u00e9ens sont certains politiciens et administrateurs qui s'occupent de la structure du corps-temple des murs-mobiliers.<\/p>\n<h3><span id=\"Le_temple_du_corps\"><a name=\"TOC-Le-temple-du-corps\"><\/a>Le temple du corps<\/span><\/h3>\n<p>Jean 2.13 \u00e0 16 \"La P\u00e2que des Juifs \u00e9tait proche et J\u00e9sus monta \u00e0 J\u00e9rusalem. Il trouva dans le temple les vendeurs de b\u0153ufs, de brebis et de pigeons, et les changeurs assis. Ayant fait un fouet avec des cordes, il les chassa tous du temple, ainsi que les brebis et les b\u0153ufs ; il dispersa la monnaie des changeurs et renversa les tables ; et il dit aux vendeurs de pigeons : \u00d4tez cela d'ici, ne faites pas de la maison de mon P\u00e8re une maison de trafic.\"<\/p>\n<p>Qu'est-ce que la maison du P\u00e8re ? C'est traditionnellement l'\u00e9glise et la synagogue ou tout autre lieu de culte abrahamique. Tous ces lieux repr\u00e9sentent le corps humain.<\/p>\n<p>Qu'est-ce que faire du business \u00e0 l'int\u00e9rieur ? Au-del\u00e0 du commerce \u00e0 l'int\u00e9rieur d'un lieu de culte, c'est faire commerce de la vente d'organes et de cellules, que ce soit \u00e0 des fins pharmacologiques, m\u00e9dicales ou autres. Faire un don, c'est une chose, mais en faire commerce, c'est mal. Faire de l'\u00eatre humain un produit, de quelque nature que ce soit, est une erreur fatale qui ne rapporte, en apparence, qu'\u00e0 court terme. La s\u00e9questration hospitali\u00e8re en soins palliatifs et en psychiatrie peuvent parfois relever d'un commerce criminel abominablement douloureux.<\/p>\n<p>Toute exp\u00e9rimentation animale, comme humaine, qui fait souffrir, volontairement, m\u00eame en cas de doute, est interdite par la Torah.<\/p>\n<p>Rendre les gens souffrants et malades puis mal les soigner est le moyen du mobile.<\/p>\n<p>Qu'est-ce qui caract\u00e9rise l'\u00eatre humain ? C'est l'aide, la m\u00e9decine et la justice qui proviennent de la parole humaine et non de la parole animale et v\u00e9g\u00e9tale. Les humains ont-ils chang\u00e9s au cours des mill\u00e9naires ? Non : leurs esprits, leurs c\u0153urs et leurs corps sont les m\u00eames depuis l'aube des temps quels que soient l'environnement, le langage, le savoir, la culture et la technologie.<br \/>\nLa sant\u00e9, l'aide et la justice, au sein d'une soci\u00e9t\u00e9 civilis\u00e9e et \u00e9volu\u00e9e, ne sont pas des choses qui se m\u00e9ritent selon des crit\u00e8res plus ou moins subjectifs et arbitraires, ni des choses auxquelles on a droit ou pas droit selon des r\u00e8gles d'usage : ces choses sont la vie elle-m\u00eame car elles font survivre.<\/p>\n<p>Abaisser la sant\u00e9, l'aide et la justice au rang de jeux est absolument et \u00e0 sang pour sang criminel : telle est la r\u00e9alit\u00e9 d'un syst\u00e8me aussi fier et impitoyable que d\u00e9ment.<\/p>\n<p>Des m\u00e9dicaments ne soigneront jamais des traumatismes corporels ou mentaux, quoi qu'ils puissent r\u00e9duire momentan\u00e9ment la souffrance. Baser un syst\u00e8me de sant\u00e9 sur la seule prescription de substances parfois bonnes et n\u00e9cessaires mais souvent n\u00e9fastes et inutiles, ainsi que sur la chirurgie, parce que les techniques de r\u00e9paration m\u00e9caniques locomotrices et mentales ne sont pas employ\u00e9es, que ce soit en entretien ou en urgence, est un crime organis\u00e9 par les autorit\u00e9s contre la soci\u00e9t\u00e9 elle-m\u00eame avec son concours.<\/p>\n<p>Voici ce qu'il se passe de nos jours lorsqu'un individu est souffrant et malade et qu'il ne peut pas fonctionner correctement : si c'est \u00e0 cause d'un germe on lui prescrit des m\u00e9dicaments, si c'est \u00e0 cause d'un poison on lui prescrit des m\u00e9dicaments, si c'est \u00e0 cause d'un traumatisme corporel on lui prescrit des m\u00e9dicaments ou une amputation, si c'est \u00e0 cause d'un cancer on lui prescrit des m\u00e9dicaments ou une ablation, et si c'est \u00e0 cause d'un trouble du comportement on lui prescrit des m\u00e9dicaments. Pour peu qu'il puisse payer les frais m\u00eame si le pays dispose d'une assurance maladie de base.<\/p>\n<p>Pourtant tout le monde sait que c'est faire fausse route. Lorsque des germes, des poisons ou un cancer attaquent, il faut \u00e9videmment des substances pour les combattre si le corps n'y arrive pas de lui-m\u00eame. Mais en cas de blessure du syst\u00e8me locomoteur et que vous t\u00e9l\u00e9phonez \u00e0 un docteur ou aux urgences pour un soin m\u00e9canique ils r\u00e9pondent qu'ils ne savent pas de quoi vous parlez ou ils disent qu'ils ne pratiquent pas ce genre de chose et qu'il y a les kin\u00e9sith\u00e9rapeutes et les ost\u00e9opathes pour \u00e7a, mais ces derniers ne feront g\u00e9n\u00e9ralement rien de bien. Et lorsque vos \u00e9motions vous submergent ou que votre mental est opprim\u00e9, c'est pire, vraiment pire, parce qu'il existe une fabrique \u00e0 \"malades mentaux\" \u00e9tiquet\u00e9s comme tels par des gens qui sont vraiment fous mais qui ont le pouvoir de faire passer des victimes des catastrophes naturelles, des maladies et des m\u00e9chants pour ce qu'ils ne sont pas.<\/p>\n<p>Une certaine quantit\u00e9 de religions se proposent d'\u00e9radiquer le d\u00e9sir. Il n'y a pas plus grande erreur. Car tuer le d\u00e9sir, c'est tuer la vie. C'est annihiler l'impulsion de vivre. C'est la convoitise qu'il faut extraire de soi. En effet, c'est le d\u00e9sir qui fait vivre tandis que la convoitise ronge. Certaines philosophies voient dans le d\u00e9sir les racines du mal, tandis que d'autres pr\u00f4nent l'expression sans bornes de ce d\u00e9sir. Ils confondent la passion d'avec la convoitise. Le grand ennemi de la volont\u00e9 n'est pas le d\u00e9sir, mais la convoitise. Le d\u00e9sir contr\u00f4l\u00e9 est ce qui construit alors que la convoitise am\u00e8ne irr\u00e9m\u00e9diablement \u00e0 la d\u00e9vastation. Ce n'est pas le d\u00e9sir qui est la source du mal et du crime, c'est la convoitise. La convoitise est une forme pervertit et avide du d\u00e9sir. L'ambition est une forme bienfaisante et satisfaisante du d\u00e9sir sauf lorsqu'elle provient de la convoitise. L'important, c'est la direction et la force du d\u00e9sir. Dans la convoitise, il y a ruse et mensonge afin de voler et tuer, tandis que dans le d\u00e9sir il y a lumi\u00e8re et v\u00e9rit\u00e9 afin de donner et vivre. Le d\u00e9sir et la convoitise sont deux aspects de la communication que sont le bien qui donne et le mal qui prend.<\/p>\n<p>Toute philosophie qui pr\u00f4ne la distinction entre corps et esprit est mauvaise car il est impossible de s\u00e9parer le corps de l'ADN des ARN cellulaires de l'esprit des instances du programme g\u00e9n\u00e9tique.<br \/>\nLe soin de m\u00e9decine, l'assistance sociale et la d\u00e9fense devant le tribunal n'ont pas \u00e0 \u00eatre des produits de consommation : ce ne sont pas des choses avec lesquelles on fait du b\u00e9n\u00e9fice et telle est la loi en vigueur en France et sur le territoire conquis par la D\u00e9claration Universelle des Droits des Humains des Nations Unies. Mais cette loi n'est pas respect\u00e9e et l'argent du Tr\u00e9sor Public est d\u00e9tourn\u00e9.<\/p>\n<p>La haine sert \u00e0 rien et c'est la pire des drogues car immat\u00e9rielle, et une fois qu'on y a gout\u00e9, c'est fichu, \u00e7a fait faire des choses tr\u00e8s m\u00e9chantes et tr\u00e8s stupides.<\/p>\n<p>Apr\u00e8s les germes et les catastrophes naturelles, la haine et la convoitise sont les deux plus grands fl\u00e9aux du monde humain. Ces deux choses proviennent de l'ignorance qui engendre la peur, et de la jalousie qui engendre le vol.<\/p>\n<h3><span id=\"La_sante_physique_et_mentale\"><a name=\"TOC-La-sant-physique-et-mentale\"><\/a>La sant\u00e9 physique et mentale<\/span><\/h3>\n<p>Le vivant est une chose \u00e0 la fois fragile et robuste.<\/p>\n<p>Les gens sont conditionn\u00e9s \u00e0 une multitude de choses plus ou moins vraies et fausses concernant le corps et la conscience. Concernant l'adage qui dit que ce qui ne tue pas rend plus fort, en v\u00e9rit\u00e9, les traumatismes et les maladies qui ne tuent pas rendent plus faible ; c'est l'\u00e9tude et la r\u00e9ussite m\u00e9rit\u00e9e qui rendent fort.<\/p>\n<p>Soigner, comme se soigner, efficacement, ne devrait pas \u00eatre, parfois, interdit. Ainsi lorsque des praticiens refusent de soigner, cela devrait \u00eatre consid\u00e9r\u00e9 et jug\u00e9 comme un homicide passif collectivement organis\u00e9 tel que le d\u00e9finit la jurisprudence de la Cour de Cassation fran\u00e7aise.<\/p>\n<p>La Torah indique que la personnalit\u00e9 fondamentale bonne ou mauvaise d'un \u00eatre humain se manifeste d\u00e8s la pubert\u00e9.<\/p>\n<p>Choisir le bien est le plus haut degr\u00e9 de connaissance, de science et de philosophie.<\/p>\n<p>Choisir le mal est le plus bas degr\u00e9 de barbarie et cela fait chuter pour faire chuter.<\/p>\n<p>La survie de tout syst\u00e8me d\u00e9pend de sa capacit\u00e9 non seulement \u00e0 adapter son environnement, mais surtout et en premier lieu, \u00e0 s'am\u00e9liorer lui-m\u00eame en postulant le changement b\u00e9n\u00e9fique et adapt\u00e9.<\/p>\n<p>Lorsque la sant\u00e9, l'aide et la justice sont un gagne-pain, il y a crime organis\u00e9.<br \/>\nPour les criminels, se plaindre d'\u00eatre victime d'un crime, est un crime qui doit \u00eatre puni.<br \/>\nLes mensonges lorsqu'ils sont d\u00e9couverts, comme les faits, sont toujours une preuve irr\u00e9futable.<br \/>\nPourquoi mettre l'intelligence et les ressources au service du crime alors qu'il est plus rentable de mettre ces choses au service de la sant\u00e9, du travail et de la justice ?<\/p>\n<p>Il est regrettable que la quasi-majorit\u00e9 des films qui abordent le sujet du crime consid\u00e8rent g\u00e9n\u00e9ralement les crimes d'une seule personne voire d'un tout petit groupe, sinon ils parlent de sectes et souvent s'\u00e9loignent de la r\u00e9alit\u00e9, ou alors ils \u00e9voquent les g\u00e9nocides. Le sujet des groupes compos\u00e9s de centaines, de milliers ou de millions de membres antisociaux est \u00e9lud\u00e9 car c'est un sujet tabou : on parle des psychopathes solitaires qui tuent au sein d'une ville ou d'un pays, mais on ne parle jamais des villes ou des pays qui se liguent tous contre sa propre loi au nom de la d\u00e9mocratie, au nom de la justice, au nom de la stabilit\u00e9, au nom de la s\u00e9curit\u00e9 ; en v\u00e9rit\u00e9 c'est au nom du plaisir et de l'argent.<\/p>\n<p>Qui de ceux qui demandent soins m\u00e9dicaux et justice, et de ceux qui refusent arbitrairement ces choses, sont les fous ? La r\u00e9ponse se trouve malheureusement dans la question.<br \/>\nLe bon pouvoir est d'identifier les probl\u00e8mes de comportement, de les g\u00e9rer et de les changer. Le mauvais pouvoir est d'empoisonner pour faire taire et disparaitre de la circulation tant les victimes que les criminels.<\/p>\n<p>Il y a un probl\u00e8me avec le syst\u00e8me m\u00e9dico-social et juridique-judiciaire actuellement en vigueur, car ce syst\u00e8me est sous le contr\u00f4le de l'argent et sa r\u00e9forme n\u00e9cessite la r\u00e9forme du syst\u00e8me de la banque et de l'assurance.<\/p>\n<p>La maladie mentale commune n'existe pas, c'est une invention, une expression imagin\u00e9e pour d\u00e9signer les troubles du comportement parfois nomm\u00e9s troubles psychologiques ou psychiques. Il y a certes les maladies g\u00e9n\u00e9tiques et la d\u00e9g\u00e9n\u00e9rescence c\u00e9r\u00e9brale, mais c'est l\u00e0 autre chose qui entraine un dysfonctionnement au c\u0153ur de la cellule, comme le diab\u00e8te. Ce qu'on nomme \u00e0 tort maladie mentale d\u00e9signe des dysfonctionnements de communication cellulaire qui se manifestent au niveau des interactions avec soi et avec les autres. Parler d'entorses cognitives serait plus juste, car c'est tr\u00e8s similaire aux entorses articulaires et aux d\u00e9chirures musculaires : \u00e0 un moment donn\u00e9, une personne subit un traumatisme psychologique ou une perte \u00e9motionnelle tel que des s\u00e9vices physiques et mentaux ou un \u00e9chec scolaire et professionnel ou encore un deuil, et alors les m\u00e9canismes qui vont faire que la qualit\u00e9 des interactions au sein de l'individu et entre la personne et son environnement va diminuer plus ou moins rapidement d'une mani\u00e8re similaires aux traumatismes corporels. Le seul moyen de r\u00e9parer des traumatismes corporels, c'est l'action m\u00e9canique physique. On peut donc affirmer que le seul moyen de r\u00e9parer les traumatismes psychologiques, c'est l'action m\u00e9canique psychologique. Certes les m\u00e9dicaments permettent de r\u00e9duire la douleur physique le temps que l'action m\u00e9canique agisse. Mais concernant la souffrance mentale, la majorit\u00e9 des humains et les dirigeants font compl\u00e8tement fausse route, et m\u00eame s'ils savent ce qu'ils font \u00e0 court terme en d\u00e9truisant des cerveaux jusqu'\u00e0 ce qu'ils ne puissent plus communiquer, ils ne savent pas ce qu'ils font au long terme : il amputent un membre de la Nation et ils d\u00e9naturent l'esp\u00e8ce.<\/p>\n<p>Voici la d\u00e9finition pleine et enti\u00e8re de la folie : \"Irresponsabilit\u00e9 r\u00e9sultant du mensonge et du refus de communiquer.\"<\/p>\n<h3><span id=\"Les_camps_humains\"><a name=\"TOC-Les-camps-humains\"><\/a>Les camps humains<\/span><\/h3>\n<p>Victor Hugo a dit \"Le propre de la solidarit\u00e9, c'est de ne pas admettre d'exclusion\".<br \/>\nLe v\u00e9ritable but des guerres est l'argent du commerce. En effet, m\u00eame les guerres d'id\u00e9ologie sont des guerres pour imposer une fa\u00e7on de voir le commerce et le capital, car c'est la monnaie qui organise les soci\u00e9t\u00e9s humaines. Il en a toujours \u00e9t\u00e9 ainsi et il en sera toujours ainsi. Alors le probl\u00e8me n'est pas les marchandises et la concurrence, mais la d\u00e9loyaut\u00e9 envers les clients et les crimes commis pour les poss\u00e9der.<\/p>\n<p>On peut voir le monde en trois camps : les bons, les m\u00e9chants et les ignorants. C'est-\u00e0-dire ceux qui ne sont pas pi\u00e9g\u00e9s et qui ne pi\u00e8gent pas, les pi\u00e9geurs et les pi\u00e9g\u00e9s.<\/p>\n<p>Les pauvres vivent dans le monde des riches, dans celui que ces derniers fabriquent. Parfois les pauvres deviennent riches. Parfois les riches deviennent pauvres.<\/p>\n<p>Le pouvoir est ce qu'on a la capacit\u00e9 intellectuelle et physique de faire.<\/p>\n<p>Le droit est ce qui est permis ou pas de faire.<\/p>\n<p>Quel est le but de la religion Abrahamique ? Conqu\u00e9rir la v\u00e9rit\u00e9 par la v\u00e9rit\u00e9, sans blesser ni tuer, pour agir bien et pour d\u00e9velopper la bont\u00e9.<\/p>\n<p>Quel que soit l'attrait utopique des civilisations perdues ou l'espoir des organisations futures, l'humain reste le m\u00eame.<\/p>\n<p>L'aide est ce qui caract\u00e9rise l'esp\u00e8ce humaine et la civilisation, et sa manifestation se trouve dans les syst\u00e8mes de sant\u00e9 et de justice ainsi que dans l'humanitaire.<\/p>\n<p>Les motivations, les faits et les preuves de la bont\u00e9 ou de la m\u00e9chancet\u00e9 d\u00e9finissent le statut d'alli\u00e9 ou d'ennemi. Ce sont les actions et les aides volontaires b\u00e9n\u00e9fiques ou mal\u00e9fiques qui caract\u00e9risent une position strat\u00e9gique. L'augmentation ou la r\u00e9duction de la qualit\u00e9 des communications-interactions et l'accroissement ou la diminution des nuisances-souffrances d\u00e9finissent le statut d'alli\u00e9 ou d'ennemi.<\/p>\n<p>Le mot fran\u00e7ais ennemi provient du latin \"inimicus\" construit \u00e0 partir du pr\u00e9fixe privatif \"in-\" et de \"amicus\" (ami) provenant lui-m\u00eame de la racine \"amare\" (aimer) : c'est celui qui ne nous aime pas et qui nous veut du mal. L'ami \u00e9tant celui qui nous aime et nous veut du bien. Alors il y a un probl\u00e8me lorsque quelqu'un est trait\u00e9 en ennemi alors qu'il n'a commis aucun crime : quel autre choix que de consid\u00e9rer les agresseurs comme des ennemis ? L'ennemi est celui qui refuse de discuter, peu importe qu'on soit d'accord ou pas, qu'on ait raison ou tort. Lorsque deux entit\u00e9s sont en interaction et que l'une d'elles refuse de discuter, obligeant l'autre \u00e0 ne pas discuter, c'est la folie et la guerre. Enclencher une interaction (s'adresser \u00e0 quelqu'un) ou avoir la responsabilit\u00e9 d'une interaction (\u00eatre une autorit\u00e9) et refuser de discuter et d'\u00e9changer engrange de l'aberration.<\/p>\n<p>Le probl\u00e8me religieux, c\u2019est-\u00e0-dire le probl\u00e8me politique, est de consid\u00e9rer \u00e0 tort que le mal et que la souffrance, c'est bien, que c'est un bienfait, que c'est utile, que c'est bon et que c'est la volont\u00e9 de Dieu ou de l'\u00c9tat. Dire que le mal et la souffrance sont un bienfait, c'est \u00eatre comme Qora'h qui se r\u00e9volte contre la Loi de la Torah (Bamidbar 16.20 \u00e0 22 et suivants) : il rejette l'autorit\u00e9 divine et il refuse de placer Mosh\u00e9h et la Loi au-dessus de lui afin d'y \u00eatre soumis, car lui et l'\u00e9lite dirigeante veut d\u00e9cider par-dessus la Loi. Pour cela il affirme que tout le peuple est saint et bon, et donc que quels que soient leurs choix et leurs jugements, ils sont justes. C'est pourquoi la tribu de Qora'h sombre engloutie par la main puissante de HaShem comme du 'Hamets qui est br\u00fbl\u00e9 pour ne plus l'avoir sous les yeux, pour ne plus le propager, pour ne plus le laisser exister en nous et dans notre environnement, pour que les mauvais enseignements et que le mal qui en r\u00e9sulte soient chass\u00e9s de devant nous, sans se retourner de peur d'\u00eatre m\u00e9dus\u00e9 de stupeur et chang\u00e9 en statue inerte et immobile.<\/p>\n<p>Lorsque la mondialisation fabrique un monde d'esclavage m\u00e9dical, c'est que l'esp\u00e8ce marche vers son extinction. Mais la nature et l'univers n'a que faire des \u00eatres vivants : les nuages passent et les continents valsent tandis qu'ils naissent et tr\u00e9passent, les plan\u00e8tes tournent et les astres rayonnent tandis qu'ils apparaissent et disparaissent.<\/p>\n<p>La race humaine n'a pas encore \u00e9t\u00e9 civilis\u00e9e. Nous n'en sommes qu'au d\u00e9but du commencement. Dans un monde civilis\u00e9, il peut y avoir des crimes, m\u00eame en bandes organis\u00e9s, mais il n'y a pas de guerres et les d\u00e9linquants sont pour ainsi dire peu nombreux car l'int\u00e9r\u00eat dans le mal a \u00e9t\u00e9 \u00e9radiqu\u00e9 au sein de la hi\u00e9rarchie dirigeante qui s\u00e9lectionne des fonctionnaires int\u00e8gres, contrairement \u00e0 une direction mal\u00e9fique qui s\u00e9lectionne des membres corruptibles.<\/p>\n<p>\"Lapider\" ne veut absolument pas dire rouer de coups jusqu'\u00e0 la mort physique, mais \u00e9duquer et transmuter les comportements \u00e0 l'aide de livres, de films et de musiques.<\/p>\n<p>\"Dent pour dent\" ne veut absolument pas dire qu'il faut arracher les dents de quelqu'un qui a fait une erreur involontaire ou volontaire, mais former des couples homme-femme afin de les \u00e9lever vers le bonheur en enlevant les mauvais comportements.<\/p>\n<p>Faire des choses qui blessent physiquement et mentalement sur la base de fausses traductions est un crime, et c'est une trahison lorsque c'est organis\u00e9 par le pouvoir en place.<\/p>\n<h3><span id=\"La_direction_des_peuples\"><a name=\"TOC-La-direction-des-peuples\"><\/a>La direction des peuples<\/span><\/h3>\n<p>L'\u00eatre humain passe son temps \u00e0 imaginer son environnement et les objets inertes et vivants qui le composent. Il imagine dans le sens o\u00f9 il r\u00e9ceptionne, classe et extrapole les informations de ses sens de perception pour en tirer des conclusions et agir. Parfois il est proche de la r\u00e9alit\u00e9, parfois il en est \u00e9loign\u00e9. Cependant, cette imagination, cette analyse, ne change par la r\u00e9alit\u00e9, que ce soit au sujet des gens comme des objets. L'\u00eatre peut au mieux s'efforcer de confronter cette r\u00e9alit\u00e9 afin de distinguer les faits r\u00e9els de sa pens\u00e9e imaginaire dans le but d'agir avec le plus d'honn\u00eatet\u00e9, avec le plus d'efficacit\u00e9 et avec le plus de bont\u00e9 et de justesse possible, afin de manier les choses pour le bien, pour la vie, et non pour le mal, pour la mort.<\/p>\n<p>La la\u00efcit\u00e9 est-elle permise selon la Torah ? Tout d\u00e9pend ce qu'on entend par ce mot et ce qu'on en fait.<\/p>\n<p>La d\u00e9finition de Wiktionary est \"1. Principe de s\u00e9paration entre l'\u00c9tat et les institutions religieuses, l'\u00c9tat n'exer\u00e7ant aucun pouvoir religieux et les \u00c9glises aucun pouvoir politique ; 2. Caract\u00e8re de neutralit\u00e9 religieuse, d'ind\u00e9pendance \u00e0 l'\u00e9gard de toutes \u00c9glises et confessions\".<\/p>\n<p>En r\u00e9alit\u00e9, la Torah pr\u00f4ne une doctrine, pas une religion. Ce sont les interpr\u00e9tations erron\u00e9es et les fausses traductions qui en ont cr\u00e9\u00e9 des religions qui se battent entre-elles pour des dieux irr\u00e9els invent\u00e9s \u00e0 la ressemblance de l'\u00e9go des m\u00e9chants.<\/p>\n<p>Doctrine : \"Id\u00e9ologie, principes de base sur lesquels s\u2019appuient une strat\u00e9gie et des plans d\u2019actions\".<\/p>\n<p>Religion : \"1. Syst\u00e8me de repr\u00e9sentation du monde et de croyances fond\u00e9 sur la foi, et consolid\u00e9 par l'accomplissement de rites dans le cadre d\u2019un culte rendu \u00e0 une ou plusieurs puissances, souvent c\u00e9lestes ; 2. Culte qu\u2019on rend \u00e0 la divinit\u00e9.\"<\/p>\n<p>Le mot h\u00e9breu pour doctrine est Leqa'h et signifie \"apprendre, enseigner\" ; une lettrique serait \"Transmission de la V\u00e9rit\u00e9 sur la Cr\u00e9ature\". Le mot grec correspondant Did\u00e1sk\u00f4 signifie \"enseignement, instruction, ce qui est recommand\u00e9\". Il s'agit donc de pr\u00e9ceptes, de r\u00e8gles de conduite, afin de produire du bien et de restreindre le mal.<\/p>\n<p>La la\u00efcit\u00e9 dans son sens noble est instaur\u00e9e par une th\u00e9ocratie anarchiste dans le sens originel du mot Th\u00e9os qui veut dire \"Loi en vigueur\". La th\u00e9ocratie, c'est tant \u00eatre en accord avec les lois de l'univers et de la vie dans leur utilisation non nuisible qu'avec les lois humaines b\u00e9n\u00e9fiques auxquelles on se soumet. La Torah d\u00e9voile les grandes lois en vigueurs dans l'univers physique et mental afin de rejeter ce qui est mauvais pour glorifier ce qui est b\u00e9n\u00e9fique \u00e0 l'\u00eatre humain en tant qu'esp\u00e8ce.<\/p>\n<p>La v\u00e9ritable la\u00efcit\u00e9 est par d\u00e9finition le mode de fonctionnement d'un \u00c9tat qui n'a pas de religion, c\u2019est-\u00e0-dire que sa politique administrative ne prend pas partit pour tel ou tel mode de pens\u00e9 mais seulement pout la loi en vigueur qui a pour but le d\u00e9veloppement des individus, la protection de leur sant\u00e9 et de leurs biens, et la protection des faibles. Un \u00c9tat la\u00efque ne va pas dire aux gens comment ils doivent faire telle ou telle chose, mais va seulement leur dire ce qui est autoris\u00e9 et ce qui n'est pas autoris\u00e9 afin que les moyens ne soient pas nuisibles.<\/p>\n<p>Comment savons-nous que la Doctrine de la Torah est la\u00efque ? Parce que les pr\u00eatres, les l\u00e9vites, les religieux, ne sont qu'une des douze tribus d'Isra\u00ebl. Ainsi le service spirituel fait partie des services publics de l'\u00c9tat, mais ce n'est qu'un service parmi les autres et il n'est pas l'\u00c9tat lui-m\u00eame, il n'est qu'une voix parmi les autres.<\/p>\n<p>La psychiatrie est une religion avec tout ce qui fait une religion avec une bible, avec des croyances, avec des dogmes, avec des objets de cultes et avec des messes. C'est m\u00eame une secte dangereuse. Et c'est la religion actuelle de la\u00efcs qui dirigent la France et le monde. Mais il y a fausse route et c'est une mauvaise voie qui malheureusement conditionne la formation des praticiens m\u00e9dicaux au sein des universit\u00e9s, ainsi que des assistants sociaux et des juges.<\/p>\n<p>Les gens veulent avoir la psychiatrie, ils sont conditionn\u00e9s par les m\u00e9dias \u00e0 penser cela, depuis les journaux jusqu'aux films de fiction en passant par les chansons et par les brochures administratives. Les gens veulent pouvoir se d\u00e9barrasser des gens avec qui ils ne veulent plus communiquer ou qu'ils estiment ne pas correspondre \u00e0 leurs sch\u00e9mas de pens\u00e9e, \u00e0 quelque \u00e9chelle de la soci\u00e9t\u00e9 que ce soit. Les gens se sentent ainsi en s\u00e9curit\u00e9, croient-ils. Mais en r\u00e9alit\u00e9 ils sont en ins\u00e9curit\u00e9 permanente car il y a dictature m\u00e9dico-chimique esclavagiste et personne n'est \u00e0 l'abri, m\u00eame le psychiatre.<\/p>\n<p>Les criminels et les fous estiment toujours que ceux qui se plaignent d'eux les harc\u00e8lent et les agressent. Il est inutile de chercher \u00e0 comprendre car c'est incompr\u00e9hensible : ils estiment que les victimes n'ont pas le droit d'entraver leur droits pour lesquels ils luttent. Ils revendiquent en effet le droit et la libert\u00e9 de commettre des crimes.<\/p>\n<p>Les criminels et les fous sont quasiment impossibles \u00e0 ramener \u00e0 la raison parce qu'ils refusent de discuter. Tant qu'on discute, aucun crime n'est directement commis et aucune guerre n'a lieu. C'est pour cela qu'une autorit\u00e9 n'a pas le droit de refuser de communiquer.<\/p>\n<p>Lorsque le seuil statistique et probabiliste du hasard des entraves et des \u00e9v\u00e8nements funestes possibles au cours d'une vie est anormalement d\u00e9pass\u00e9, ce qui aboutit \u00e0 la ruine, on peut constater qu'aucune autorit\u00e9 humaine n'existe pour prot\u00e9ger les civils contre des groupes humains qui sont d\u00e9fectueux, m\u00eame si on ne les conna\u00eet pas et qu'on n'est soi-m\u00eame pas membre. En de telles circonstances, t\u00e9moigner, dans l'int\u00e9r\u00eat de la Nation, expose malheureusement \u00e0 des repr\u00e9sailles.<\/p>\n<p>M\u00eame une bonne dictature vaut mieux que la pire des d\u00e9mocraties.<\/p>\n<p>Ainsi pensent les criminels : \"Les lois sont faites pour \u00eatre contourn\u00e9es et transgress\u00e9es afin d'obtenir du plaisir et du profit.\"<\/p>\n<p>Ainsi pensent les justes : \"Les lois sont faites pour apporter s\u00e9curit\u00e9, sant\u00e9 et libert\u00e9 du peuple et des dirigeants.\"<\/p>\n<p>Lorsque des \u00c9tats permettent la pratique du crime, de la manigance, de la voyance, de la divination et ce genre de chose, c'est que ces \u00c9tats g\u00e8rent ces choses.<\/p>\n<p>Certes, une soci\u00e9t\u00e9 organis\u00e9e par le crime peut survivre un certain temps, mais sa valeur est nulle.<br \/>\nL\u00e0 est uniquement la faillite d'un \u00c9tat et d'un gouvernement m\u00eame mondial : L'incapacit\u00e9 \u00e0 assurer la sant\u00e9 et la s\u00e9curit\u00e9 de ses citoyens indig\u00e8nes et \u00e9trangers.<\/p>\n<p>Pour une administration et pour toute autorit\u00e9 publique comme priv\u00e9e, l'officieuse connivence pour ne pas respecter la loi, voire l'enfreindre, rend toutes la l\u00e9gislation en vigueur obsol\u00e8te et inutile pour les administr\u00e9s ; et cela annihile instantan\u00e9ment toute civilisation et toute humanit\u00e9.<\/p>\n<p>Le pouvoir est responsabilit\u00e9, ce n'est un aphrodisiaque que pour les criminels.<\/p>\n<p>Tricher, c'est m\u00e9priser le jeu et les r\u00e8gles.<\/p>\n<p>Tricher, enfreindre les r\u00e8gles, c'est pire que mal jouer enseigne le Poker, car on est certain de perdre.<\/p>\n<p>Les criminels avant de m\u00e9priser leurs cong\u00e9n\u00e8res, m\u00e9prisent les lois.<\/p>\n<h3><span id=\"La_force_de_la_verite\"><a name=\"TOC-La-force-de-la-v-rit-\"><\/a>La force de la v\u00e9rit\u00e9<\/span><\/h3>\n<p>Le mal ne peut pas lutter contre la v\u00e9rit\u00e9. Le mal ne peut rien y faire. Le mal peut seulement maintenir les gens dans l'ignorance et leur faire du mal jusqu'\u00e0 les tuer.<\/p>\n<p>Le monde des vivants est la cible du mal et son jeu pr\u00e9f\u00e9r\u00e9 est de manipuler les r\u00eaves et les espoirs des gens, disant : \"c'est la vie, c'est comme \u00e7a que les choses sont, c'est naturel, la soumission \u00e0 la loi est pour les faibles\".<\/p>\n<p>Sortir du monde de l'ignorance et de l'esclavage des pulsions et des illusions requiert de prendre conscience que l'on n'est pas coupable du mal subit et caus\u00e9, \u00e0 moins d'avoir \u00e9t\u00e9 m\u00e9chant et de d\u00e9cider de ne plus l'\u00eatre et de r\u00e9parer le mal caus\u00e9. La lib\u00e9ration implique de prendre la responsabilit\u00e9 de g\u00e9rer les cons\u00e9quences \u00e0 la place des ignorants, \u00e0 la place des criminels et \u00e0 la place des fous.<\/p>\n<p>La Torah nous demande d'\u00eatre fort, de ne pas avoir peur et d'avoir foi en quelque chose de transcendant la raison humaine, que l'on peut nommer raison suprahumaine ou divine\u00a0: cette raison-l\u00e0 est au niveau des lois de la science comme celle de la gravitation.<\/p>\n<p>L'homme n'est pas un loup pour l'homme. Affirmer cela est un mensonge. Les loups sont des animaux. Ils chassent pour manger, comme tous les carnivores, sans avoir conscience de d\u00e9truire la vie : ils n'ont pas la conscience du bien et du mal. Pour eux, c'est une pulsion instinctive, programm\u00e9e, incontr\u00f4lable et naturelle.<\/p>\n<p>Il est dommage et triste que dans un monde organis\u00e9 autour de la raison criminelle, les travailleurs, les administrateurs, les artistes et les g\u00e9nies, afin de satisfaire leurs d\u00e9sirs de vivre, de s'exprimer et de r\u00e9ussir, soient oblig\u00e9s de participer \u00e0 des transgressions dont ils n'ont parfois m\u00eame pas la v\u00e9ritable connaissance, en accordant leurs pens\u00e9es, leurs paroles et leurs actes avec des choses non souhaitables qui sont anti-survie pour les autres et pour eux-m\u00eame.<\/p>\n<p>Certains luttent pour la libert\u00e9 et notamment pour la libert\u00e9 d'expression et c'est bien. Mais certains luttent pour une libert\u00e9 jusqu'\u00e0 la libert\u00e9 d'exprimer la haine et le meurtre, non seulement gratuitement pour le plaisir, mais \u00e9galement pour le profit.<\/p>\n<p>Les criminels sont tout simplement de mauvais joueurs, m\u00eame s'ils mentent \u00e0 ce sujet ; quant aux bons joueurs, ce sont ceux qui cherchent \u00e0 faire le moins de mal possible et \u00e0 faire le plus de bien possible, m\u00eame s'ils ne r\u00e9ussissent pas et m\u00eame s'ils n'ont aucune renomm\u00e9e ; et ce, quel que soit l'expression du visage qui n'est que l'apparence d'un instantan\u00e9, puisque, comme la r\u00e9ussite et la renomm\u00e9e, la prestance et la joie ne permettent pas de d\u00e9terminer la valeur des gens. On ne gagne jamais rien \u00e0 commettre des crimes, m\u00eame si on croit le contraire et que l'on a des gains \u00e0 court terme.<\/p>\n<p>D'apr\u00e8s ce que l'auteur a appris des s\u00e9ries polici\u00e8res, il semble qu'on ne peut rien changer \u00e0 ce que sont les grands criminels tout comme on ne peut rien changer \u00e0 la nature d'un animal. On ne peut que les enfermer en cellule d'isolement de s\u00e9curit\u00e9 maximum sur d\u00e9cision de justice et tout faire pour lib\u00e9rer et soigner leurs victimes.<\/p>\n<p>La plus grande erreur des m\u00e9chants, c'est de croire que le mensonge peut discr\u00e9diter la v\u00e9rit\u00e9 et gagner sur le long terme alors que c'est tout simplement impossible, m\u00eame si la v\u00e9rit\u00e9 perd sur le court terme.<\/p>\n<p>La v\u00e9rit\u00e9 est ce qui am\u00e8ne \u00e0 la bont\u00e9 afin que la bont\u00e9 am\u00e8ne \u00e0 la v\u00e9rit\u00e9. Ainsi la v\u00e9ritable valeur des gens se mesure \u00e0 la mani\u00e8re dont ils aident les personnes en difficult\u00e9s selon leurs moyens, leurs capacit\u00e9s et leurs propres probl\u00e8mes \u00e0 r\u00e9soudre.<\/p>\n<p>Tout est ordonn\u00e9 dans l'univers, des particules atomiques aux galaxies en passant par les \u00eatres vivants. Tout est agenc\u00e9 et g\u00e9r\u00e9 selon une m\u00e9canique de pr\u00e9cision encore plus fine et exacte que les rouages de la plus spectaculaire des montres. Le chaos, m\u00eame ordonn\u00e9, n'est que dans la rupture du lien et dans les choses comme les accidents, les collisions et l'extinction ou la cr\u00e9ation de mati\u00e8re. Au niveau humain, le chaos n'est que dans la t\u00eate de ceux qui causent et ceux qui re\u00e7oivent une rupture de communication ou un doute.<\/p>\n<p>Seules deux choses causent l'aberration et les probl\u00e8mes : le refus de communiquer et les mensonges.<\/p>\n<h3><span id=\"Le_pouvoir_de_la_Torah\"><a name=\"TOC-Le-pouvoir-de-la-Torah\"><\/a>Le pouvoir de la Torah<\/span><\/h3>\n<p>Les commandements de la Torah sont les lois et les r\u00e8gles de la plus haute civilisation. Ils sont logiques, scientifiques et bienveillants. Ce sont les lois qui d\u00e9crivent les modes d'action du bien et du mal, du libre choix et du libre arbitre, ainsi que du pouvoir. Leurs r\u00e8gles sont un code de conduite afin de survivre et de faire survivre. \u00c9tudier et suivre la Doctrine de la Torah, c'est vivre et agir tout en apprenant \u00e0 savoir pourquoi il faut faire ou ne pas faire telle ou telle chose pour que les choses aillent bien et non pas mal.<\/p>\n<p>Le mal, c'est la barbarie, la monstruosit\u00e9 et l'abomination : c'est faire succomber et c'est succomber. \u00c0 moins de jouer \u00e0 un jeu d\u00e9termin\u00e9 comme \u00e9tant une activit\u00e9 de loisir sans pr\u00e9judice possible au regard du gain final, il n'y a jamais de bonne cause dans la tromperie et dans la malice.<br \/>\nL'expos\u00e9 sur les cycles du temps de l'action chromosomique de la mati\u00e8re \u00e9nerg\u00e9tique a mis en \u00e9vidence les versets kabalistiques cach\u00e9s dans le texte de la Torah. Il existe d'autres codes et des gens travaillent sur ce sujet pour les trouver, pour les interpr\u00e9ter, pour les r\u00e9futer ou encore pour les mettre au point. La s\u00e9quence de Weissmandel a la particularit\u00e9 et l'avantage d'\u00eatre logique et coh\u00e9rente tout en produisant un r\u00e9sultat remarquable et merveilleux. Il est possible de reconnaitre dans ces versets l'ind\u00e9niable main des lois cr\u00e9atrices des choses de l'univers et de la vie qui n'ont rien \u00e0 voir avec la manipulation et la planification, ni avec des pr\u00e9dictions et des co\u00efncidences fortuites ou fabriqu\u00e9es.<\/p>\n<p>Il est des choses que les chercheurs commencent ou recommencent \u00e0 peine \u00e0 prendre en consid\u00e9ration et \u00e0 \u00e9tudier : ce sont les influences et les interactions de l'invisible que l'\u0153il ne voit pas et qui sont les champs \u00e9lectromagn\u00e9tiques et les ondes de particules. Cette science est complexe et c'est la science sacr\u00e9e qui est inscrite dans chaque mot de la Torah et dans chaque lettre du texte. Cette science n'est pas la science de la sexualit\u00e9, m\u00eame si elle y est incluse, car contrairement \u00e0 ce qu'affirment de nombreux gurus, ainsi que d'innombrables sectes et beaucoup de religions, l'\u00e9nergie sexuelle n'est pas la grande \u00e9nergie du monde.<\/p>\n<p>D'o\u00f9 savons-nous cela ? Du premier verset qui indique que la cr\u00e9ation commence non pas avec les organes g\u00e9nitaux, mais avec les cieux et avec la terre. Et du deuxi\u00e8me verset qui d\u00e9finit que la premi\u00e8re chose d\u00e9sign\u00e9e pr\u00e9alablement \u00e0 l'identification de toute chose est le souffle de Elohim qui d\u00e9termine l'apparition de la lumi\u00e8re indiqu\u00e9e au troisi\u00e8me verset comme existant pr\u00e9alablement \u00e0 toute chose, puisque pour apparaitre, il faut exister, ce qui fait de la lumi\u00e8re un principe originel inh\u00e9rent \u00e0 la cr\u00e9ation.<\/p>\n<p>Cette lumi\u00e8re est la clart\u00e9 qui distingue les choses et qui d\u00e9termine leurs mouvements.<br \/>\nLorsqu'on constate le niveau de complexit\u00e9 et l'\u00e9tendue des domaines de la Torah, au fur et \u00e0 mesure qu'on l'\u00e9tudie et qu'on en d\u00e9couvre ses myst\u00e8res, il est une \u00e9vidence qui se forge en soi et qui d\u00e9veloppe la foi int\u00e9rieure menant au savoir : il est impossible \u00e0 l'\u00eatre humain d'avoir con\u00e7u ce texte, m\u00eame avec l'aide d'un puissant ordinateur, quoi qu'il ait \u00e9t\u00e9 \u00e9crit par une main de chair.<br \/>\nAu premier chapitre de B\u00e9r\u00e9shit, Dieu appelle la lumi\u00e8re \"jour\", les t\u00e9n\u00e8bres \"nuit\", le firmament \"ciel\", le sec \"terre\" et les eaux \"mers\". Ensuite c'est l'homme qui a le pouvoir de nommer les choses. Ces seuls cinq mots indiqu\u00e9s \u00eatre nomm\u00e9s par Dieu lui-m\u00eame d\u00e9signent les cinq livres de la Torah :<\/p>\n<ul>\n<li>B\u00e9r\u00e9shit : la lumi\u00e8re de la cr\u00e9ationLa lumi\u00e8re est le feu cr\u00e9ateur et destructeur<br \/>\n\ud83e\udc46 C'est l'embryog\u00e9n\u00e8se physique et spirituelle<\/li>\n<\/ul>\n<ul>\n<li>Sh\u00e9mot : les t\u00e9n\u00e8bres de la lib\u00e9rationLes t\u00e9n\u00e8bres sont l'eau originelle de la vie<br \/>\n\ud83e\udc46 C'est l'accouchement physique et spirituel<\/li>\n<\/ul>\n<ul>\n<li>Vayiqra : le firmament de la destin\u00e9eLe firmament est l'\u00e9ther qui soutient le champ vital<br \/>\n\ud83e\udc46 C'est l'\u00e9ducation physique et spirituelle<\/li>\n<\/ul>\n<ul>\n<li>Bamidbar : le sec de la solitudeLe sec est la terre aride et solide<br \/>\n\ud83e\udc46 C'est la formation physique et spirituelle<\/li>\n<\/ul>\n<ul>\n<li>D\u00e9varim : les eaux de la paroleLes eaux sont l'air du vent des myriades du flot de paroles<br \/>\n\ud83e\udc46 C'est le travail de la sagesse<\/li>\n<\/ul>\n<p>Alors il est autre une \u00e9vidence : ce qui a cr\u00e9\u00e9 l'ADN et ce qui a manifest\u00e9 la Torah sont une seule et m\u00eame chose. Cette chose singuli\u00e8re est ni un ni plusieurs ni aucun. Cette chose est HaShem Elohim tel qu'inscrit dans la Torah h\u00e9bra\u00efque, et peu importe que de puissants groupes mentent \u00e0 ce sujet et que le monde soit inond\u00e9 de d\u00e9sinformation et d'obscurantisme inquisitionnel.<\/p>\n<p>La volont\u00e9 humaine, libre de savoir et de s'exprimer, par ses choix causes, oriente ses actions effets, en \u00e9tant juste ou m\u00e9chante.<\/p>\n<p>Si nous s\u00e9lectionnons chaque premier et dernier mot de chaque livre, nous obtenons les versets cod\u00e9s suivants :<br \/>\n<img decoding=\"async\" class=\"aligncenter size-full wp-image-1083\" src=\"https:\/\/asherhaimhalevi.ordisoftware.com\/wp-content\/uploads\/2021\/04\/Conclusion-Torah-Livres-Premiers-et-Derniers-Mots.png\" alt=\"\" width=\"580\" height=\"520\" srcset=\"https:\/\/asherhaimhalevi.ordisoftware.com\/wp-content\/uploads\/2021\/04\/Conclusion-Torah-Livres-Premiers-et-Derniers-Mots.png 580w, https:\/\/asherhaimhalevi.ordisoftware.com\/wp-content\/uploads\/2021\/04\/Conclusion-Torah-Livres-Premiers-et-Derniers-Mots-300x269.png 300w, https:\/\/asherhaimhalevi.ordisoftware.com\/wp-content\/uploads\/2021\/04\/Conclusion-Torah-Livres-Premiers-et-Derniers-Mots-200x179.png 200w, https:\/\/asherhaimhalevi.ordisoftware.com\/wp-content\/uploads\/2021\/04\/Conclusion-Torah-Livres-Premiers-et-Derniers-Mots-150x134.png 150w, https:\/\/asherhaimhalevi.ordisoftware.com\/wp-content\/uploads\/2021\/04\/Conclusion-Torah-Livres-Premiers-et-Derniers-Mots-400x359.png 400w\" sizes=\"(max-width: 580px) 100vw, 580px\" \/><br \/>\nIsra\u00ebl est afflig\u00e9 \u00e0 cause des paroles du mal i.e. des mauvaises paroles ou Lashon HaRa, le langage du mal qui est, au-del\u00e0 du simple parl\u00e9 incorrect et ignorant, la parole des m\u00e9chants et des criminels qui convoitent et nuisent, car cette parole a pour but de transgresser la loi en vigueur humaine comme universelle.Le premier mot et le dernier mot de la Torah forme : \"B\u00e9r\u00e9shit Isra\u00ebl\" soit \"Pour d\u00e9but de Isra\u00ebl\", indiquant ainsi qu'Isra\u00ebl provient de la Torah et non l'inverse. Les premi\u00e8res lettres de ces deux mots forment la racine Bet-Youd qui est la demeure de la flamme de vie ou encore la maison de la paix.<br \/>\n<img decoding=\"async\" class=\"aligncenter size-full wp-image-1084\" src=\"https:\/\/asherhaimhalevi.ordisoftware.com\/wp-content\/uploads\/2021\/04\/Conclusion-Torah-Livres-Acrostiches.png\" alt=\"\" width=\"580\" height=\"660\" srcset=\"https:\/\/asherhaimhalevi.ordisoftware.com\/wp-content\/uploads\/2021\/04\/Conclusion-Torah-Livres-Acrostiches.png 580w, https:\/\/asherhaimhalevi.ordisoftware.com\/wp-content\/uploads\/2021\/04\/Conclusion-Torah-Livres-Acrostiches-264x300.png 264w, https:\/\/asherhaimhalevi.ordisoftware.com\/wp-content\/uploads\/2021\/04\/Conclusion-Torah-Livres-Acrostiches-176x200.png 176w, https:\/\/asherhaimhalevi.ordisoftware.com\/wp-content\/uploads\/2021\/04\/Conclusion-Torah-Livres-Acrostiches-132x150.png 132w, https:\/\/asherhaimhalevi.ordisoftware.com\/wp-content\/uploads\/2021\/04\/Conclusion-Torah-Livres-Acrostiches-400x455.png 400w\" sizes=\"(max-width: 580px) 100vw, 580px\" \/><br \/>\nLe commandement \"ne pas s'\u00e9carter du milieu ni \u00e0 droite ni \u00e0 gauche\" mis en relation avec le mot Torah veut dire ne pas s'\u00e9carter de la distance situ\u00e9e entre la communication Vav et la logique Resh qui se trouvent entre la loi Tav et le souffle H\u00e9. Car le parler seul sans raison est folie et la raison seule sans le parler est esclavage. Le trait\u00e9 de la logique du Rambam est \u00e0 ce sujet un ouvrage fondamental et essentiel ne serait-ce que pour distinguer le r\u00e9el et l'imaginaire.<br \/>\nLa Torah contient 187 chapitres, 5853 versets, 74357 mots et 304805 lettres.<br \/>\nCe nombre de lettres divis\u00e9 par deux indique le milieu de la Torah :<\/p>\n<ul>\n<li>La lettre Vav : la communication.<\/li>\n<\/ul>\n<ul>\n<li>Le mot \"lui\" (H\u00e9-Vav-Alef) : c'est Mosh\u00e9h le P\u00e8re qui a donn\u00e9 la Torah, gr\u00e2ce au souffle de Elohim, pour HaShem, pour la v\u00e9rit\u00e9, pour le bien, pour la lib\u00e9ration, pour la survie, pour le bonheur, pour soigner le mal, pour enlever le mensonge.<\/li>\n<\/ul>\n<ul>\n<li>Le verset Vayiqra 8.28 : 8 est 'Het, la cr\u00e9ature, et 28 est Kaf-'Het, la main de la cr\u00e9ature qui accomplit les commandements.<\/li>\n<\/ul>\n<p><img decoding=\"async\" class=\"aligncenter size-full wp-image-1085\" src=\"https:\/\/asherhaimhalevi.ordisoftware.com\/wp-content\/uploads\/2021\/04\/Conslusion-Verset-3.8.28.png\" alt=\"\" width=\"580\" height=\"450\" srcset=\"https:\/\/asherhaimhalevi.ordisoftware.com\/wp-content\/uploads\/2021\/04\/Conslusion-Verset-3.8.28.png 580w, https:\/\/asherhaimhalevi.ordisoftware.com\/wp-content\/uploads\/2021\/04\/Conslusion-Verset-3.8.28-300x233.png 300w, https:\/\/asherhaimhalevi.ordisoftware.com\/wp-content\/uploads\/2021\/04\/Conslusion-Verset-3.8.28-200x155.png 200w, https:\/\/asherhaimhalevi.ordisoftware.com\/wp-content\/uploads\/2021\/04\/Conslusion-Verset-3.8.28-150x116.png 150w, https:\/\/asherhaimhalevi.ordisoftware.com\/wp-content\/uploads\/2021\/04\/Conslusion-Verset-3.8.28-400x310.png 400w\" sizes=\"(max-width: 580px) 100vw, 580px\" \/><br \/>\nQu'est-ce que l'Altar ?<br \/>\nUne lettrique serait : \"Origine de l'Action du Foyer de la Vitalit\u00e9\", c\u2019est-\u00e0-dire la mitochondrie qui principalement transforme des nutriments en \u00e9nergie tout en r\u00e9gulant le cycle cellulaire.<\/p>\n<p>Il est compr\u00e9hensible, et on peut supposer au b\u00e9n\u00e9fice du doute, que si les traducteurs ne savent pas de quoi parlent la Torah et ce verset, ils ne peuvent pas le traduire et alors ils inventent des histoires de mains et de sacrifices qui ont encore moins de sens. On trouve pourtant des repr\u00e9sentations de la double h\u00e9lice chromosomique dans presque tous les \u00e9difices de toutes les religions. L'ADN est en effet la science \u00e9ternelle des pr\u00eatres.<\/p>\n<h3><span id=\"Levolution_de_la_conscience\"><a name=\"TOC-L-volution-de-la-conscience\"><\/a>L'\u00e9volution de la conscience<\/span><\/h3>\n<p>L'auteur remercie HaShem de lui procurer par l'interm\u00e9diaire d'\u00eatres humains nourriture, habits, livres, ordinateurs et tous ces objets de consommation.<\/p>\n<p>Il estime que les humains, qu'ils soient gentils ou m\u00e9chants, sont en g\u00e9n\u00e9ral fondamentalement mauvais, peu sont bons, et qu'ils doivent apprendre \u00e0 \u00eatre bons ; mais ce n'est l\u00e0 qu'une opinion fond\u00e9e uniquement sur son exp\u00e9rience. Il se peut que les gens soient fondamentalement bons, puisqu'ils naissent en toute innocence du monde des humains qui les corrompt. Il se peut \u00e9galement que la bont\u00e9 ou la m\u00e9chancet\u00e9 soit inscrite dans les g\u00e8nes, et alors le travail de mod\u00e9lisation de la bont\u00e9 et la r\u00e9pression des pulsions prend tout son sens, car la punition barbare des actes au d\u00e9triment de la r\u00e9forme des esprits est vaine, et cela n'importe qui peut l'observer autour de lui et dans les histoires des civilisations.<\/p>\n<p>Lorsqu'il contempla le monde, l'auteur fut \u00e9merveill\u00e9 de la nature de l'univers et du potentiel de l'esprit humain. Et lorsqu'il tenta de comprendre la cr\u00e9ation, il fut touch\u00e9 par l'esth\u00e9tique musicale de ses couleurs. Mais confront\u00e9 \u00e0 la m\u00e9chancet\u00e9 humaine, il fut d\u00e9sol\u00e9 de constater que ceux qui vendent la mort ne font finalement que r\u00e9colter ce qu'ils s\u00e8ment.<\/p>\n<p>L'auteur esp\u00e8re que le lecteur arriv\u00e9 jusqu'ici ne sera pas le m\u00eame que celui qui avait commenc\u00e9 sa lecture, et qu'il aura \u00e9volu\u00e9 pour le plus grand bien de tous : pour lui, pour sa famille, pour son groupe et pour son esp\u00e8ce.<\/p>\n<p>Si le lecteur se sent en danger apr\u00e8s avoir lu ce livre parce qu'il n'est plus ignorant du mal qui l'entoure ou parce que le mal qu'il repend a \u00e9t\u00e9 mis \u00e0 jour, qu'il ne s'en prenne pas \u00e0 l'auteur.<\/p>\n<p>Arriv\u00e9 \u00e0 ce stade de sa lecture, le lecteur perspicace se demandera sans doute d'o\u00f9 vient ce probl\u00e8me religieux et politique des groupes humains. Alors l'auteur r\u00e9pondra qu'il provient des \u00e9coles, des universit\u00e9s et des centres de formation, publics comme priv\u00e9s, civils comme militaires, la\u00efcs comme religieux.<\/p>\n<p>L'auteur ne s'attend pas \u00e0 ce que le lecteur attach\u00e9 \u00e0 ses croyances modernes et \u00e0 sa culture ancestrales puisse rapidement comprendre ce livre et changer facilement de point de vue.<\/p>\n<p>Au-del\u00e0 du probl\u00e8me de l'usage de l'imp\u00f4t, lorsqu'on privatise la religion comme l'\u00e9ducation, la sant\u00e9, l'aide et la justice, alors la religion, c\u2019est-\u00e0-dire la politique, est hors-la-loi, tout comme lorsqu'on impose la religion elle est dictature. Le plus important \u00e9tant de ne pas nuire et c'est tout le sujet tant de la loi humaine que de la doctrine abrahamique.<\/p>\n<p>L'\u00c9tat, en se s\u00e9parant de la religion, en se s\u00e9parant de la pens\u00e9e qui fa\u00e7onne sa politique, en se s\u00e9parant de la sant\u00e9, de l'aide et de la justice, est devenu schizophr\u00e8ne.<\/p>\n<p>La compassion est l'impulsion \u00e0 prodiguer de l'aide \u00e0 ceux qui souffrent.<\/p>\n<p>L'empathie est la facult\u00e9 d'accorder de l'existence \u00e0 autrui.<\/p>\n<p>La psycho-sociopathie est l'incapacit\u00e9 \u00e0 exprimer de la compassion et de l'empathie.<\/p>\n<p>Que les m\u00e9chants soient maudits \u00e0 jamais et qu'ils ne re\u00e7oivent pas leur part, c'est leurs choix. Que les justes soient b\u00e9nis \u00e0 jamais et qu'ils re\u00e7oivent leur part, c'est leurs choix. Que les enfants, que les orphelins, que les faibles, que les malades, que les ignorants et que les victimes soient par les justes tir\u00e9s des griffes des criminels, des menteurs et des comploteurs, telle est la volont\u00e9 de Dieu. Ainsi soit la Torah du Cr\u00e9ateur de l'Univers dont l'\u00e9tude de la Doctrine h\u00e9bra\u00efque est la plus grande des raisons de vivre parmi toutes les choses plus ou moins importantes de la vie.<\/p>\n<p>Existera-t-il un jour un monde o\u00f9 l'\u00e9ducation, la sant\u00e9, l'aide, la justice, la religion et la politique ne seront pas bas\u00e9es sur le profit et sur la rentabilit\u00e9 ?<\/p>\n<p>Ce livre, hormis la section du t\u00e9moignage, est le livre que l'auteur aurait aim\u00e9 lire lorsqu'il \u00e9tait adolescent, au lieu de perdre son temps en se faisant avoir par des m\u00e9chants qu'il ne connaissait pas et qui retirent du plaisir et du confort gr\u00e2ce du b\u00e9n\u00e9fice qu'ils retirent de leurs crimes commis contre la l\u00e9gislation et contre l'humanit\u00e9.<\/p>\n<p>Solon aurait dit : \"Quand on fait de grandes choses, il est difficile de plaire \u00e0 tout le monde. Il faut apprendre \u00e0 ob\u00e9ir pour savoir commander. La soci\u00e9t\u00e9 est bien gouvern\u00e9e quand les citoyens ob\u00e9issent aux magistrats et les magistrats aux lois.\"<\/p>\n<p><i>Paix \u00e0 tous les \u00eatres<\/i><\/p>\n<hr style=\"margin-bottom: 0px;\" \/>\n<table style=\"width: 100%; text-align: left; margin: 5px auto 5px auto;\" border=\"0\" cellspacing=\"1\" cellpadding=\"1\">\n<tbody align=\"justify\">\n<tr>\n<td style=\"width: 20%;\"><span style=\"font-size: Normal;\"><a href=\"https:\/\/asherhaimhalevi.ordisoftware.com\/works\/the-religious-problem\/chapter-7\/\">Pr\u00e9c\u00e9dent<\/a><\/span><\/td>\n<td style=\"text-align: center;\"><span style=\"font-size: Normal;\"><a href=\"https:\/\/asherhaimhalevi.ordisoftware.com\/works\/the-religious-problem\/#tableofcontent\">Sommaire<\/a><\/span><\/td>\n<td style=\"width: 20%;\"><\/td>\n<\/tr>\n<\/tbody>\n<\/table>\n<hr style=\"margin-top: 0px;\" \/>\n<\/p>","protected":false},"excerpt":{"rendered":"<p>Conclusion du livre \"Le probl\u00e8me religieux\". <\/p>\n<p><span style=\"color:#333\"> &rarr; <a href=\"https:\/\/asherhaimhalevi.ordisoftware.com\/works\/the-religious-problem\/conclusion\/\">Lire la suite<\/a><\/span><\/p>\n","protected":false},"author":1,"featured_media":0,"parent":155,"menu_order":42,"comment_status":"closed","ping_status":"closed","template":"","meta":[],"_links":{"self":[{"href":"https:\/\/asherhaimhalevi.ordisoftware.com\/wp-json\/wp\/v2\/pages\/429"}],"collection":[{"href":"https:\/\/asherhaimhalevi.ordisoftware.com\/wp-json\/wp\/v2\/pages"}],"about":[{"href":"https:\/\/asherhaimhalevi.ordisoftware.com\/wp-json\/wp\/v2\/types\/page"}],"author":[{"embeddable":true,"href":"https:\/\/asherhaimhalevi.ordisoftware.com\/wp-json\/wp\/v2\/users\/1"}],"replies":[{"embeddable":true,"href":"https:\/\/asherhaimhalevi.ordisoftware.com\/wp-json\/wp\/v2\/comments?post=429"}],"version-history":[{"count":0,"href":"https:\/\/asherhaimhalevi.ordisoftware.com\/wp-json\/wp\/v2\/pages\/429\/revisions"}],"up":[{"embeddable":true,"href":"https:\/\/asherhaimhalevi.ordisoftware.com\/wp-json\/wp\/v2\/pages\/155"}],"wp:attachment":[{"href":"https:\/\/asherhaimhalevi.ordisoftware.com\/wp-json\/wp\/v2\/media?parent=429"}],"curies":[{"name":"wp","href":"https:\/\/api.w.org\/{rel}","templated":true}]}}