{"id":430,"date":"2021-04-01T08:16:14","date_gmt":"2021-04-01T06:16:14","guid":{"rendered":"https:\/\/asherhaimhalevi.ordisoftware.com\/?page_id=430"},"modified":"2021-09-08T14:43:00","modified_gmt":"2021-09-08T12:43:00","slug":"ideal-civilization","status":"publish","type":"page","link":"https:\/\/asherhaimhalevi.ordisoftware.com\/works\/the-religious-problem\/ideal-civilization\/","title":{"rendered":"La civilisation id\u00e9ale"},"content":{"rendered":"<p style=\"margin-bottom:25px;\"><p style=\"text-align: left;\"><span style=\"color: #401000; text-transform: uppercase; font-size: 11pt;\">Diagramme des 12 secteurs administratifs de l'\u00c9tat la\u00efque id\u00e9al Selon la Torah h\u00e9bra\u00efque<\/span><\/p>\n<p><i>Point de vue original propos\u00e9 par l'auteur<\/i><\/p>\n<p><a href=\"https:\/\/asherhaimhalevi.ordisoftware.com\/logical-proposition\/health-help-justice-theory\/\">Th\u00e9orie de sant\u00e9-aide-justice<\/a><\/p>\n<p><img decoding=\"async\" class=\"image-bordered-p aligncenter wp-image-828 size-full\" src=\"https:\/\/asherhaimhalevi.ordisoftware.com\/wp-content\/uploads\/2021\/04\/Civilisation-Ideale.jpg\" alt=\"\" width=\"550\" height=\"820\" srcset=\"https:\/\/asherhaimhalevi.ordisoftware.com\/wp-content\/uploads\/2021\/04\/Civilisation-Ideale.jpg 550w, https:\/\/asherhaimhalevi.ordisoftware.com\/wp-content\/uploads\/2021\/04\/Civilisation-Ideale-201x300.jpg 201w, https:\/\/asherhaimhalevi.ordisoftware.com\/wp-content\/uploads\/2021\/04\/Civilisation-Ideale-134x200.jpg 134w, https:\/\/asherhaimhalevi.ordisoftware.com\/wp-content\/uploads\/2021\/04\/Civilisation-Ideale-101x150.jpg 101w, https:\/\/asherhaimhalevi.ordisoftware.com\/wp-content\/uploads\/2021\/04\/Civilisation-Ideale-400x596.jpg 400w\" sizes=\"(max-width: 550px) 100vw, 550px\" \/><\/p>\n<hr style=\"margin-bottom: 0px;\" \/>\n<table style=\"width: 100%; text-align: left; margin: 5px auto 5px auto;\" border=\"0\" cellspacing=\"1\" cellpadding=\"1\">\n<tbody align=\"justify\">\n<tr>\n<td style=\"width: 20%;\"><span style=\"font-size: Normal;\"><a href=\"https:\/\/asherhaimhalevi.ordisoftware.com\/works\/the-religious-problem\/religious-quotes\/\">Pr\u00e9c\u00e9dent<\/a><\/span><\/td>\n<td style=\"text-align: center;\"><span style=\"font-size: Normal;\"><a href=\"https:\/\/asherhaimhalevi.ordisoftware.com\/works\/the-religious-problem\/#tableofcontent\">Sommaire<\/a><\/span><\/td>\n<td style=\"width: 20%; text-align: right;\"><span style=\"font-size: Normal;\"><a href=\"https:\/\/asherhaimhalevi.ordisoftware.com\/works\/the-religious-problem\/foreword\/\">Suivant<\/a><\/span><\/td>\n<\/tr>\n<\/tbody>\n<\/table>\n<hr style=\"margin-top: 0px;\" \/>\n<\/p>","protected":false},"excerpt":{"rendered":"<p>Diagramme des douze secteurs administratifs de la civilisation id\u00e9ale selon la Torah H\u00e9bra\u00efque : point de vue original propos\u00e9 par l'auteur du livre \"Le probl\u00e8me religieux\". <\/p>\n<p><span style=\"color:#333\"> &rarr; <a href=\"https:\/\/asherhaimhalevi.ordisoftware.com\/works\/the-religious-problem\/ideal-civilization\/\">Lire la suite<\/a><\/span><\/p>\n","protected":false},"author":1,"featured_media":0,"parent":155,"menu_order":23,"comment_status":"closed","ping_status":"closed","template":"","meta":[],"_links":{"self":[{"href":"https:\/\/asherhaimhalevi.ordisoftware.com\/wp-json\/wp\/v2\/pages\/430"}],"collection":[{"href":"https:\/\/asherhaimhalevi.ordisoftware.com\/wp-json\/wp\/v2\/pages"}],"about":[{"href":"https:\/\/asherhaimhalevi.ordisoftware.com\/wp-json\/wp\/v2\/types\/page"}],"author":[{"embeddable":true,"href":"https:\/\/asherhaimhalevi.ordisoftware.com\/wp-json\/wp\/v2\/users\/1"}],"replies":[{"embeddable":true,"href":"https:\/\/asherhaimhalevi.ordisoftware.com\/wp-json\/wp\/v2\/comments?post=430"}],"version-history":[{"count":0,"href":"https:\/\/asherhaimhalevi.ordisoftware.com\/wp-json\/wp\/v2\/pages\/430\/revisions"}],"up":[{"embeddable":true,"href":"https:\/\/asherhaimhalevi.ordisoftware.com\/wp-json\/wp\/v2\/pages\/155"}],"wp:attachment":[{"href":"https:\/\/asherhaimhalevi.ordisoftware.com\/wp-json\/wp\/v2\/media?parent=430"}],"curies":[{"name":"wp","href":"https:\/\/api.w.org\/{rel}","templated":true}]}}