{"id":431,"date":"2021-04-01T08:16:16","date_gmt":"2021-04-01T06:16:16","guid":{"rendered":"https:\/\/asherhaimhalevi.ordisoftware.com\/?page_id=431"},"modified":"2021-07-08T11:31:21","modified_gmt":"2021-07-08T09:31:21","slug":"diagrams","status":"publish","type":"page","link":"https:\/\/asherhaimhalevi.ordisoftware.com\/works\/the-religious-problem\/diagrams\/","title":{"rendered":"Tables et diagrammes"},"content":{"rendered":"<p style=\"margin-bottom:25px;\"><div style=\"margin-top: 15px;\" id=\"toc_container\" class=\"no_bullets\"><ul class=\"toc_list\"><li><a href=\"#Table_de_grammaire_hebraique\">Table de grammaire h\u00e9bra\u00efque<\/a><\/li><li><a href=\"#Table_de_lalphabet_hebraique\">Table de l'alphabet h\u00e9bra\u00efque<\/a><\/li><li><a href=\"#Table_du_Sefer_Yetsirah\">Table du S\u00e9fer Yetsirah<\/a><\/li><li><a href=\"#Table_des_10_commandements\">Table des 10 commandements<\/a><\/li><li><a href=\"#Table_des_10_Sefirot_et_des_10_Qelipot\">Table des 10 S\u00e9firot et des 10 Qelipot<\/a><\/li><li><a href=\"#Table_des_eglises_de_lEvangile\">Table des \u00e9glises de l'\u00c9vangile<\/a><\/li><li><a href=\"#Table_de_laction_de_la_priere\">Table de l'action de la pri\u00e8re<\/a><\/li><li><a href=\"#Table_de_Kabalah\">Table de Kabalah<\/a><\/li><li><a href=\"#Table_du_cerveau\">Table du cerveau<\/a><\/li><li><a href=\"#Diagramme_de_lEden\">Diagramme de l'\u00c9den<\/a><\/li><\/ul><\/div>\n<h3><span id=\"Table_de_grammaire_hebraique\">Table de grammaire h\u00e9bra\u00efque<\/span><\/h3>\n<p><img decoding=\"async\" src=\"https:\/\/asherhaimhalevi.ordisoftware.com\/wp-content\/uploads\/2021\/04\/Schema-01-Table-de-grammaire-hebraique.png\" alt=\"\" width=\"600\" height=\"1290\" \/><\/p>\n<h3><span id=\"Table_de_lalphabet_hebraique\"><a id=\"TOC-Table-de-l-alphabet-h-bra-que\"><\/a>Table de l'alphabet h\u00e9bra\u00efque<\/span><\/h3>\n<p><img decoding=\"async\" class=\"aligncenter size-full wp-image-859\" src=\"https:\/\/asherhaimhalevi.ordisoftware.com\/wp-content\/uploads\/2021\/04\/Schema-02-Table-de-lalphabet-hebraique.png\" alt=\"\" width=\"600\" height=\"2500\" srcset=\"https:\/\/asherhaimhalevi.ordisoftware.com\/wp-content\/uploads\/2021\/04\/Schema-02-Table-de-lalphabet-hebraique.png 600w, https:\/\/asherhaimhalevi.ordisoftware.com\/wp-content\/uploads\/2021\/04\/Schema-02-Table-de-lalphabet-hebraique-72x300.png 72w, https:\/\/asherhaimhalevi.ordisoftware.com\/wp-content\/uploads\/2021\/04\/Schema-02-Table-de-lalphabet-hebraique-246x1024.png 246w, https:\/\/asherhaimhalevi.ordisoftware.com\/wp-content\/uploads\/2021\/04\/Schema-02-Table-de-lalphabet-hebraique-48x200.png 48w, https:\/\/asherhaimhalevi.ordisoftware.com\/wp-content\/uploads\/2021\/04\/Schema-02-Table-de-lalphabet-hebraique-36x150.png 36w, https:\/\/asherhaimhalevi.ordisoftware.com\/wp-content\/uploads\/2021\/04\/Schema-02-Table-de-lalphabet-hebraique-400x1667.png 400w\" sizes=\"(max-width: 600px) 100vw, 600px\" \/><\/p>\n<h3><span id=\"Table_du_Sefer_Yetsirah\">Table du S\u00e9fer Yetsirah<\/span><\/h3>\n<p><img decoding=\"async\" class=\"aligncenter size-full wp-image-860\" src=\"https:\/\/asherhaimhalevi.ordisoftware.com\/wp-content\/uploads\/2021\/04\/Schema-03-Table-du-Sefer-Yetsirah.png\" alt=\"\" width=\"600\" height=\"660\" srcset=\"https:\/\/asherhaimhalevi.ordisoftware.com\/wp-content\/uploads\/2021\/04\/Schema-03-Table-du-Sefer-Yetsirah.png 600w, https:\/\/asherhaimhalevi.ordisoftware.com\/wp-content\/uploads\/2021\/04\/Schema-03-Table-du-Sefer-Yetsirah-273x300.png 273w, https:\/\/asherhaimhalevi.ordisoftware.com\/wp-content\/uploads\/2021\/04\/Schema-03-Table-du-Sefer-Yetsirah-182x200.png 182w, https:\/\/asherhaimhalevi.ordisoftware.com\/wp-content\/uploads\/2021\/04\/Schema-03-Table-du-Sefer-Yetsirah-136x150.png 136w, https:\/\/asherhaimhalevi.ordisoftware.com\/wp-content\/uploads\/2021\/04\/Schema-03-Table-du-Sefer-Yetsirah-400x440.png 400w\" sizes=\"(max-width: 600px) 100vw, 600px\" \/><\/p>\n<h3><span id=\"Table_des_10_commandements\">Table des 10 commandements<\/span><\/h3>\n<p><img decoding=\"async\" class=\"aligncenter size-full wp-image-866\" src=\"https:\/\/asherhaimhalevi.ordisoftware.com\/wp-content\/uploads\/2021\/04\/Schema-09-Table-des-10-commandements.png\" alt=\"\" width=\"600\" height=\"260\" srcset=\"https:\/\/asherhaimhalevi.ordisoftware.com\/wp-content\/uploads\/2021\/04\/Schema-09-Table-des-10-commandements.png 600w, https:\/\/asherhaimhalevi.ordisoftware.com\/wp-content\/uploads\/2021\/04\/Schema-09-Table-des-10-commandements-300x130.png 300w, https:\/\/asherhaimhalevi.ordisoftware.com\/wp-content\/uploads\/2021\/04\/Schema-09-Table-des-10-commandements-200x87.png 200w, https:\/\/asherhaimhalevi.ordisoftware.com\/wp-content\/uploads\/2021\/04\/Schema-09-Table-des-10-commandements-150x65.png 150w, https:\/\/asherhaimhalevi.ordisoftware.com\/wp-content\/uploads\/2021\/04\/Schema-09-Table-des-10-commandements-400x173.png 400w\" sizes=\"(max-width: 600px) 100vw, 600px\" \/><\/p>\n<h3><span id=\"Table_des_10_Sefirot_et_des_10_Qelipot\">Table des 10 S\u00e9firot et des 10 Qelipot<\/span><\/h3>\n<p><img decoding=\"async\" class=\"aligncenter size-full wp-image-861\" src=\"https:\/\/asherhaimhalevi.ordisoftware.com\/wp-content\/uploads\/2021\/04\/Schema-04-Table-des-10-sefirot-et-des-10-qelipot.png\" alt=\"\" width=\"600\" height=\"800\" srcset=\"https:\/\/asherhaimhalevi.ordisoftware.com\/wp-content\/uploads\/2021\/04\/Schema-04-Table-des-10-sefirot-et-des-10-qelipot.png 600w, https:\/\/asherhaimhalevi.ordisoftware.com\/wp-content\/uploads\/2021\/04\/Schema-04-Table-des-10-sefirot-et-des-10-qelipot-225x300.png 225w, https:\/\/asherhaimhalevi.ordisoftware.com\/wp-content\/uploads\/2021\/04\/Schema-04-Table-des-10-sefirot-et-des-10-qelipot-150x200.png 150w, https:\/\/asherhaimhalevi.ordisoftware.com\/wp-content\/uploads\/2021\/04\/Schema-04-Table-des-10-sefirot-et-des-10-qelipot-113x150.png 113w, https:\/\/asherhaimhalevi.ordisoftware.com\/wp-content\/uploads\/2021\/04\/Schema-04-Table-des-10-sefirot-et-des-10-qelipot-400x533.png 400w\" sizes=\"(max-width: 600px) 100vw, 600px\" \/><\/p>\n<h3><span id=\"Table_des_eglises_de_lEvangile\">Table des \u00e9glises de l'\u00c9vangile<\/span><\/h3>\n<p><img decoding=\"async\" class=\"aligncenter size-full wp-image-862\" src=\"https:\/\/asherhaimhalevi.ordisoftware.com\/wp-content\/uploads\/2021\/04\/Schema-05-Table-des-eglises-de-lEvangile.png\" alt=\"\" width=\"600\" height=\"750\" srcset=\"https:\/\/asherhaimhalevi.ordisoftware.com\/wp-content\/uploads\/2021\/04\/Schema-05-Table-des-eglises-de-lEvangile.png 600w, https:\/\/asherhaimhalevi.ordisoftware.com\/wp-content\/uploads\/2021\/04\/Schema-05-Table-des-eglises-de-lEvangile-240x300.png 240w, https:\/\/asherhaimhalevi.ordisoftware.com\/wp-content\/uploads\/2021\/04\/Schema-05-Table-des-eglises-de-lEvangile-160x200.png 160w, https:\/\/asherhaimhalevi.ordisoftware.com\/wp-content\/uploads\/2021\/04\/Schema-05-Table-des-eglises-de-lEvangile-120x150.png 120w, https:\/\/asherhaimhalevi.ordisoftware.com\/wp-content\/uploads\/2021\/04\/Schema-05-Table-des-eglises-de-lEvangile-400x500.png 400w\" sizes=\"(max-width: 600px) 100vw, 600px\" \/><\/p>\n<h3><span id=\"Table_de_laction_de_la_priere\">Table de l'action de la pri\u00e8re<\/span><\/h3>\n<p><img decoding=\"async\" class=\"aligncenter size-full wp-image-863\" src=\"https:\/\/asherhaimhalevi.ordisoftware.com\/wp-content\/uploads\/2021\/04\/Schema-06-Table-de-laction-de-la-priere.png\" alt=\"\" width=\"600\" height=\"650\" srcset=\"https:\/\/asherhaimhalevi.ordisoftware.com\/wp-content\/uploads\/2021\/04\/Schema-06-Table-de-laction-de-la-priere.png 600w, https:\/\/asherhaimhalevi.ordisoftware.com\/wp-content\/uploads\/2021\/04\/Schema-06-Table-de-laction-de-la-priere-277x300.png 277w, https:\/\/asherhaimhalevi.ordisoftware.com\/wp-content\/uploads\/2021\/04\/Schema-06-Table-de-laction-de-la-priere-185x200.png 185w, https:\/\/asherhaimhalevi.ordisoftware.com\/wp-content\/uploads\/2021\/04\/Schema-06-Table-de-laction-de-la-priere-138x150.png 138w, https:\/\/asherhaimhalevi.ordisoftware.com\/wp-content\/uploads\/2021\/04\/Schema-06-Table-de-laction-de-la-priere-400x433.png 400w\" sizes=\"(max-width: 600px) 100vw, 600px\" \/><\/p>\n<h3><span id=\"Table_de_Kabalah\">Table de Kabalah<\/span><\/h3>\n<p>[slb_exclude]<a href=\"https:\/\/asherhaimhalevi.ordisoftware.com\/wp-content\/uploads\/2021\/04\/Schema-07-Table-de-Kabalah.png\" target=\"_blank\" rel=\"noopener\"><img decoding=\"async\" class=\"aligncenter wp-image-864\" src=\"https:\/\/asherhaimhalevi.ordisoftware.com\/wp-content\/uploads\/2021\/04\/Schema-07-Table-de-Kabalah-731x1024.png\" alt=\"\" width=\"600\" height=\"840\" srcset=\"https:\/\/asherhaimhalevi.ordisoftware.com\/wp-content\/uploads\/2021\/04\/Schema-07-Table-de-Kabalah-731x1024.png 731w, https:\/\/asherhaimhalevi.ordisoftware.com\/wp-content\/uploads\/2021\/04\/Schema-07-Table-de-Kabalah-214x300.png 214w, https:\/\/asherhaimhalevi.ordisoftware.com\/wp-content\/uploads\/2021\/04\/Schema-07-Table-de-Kabalah-143x200.png 143w, https:\/\/asherhaimhalevi.ordisoftware.com\/wp-content\/uploads\/2021\/04\/Schema-07-Table-de-Kabalah-768x1075.png 768w, https:\/\/asherhaimhalevi.ordisoftware.com\/wp-content\/uploads\/2021\/04\/Schema-07-Table-de-Kabalah-1097x1536.png 1097w, https:\/\/asherhaimhalevi.ordisoftware.com\/wp-content\/uploads\/2021\/04\/Schema-07-Table-de-Kabalah-107x150.png 107w, https:\/\/asherhaimhalevi.ordisoftware.com\/wp-content\/uploads\/2021\/04\/Schema-07-Table-de-Kabalah-400x560.png 400w, https:\/\/asherhaimhalevi.ordisoftware.com\/wp-content\/uploads\/2021\/04\/Schema-07-Table-de-Kabalah.png 1200w\" sizes=\"(max-width: 600px) 100vw, 600px\" \/><\/a>[\/slb_exclude]<\/p>\n<h3><span id=\"Table_du_cerveau\">Table du cerveau<\/span><\/h3>\n<p><img decoding=\"async\" class=\"aligncenter size-full wp-image-867\" src=\"https:\/\/asherhaimhalevi.ordisoftware.com\/wp-content\/uploads\/2021\/04\/Schema-10-Table-du-cerveau.png\" alt=\"\" width=\"600\" height=\"814\" srcset=\"https:\/\/asherhaimhalevi.ordisoftware.com\/wp-content\/uploads\/2021\/04\/Schema-10-Table-du-cerveau.png 600w, https:\/\/asherhaimhalevi.ordisoftware.com\/wp-content\/uploads\/2021\/04\/Schema-10-Table-du-cerveau-221x300.png 221w, https:\/\/asherhaimhalevi.ordisoftware.com\/wp-content\/uploads\/2021\/04\/Schema-10-Table-du-cerveau-147x200.png 147w, https:\/\/asherhaimhalevi.ordisoftware.com\/wp-content\/uploads\/2021\/04\/Schema-10-Table-du-cerveau-111x150.png 111w, https:\/\/asherhaimhalevi.ordisoftware.com\/wp-content\/uploads\/2021\/04\/Schema-10-Table-du-cerveau-400x543.png 400w\" sizes=\"(max-width: 600px) 100vw, 600px\" \/><\/p>\n<h3><span id=\"Diagramme_de_lEden\">Diagramme de l'\u00c9den<\/span><\/h3>\n<p><a href=\"https:\/\/asherhaimhalevi.ordisoftware.com\/wp-content\/uploads\/2021\/04\/Schema-08-Diagramme-de-lEden.png\"><img decoding=\"async\" class=\"aligncenter wp-image-865\" src=\"https:\/\/asherhaimhalevi.ordisoftware.com\/wp-content\/uploads\/2021\/04\/Schema-08-Diagramme-de-lEden.png\" alt=\"\" width=\"600\" height=\"510\" srcset=\"https:\/\/asherhaimhalevi.ordisoftware.com\/wp-content\/uploads\/2021\/04\/Schema-08-Diagramme-de-lEden.png 1000w, https:\/\/asherhaimhalevi.ordisoftware.com\/wp-content\/uploads\/2021\/04\/Schema-08-Diagramme-de-lEden-300x255.png 300w, https:\/\/asherhaimhalevi.ordisoftware.com\/wp-content\/uploads\/2021\/04\/Schema-08-Diagramme-de-lEden-200x170.png 200w, https:\/\/asherhaimhalevi.ordisoftware.com\/wp-content\/uploads\/2021\/04\/Schema-08-Diagramme-de-lEden-768x653.png 768w, https:\/\/asherhaimhalevi.ordisoftware.com\/wp-content\/uploads\/2021\/04\/Schema-08-Diagramme-de-lEden-150x128.png 150w, https:\/\/asherhaimhalevi.ordisoftware.com\/wp-content\/uploads\/2021\/04\/Schema-08-Diagramme-de-lEden-400x340.png 400w\" sizes=\"(max-width: 600px) 100vw, 600px\" \/><\/a><\/p>\n<\/p>","protected":false},"excerpt":{"rendered":"<p>Tables et diagrammes du livre \"Le probl\u00e8me religieux\". <\/p>\n<p><span style=\"color:#333\"> &rarr; <a href=\"https:\/\/asherhaimhalevi.ordisoftware.com\/works\/the-religious-problem\/diagrams\/\">Lire la suite<\/a><\/span><\/p>\n","protected":false},"author":1,"featured_media":0,"parent":155,"menu_order":43,"comment_status":"closed","ping_status":"closed","template":"","meta":[],"_links":{"self":[{"href":"https:\/\/asherhaimhalevi.ordisoftware.com\/wp-json\/wp\/v2\/pages\/431"}],"collection":[{"href":"https:\/\/asherhaimhalevi.ordisoftware.com\/wp-json\/wp\/v2\/pages"}],"about":[{"href":"https:\/\/asherhaimhalevi.ordisoftware.com\/wp-json\/wp\/v2\/types\/page"}],"author":[{"embeddable":true,"href":"https:\/\/asherhaimhalevi.ordisoftware.com\/wp-json\/wp\/v2\/users\/1"}],"replies":[{"embeddable":true,"href":"https:\/\/asherhaimhalevi.ordisoftware.com\/wp-json\/wp\/v2\/comments?post=431"}],"version-history":[{"count":0,"href":"https:\/\/asherhaimhalevi.ordisoftware.com\/wp-json\/wp\/v2\/pages\/431\/revisions"}],"up":[{"embeddable":true,"href":"https:\/\/asherhaimhalevi.ordisoftware.com\/wp-json\/wp\/v2\/pages\/155"}],"wp:attachment":[{"href":"https:\/\/asherhaimhalevi.ordisoftware.com\/wp-json\/wp\/v2\/media?parent=431"}],"curies":[{"name":"wp","href":"https:\/\/api.w.org\/{rel}","templated":true}]}}