{"id":48,"date":"2021-03-29T19:23:47","date_gmt":"2021-03-29T17:23:47","guid":{"rendered":"https:\/\/asherhaimhalevi.ordisoftware.com\/?page_id=48"},"modified":"2022-11-11T10:41:11","modified_gmt":"2022-11-11T09:41:11","slug":"logical-proposition","status":"publish","type":"page","link":"https:\/\/asherhaimhalevi.ordisoftware.com\/","title":{"rendered":"Une id\u00e9e pour un monde meilleur"},"content":{"rendered":"<p style=\"margin-bottom:25px;\"><p><sup><i>Premi\u00e8re r\u00e9daction fin 2011<\/i><\/sup><br \/>\n<sup><i>Derni\u00e8re mise \u00e0 jour d\u00e9but 2021<\/i><\/sup><\/p>\n<div style=\"margin-top: 15px;\" id=\"toc_container\" class=\"no_bullets\"><ul class=\"toc_list\"><li><a href=\"#Considerations_sur_lautorite\">Consid\u00e9rations sur l'autorit\u00e9<\/a><\/li><li><a href=\"#Constat_legislatif_mondial\">Constat l\u00e9gislatif mondial<\/a><\/li><li><a href=\"#Fondation_dune_association_internationale\">Fondation d'une association internationale<\/a><ul><li><a href=\"#Mission_dinteret_general\">Mission d'int\u00e9r\u00eat g\u00e9n\u00e9ral<\/a><\/li><li><a href=\"#Deux_buts_pour_reduire_la_souffrance\">Deux buts pour r\u00e9duire la souffrance<\/a><\/li><li><a href=\"#Trois_moyens_pour_informer\">Trois moyens pour informer<\/a><\/li><\/ul><\/li><\/ul><\/div>\n\n<h3 style=\"margin-top: 0px;\"><span id=\"Considerations_sur_lautorite\">Consid\u00e9rations sur l'autorit\u00e9<\/span><\/h3>\n<p style=\"text-align: justify;\">Le seul et unique but fondamental de la loi humaine est de prot\u00e9ger la vie et les biens de toutes les personnes, indig\u00e8nes comme \u00e9trang\u00e8res, sans discrimination puisque toutes et tous sont \u00e9gaux en droits, et sans d\u00e9truire m\u00eame les criminels puisque tant l'erreur que la collusion sont humaines.<\/p>\n<p style=\"text-align: justify;\">Cette <a href=\"https:\/\/asherhaimhalevi.ordisoftware.com\/logical-proposition\/fundamental-laws\/\">loi humaine<\/a> est en effet faite pour que les forts prennent soins des faibles, et non pour leur nuire, sinon la loi de la vie fait que les forts ne survivent pas plus que les faibles, car ce sont les faibles qui font survivre les forts en devenant forts\u00a0: la preuve fondamentale en est que tous les nouveau-n\u00e9s sont faibles et ce principe est tr\u00e8s connu des docteurs, des herboristes, des jardiniers et de la plupart des adultes.<\/p>\n<p style=\"text-align: justify;\">Ainsi les bonnes lois et les actes convenables aident, soignent, prot\u00e8gent, et r\u00e9solvent les probl\u00e8mes, pour faire vivre les gens et pour faire mourir les actes mauvais : tel est le travail des vivants, dans la mesure du possible ; et c'est difficile d'agir correctement, car \u00e7a demande de la bonne volont\u00e9 et des efforts. Mais les lois inadapt\u00e9es et les actes malintentionn\u00e9s abandonnent, rendent malade, font souffrir, et fabriquent les probl\u00e8mes, pour le profit et pour d\u00e9truire les \u00eatres : tel est le travail de la mort, dans la mesure du possible ; et c'est tr\u00e8s facile de mal agir et de nuire, car il suffit d'en avoir rien \u00e0 faire.<\/p>\n<p style=\"text-align: justify;\">Ce qu'on raconte au sujet des bonnes et des mauvaises lois, la fameuse philosophie, n'a aucune importante : bien ou mal utilis\u00e9es, les lois humaines comme divines marchent ou ne marchent pas, ind\u00e9pendamment de la volont\u00e9 humaine et de ses plans, en fonction des vecteurs de forces qui engendrent les fonctions qui font que les ph\u00e9nom\u00e8nes abstraits sans localisation ni temps deviennent des \u00e9v\u00e8nements concrets dans l'espace et le rythme ; car ce qu'on nomme g\u00e9n\u00e9ralement \u00e0 tort le divin de mani\u00e8re diverse et vari\u00e9e n'a en fait ni plus ni moins d'existence, de volont\u00e9, de plan et de but que la force de gravitation ou de la mitose.<\/p>\n<p style=\"text-align: justify;\">Concernant l'\u00e9thique, cette chose est le choix du bien, lorsqu'on sait comment fonctionnent certaines choses, afin d'agir sans porter de pr\u00e9judice \u00e0 qui que ce soit pour cr\u00e9er, pour r\u00e9parer, pour faire \u00e9voluer et pour faire survivre les choses souhaitables et pour faire dispara\u00eetre celles qui ne le sont pas, c'est-\u00e0-dire les syst\u00e8mes, les comportements et les objets dangereux, mais en aucun cas les humains eux-m\u00eames et ses aptitudes qu'il faut sans cesse am\u00e9liorer.<\/p>\n<p style=\"text-align: justify;\">Tout le sujet des l\u00e9gislations adapt\u00e9es d'un peuple \u00e9volu\u00e9 et prosp\u00e8re est d'assurer les meilleures conditions de vie et la s\u00e9curit\u00e9 des possessions l\u00e9gitimes de chaque individu et non pas seulement d'un groupe ou d'un sous-groupe particulier au d\u00e9triment ou au pr\u00e9judice d'un autre.<\/p>\n<p style=\"text-align: justify;\">Alors la <a href=\"https:\/\/asherhaimhalevi.ordisoftware.com\/works\/the-religious-problem\/ideal-civilization\/\">civilisation<\/a> se d\u00e9veloppe gr\u00e2ce \u00e0 l'application syst\u00e9matique et bienveillante des lois et donc des programmes et des donn\u00e9es, tandis que la barbarie se d\u00e9veloppe gr\u00e2ce \u00e0 la manipulation malveillante des r\u00e8gles et donc des proc\u00e9dures et des informations : parce que le pouvoir est ce qui renforce le c\u0153ur des justes et qui corrompt celui des m\u00e9chants.<\/p>\n<p style=\"text-align: justify;\">C'est pourquoi la plus grande faiblesse d'un esprit humain est de croire que la cruaut\u00e9 est une force de la nature sup\u00e9rieure \u00e0 la force de la compassion qui g\u00e9n\u00e8re les actions d'assistance envers autrui et qui est issue du v\u00e9ritable savoir et pas seulement de quelque connaissance.<\/p>\n<p><img decoding=\"async\" class=\"image-p aligncenter wp-image-1533 size-full\" src=\"https:\/\/asherhaimhalevi.ordisoftware.com\/wp-content\/uploads\/2021\/04\/formules.png\" alt=\"\" width=\"400\" height=\"65\" srcset=\"https:\/\/asherhaimhalevi.ordisoftware.com\/wp-content\/uploads\/2021\/04\/formules.png 400w, https:\/\/asherhaimhalevi.ordisoftware.com\/wp-content\/uploads\/2021\/04\/formules-300x49.png 300w, https:\/\/asherhaimhalevi.ordisoftware.com\/wp-content\/uploads\/2021\/04\/formules-200x33.png 200w, https:\/\/asherhaimhalevi.ordisoftware.com\/wp-content\/uploads\/2021\/04\/formules-150x24.png 150w\" sizes=\"(max-width: 400px) 100vw, 400px\" \/><\/p>\n<h3><span id=\"Constat_legislatif_mondial\"><a id=\"constatlegislatif\"><\/a>Constat l\u00e9gislatif mondial<\/span><\/h3>\n<p style=\"text-align: justify;\">Le <a href=\"https:\/\/www.conseil-constitutionnel.fr\/le-bloc-de-constitutionnalite\/preambule-de-la-constitution-du-27-octobre-1946\" target=\"_blank\" rel=\"noopener\">Pr\u00e9ambule de la Constitution Fran\u00e7aise<\/a> du 27 octobre 1946 stipulent notamment que l'\u00e9ducation, la sant\u00e9, l'aide et la justice, ainsi que subs\u00e9quemment la recherche m\u00e9dicale et l'assurance contre le ch\u00f4mage, les maladies, les accidents et les nuisances, sont des services-publics nationaux qui sont financ\u00e9s par l'imp\u00f4t et qui sont g\u00e9r\u00e9s pas des fonctionnaires d\u00e9gag\u00e9s de toute prise d'int\u00e9r\u00eats commerciaux.<\/p>\n<p style=\"text-align: justify;\">Le <a href=\"https:\/\/www.conseil-etat.fr\/ressources\/decisions-contentieuses\/les-grandes-decisions-du-conseil-d-etat\/conseil-d-etat-13-mai-1938-caisse-primaire-aide-et-protection\" target=\"_blank\" rel=\"noopener\">Conseil d'\u00c9tat<\/a> a jug\u00e9 le 13 mai 1938 que \"des personnes morales de droit priv\u00e9 peuvent g\u00e9rer des missions de service public, y compris sans qu'un contrat soit pass\u00e9 avec l'administration\" sans toutefois stipuler que cela ne d\u00e9douane pas l'\u00c9tat d'offrir au moins un bureau national public. On ne saurait par exemple interdire les associations caritatives et les cliniques ou encore les laboratoires de recherche priv\u00e9s, mais au moins une soci\u00e9t\u00e9 d'assurance maladie et juridique nationale et un v\u00e9ritable service d'h\u00f4pital et de recherche public est non seulement vital mais requis par la loi en vigueur. Parce que si le bureau des avocats est \u00e9galement priv\u00e9 \u00e0 100% malgr\u00e9 une aide juridictionnelle aux victimes qui peut \u00eatre arbitrairement et souverainement rejet\u00e9 sans recours possible au nom du bon-droit et du bien-fond\u00e9 pour quelque motif que ce soit, c'est tout le syst\u00e8me qui est dysfonctionnel car corrompu, m\u00eame lorsque les-dites victimes sont arr\u00eat\u00e9es par la police ou par les urgences pour \u00eatre envoy\u00e9es en psychiatrie afin de les isoler et de les faire taire avec des poisons mortels, puisque tant les juges, qui ob\u00e9issent aux docteurs tout en ignorant les contre-preuves \u00e0 l'absence de preuves, que les avocats, qui lorsqu'ils ne valident pas cette mascarade ne sont pas \u00e9cout\u00e9s, ne sont qu'une parodie.<\/p>\n<p style=\"text-align: justify;\">Le <a href=\"https:\/\/www.legifrance.gouv.fr\/codes\/article_lc\/LEGIARTI000042795673\" target=\"_blank\" rel=\"noopener\">Code de Sant\u00e9 Publiqu<\/a>e stipule que \"La m\u00e9decine ne doit pas \u00eatre pratiqu\u00e9e comme un commerce\" et pourtant en v\u00e9rit\u00e9 dans les faits tout est priv\u00e9 \u00e0 but lucratif depuis l'<a href=\"https:\/\/demarchesadministratives.fr\/cpam-assurance-maladie\" target=\"_blank\" rel=\"noopener\">assurance maladie et les h\u00f4pitaux<\/a> jusqu'aux docteurs et aux pharmacies ; l'hygi\u00e8ne de convenance telle que les compl\u00e9ments nutritionnels et la gymnastique au-del\u00e0 de l'aspect vital en cas de maladie et de handicap n'\u00e9tant pas concern\u00e9 - et on ne devrait jamais forcer qui que ce soit \u00e0 participer \u00e0 une activit\u00e9 sportive ou \u00e0 consommer quelque substance ayant des effets secondaires notables hormis de l'eau saine et de la nourriture vitale.<\/p>\n<p style=\"text-align: justify;\">En r\u00e9alit\u00e9 et en pratique, c'est contre les lois en vigueur que des organisations priv\u00e9es, de fait l\u00e9gislatif et constitutionnel ill\u00e9gales, dirigent les comit\u00e9s publics des territoires et du pays depuis les mairies jusqu'au gouvernement en passant par les d\u00e9partements et les r\u00e9gions : l'ensemble de ces entit\u00e9s forme ce qui est nomm\u00e9 \"<a href=\"https:\/\/asherhaimhalevi.ordisoftware.com\/logical-proposition\/health-help-justice-theory\/\">organisation m\u00e9dico-sociale et juridique-judiciaire<\/a>\" de la Nation, et ces comit\u00e9s sont compos\u00e9s des repr\u00e9sentants de ces entreprises et associations, officiellement dites \u00e0 but lucratif ou non lucratif, qui si\u00e8gent ainsi aux c\u00f4t\u00e9s des \u00e9lus eux-m\u00eames directement ou indirectement impliqu\u00e9s dans leurs activit\u00e9s notamment financi\u00e8res, via des int\u00e9r\u00eats d'emploi, de subvention, de bourse ou d'id\u00e9ologie, tandis que ces assembl\u00e9es sont plac\u00e9es sous la tutelle du gouvernement et notamment des minist\u00e8res de la sant\u00e9 et de la justice ainsi que du travail ; la pr\u00e9sidence nommant les procureurs et les juges.<\/p>\n<p style=\"text-align: justify;\">Ce qui pr\u00e9c\u00e8de concernant la France est quasi-majoritairement valable en Europe et dans le Monde entier, notamment au sein des Nations-Unies, quelles que soient les variations des codes locaux.<\/p>\n<table style=\"border-collapse: collapse; width: 100%; margin-top: 0px; margin-bottom: 0px; height: 496px;\">\n<tbody>\n<tr style=\"height: 236px;\">\n<td style=\"width: 50%; height: 236px;\"><a href=\"https:\/\/asherhaimhalevi.ordisoftware.com\/wp-content\/uploads\/2021\/04\/constitution-fr-preambule.png\"><img decoding=\"async\" class=\"image-bordered aligncenter wp-image-1199 size-thumbnail\" src=\"https:\/\/asherhaimhalevi.ordisoftware.com\/wp-content\/uploads\/2021\/04\/constitution-fr-preambule-137x200.png\" alt=\"\" width=\"137\" height=\"200\" srcset=\"https:\/\/asherhaimhalevi.ordisoftware.com\/wp-content\/uploads\/2021\/04\/constitution-fr-preambule-137x200.png 137w, https:\/\/asherhaimhalevi.ordisoftware.com\/wp-content\/uploads\/2021\/04\/constitution-fr-preambule-205x300.png 205w, https:\/\/asherhaimhalevi.ordisoftware.com\/wp-content\/uploads\/2021\/04\/constitution-fr-preambule-103x150.png 103w, https:\/\/asherhaimhalevi.ordisoftware.com\/wp-content\/uploads\/2021\/04\/constitution-fr-preambule-400x585.png 400w, https:\/\/asherhaimhalevi.ordisoftware.com\/wp-content\/uploads\/2021\/04\/constitution-fr-preambule.png 650w\" sizes=\"(max-width: 137px) 100vw, 137px\" \/><\/a><\/td>\n<td style=\"width: 50%; height: 236px;\"><a href=\"https:\/\/asherhaimhalevi.ordisoftware.com\/wp-content\/uploads\/2021\/04\/medecine-pas-commerce.png\"><img decoding=\"async\" class=\"image-bordered aligncenter wp-image-1200\" src=\"https:\/\/asherhaimhalevi.ordisoftware.com\/wp-content\/uploads\/2021\/04\/medecine-pas-commerce-300x240.png\" alt=\"\" width=\"250\" height=\"200\" srcset=\"https:\/\/asherhaimhalevi.ordisoftware.com\/wp-content\/uploads\/2021\/04\/medecine-pas-commerce-300x240.png 300w, https:\/\/asherhaimhalevi.ordisoftware.com\/wp-content\/uploads\/2021\/04\/medecine-pas-commerce-200x160.png 200w, https:\/\/asherhaimhalevi.ordisoftware.com\/wp-content\/uploads\/2021\/04\/medecine-pas-commerce-150x120.png 150w, https:\/\/asherhaimhalevi.ordisoftware.com\/wp-content\/uploads\/2021\/04\/medecine-pas-commerce-400x320.png 400w, https:\/\/asherhaimhalevi.ordisoftware.com\/wp-content\/uploads\/2021\/04\/medecine-pas-commerce.png 750w\" sizes=\"(max-width: 250px) 100vw, 250px\" \/><\/a><\/td>\n<\/tr>\n<tr style=\"height: 236px;\">\n<td style=\"width: 50%; height: 236px;\"><a href=\"https:\/\/asherhaimhalevi.ordisoftware.com\/wp-content\/uploads\/2021\/04\/statuts-securite-sociale.png\"><img decoding=\"async\" class=\"image-bordered aligncenter wp-image-1202\" src=\"https:\/\/asherhaimhalevi.ordisoftware.com\/wp-content\/uploads\/2021\/04\/statuts-securite-sociale-300x268.png\" alt=\"\" width=\"224\" height=\"200\" srcset=\"https:\/\/asherhaimhalevi.ordisoftware.com\/wp-content\/uploads\/2021\/04\/statuts-securite-sociale-300x268.png 300w, https:\/\/asherhaimhalevi.ordisoftware.com\/wp-content\/uploads\/2021\/04\/statuts-securite-sociale-200x179.png 200w, https:\/\/asherhaimhalevi.ordisoftware.com\/wp-content\/uploads\/2021\/04\/statuts-securite-sociale-150x134.png 150w, https:\/\/asherhaimhalevi.ordisoftware.com\/wp-content\/uploads\/2021\/04\/statuts-securite-sociale-400x357.png 400w, https:\/\/asherhaimhalevi.ordisoftware.com\/wp-content\/uploads\/2021\/04\/statuts-securite-sociale.png 470w\" sizes=\"(max-width: 224px) 100vw, 224px\" \/><\/a><\/td>\n<td style=\"width: 50%; height: 236px;\"><a href=\"https:\/\/asherhaimhalevi.ordisoftware.com\/wp-content\/uploads\/2022\/11\/service-public-prive.png\"><img decoding=\"async\" class=\"image-bordered aligncenter wp-image-5426\" src=\"https:\/\/asherhaimhalevi.ordisoftware.com\/wp-content\/uploads\/2022\/11\/service-public-prive.png\" alt=\"\" width=\"350\" height=\"129\" srcset=\"https:\/\/asherhaimhalevi.ordisoftware.com\/wp-content\/uploads\/2022\/11\/service-public-prive.png 519w, https:\/\/asherhaimhalevi.ordisoftware.com\/wp-content\/uploads\/2022\/11\/service-public-prive-300x111.png 300w, https:\/\/asherhaimhalevi.ordisoftware.com\/wp-content\/uploads\/2022\/11\/service-public-prive-200x74.png 200w, https:\/\/asherhaimhalevi.ordisoftware.com\/wp-content\/uploads\/2022\/11\/service-public-prive-150x55.png 150w, https:\/\/asherhaimhalevi.ordisoftware.com\/wp-content\/uploads\/2022\/11\/service-public-prive-400x148.png 400w\" sizes=\"(max-width: 350px) 100vw, 350px\" \/><\/a><\/td>\n<\/tr>\n<\/tbody>\n<\/table>\n<table style=\"border-collapse: collapse; width: 100%; margin-top: 0px; margin-bottom: 10px;\">\n<tbody>\n<tr>\n<td><a href=\"https:\/\/asherhaimhalevi.ordisoftware.com\/wp-content\/uploads\/2021\/09\/DUDH-Art25.png\"><img decoding=\"async\" class=\"image-bordered aligncenter wp-image-2672\" src=\"https:\/\/asherhaimhalevi.ordisoftware.com\/wp-content\/uploads\/2021\/09\/DUDH-Art25.png\" alt=\"\" width=\"359\" height=\"150\" srcset=\"https:\/\/asherhaimhalevi.ordisoftware.com\/wp-content\/uploads\/2021\/09\/DUDH-Art25.png 670w, https:\/\/asherhaimhalevi.ordisoftware.com\/wp-content\/uploads\/2021\/09\/DUDH-Art25-300x125.png 300w, https:\/\/asherhaimhalevi.ordisoftware.com\/wp-content\/uploads\/2021\/09\/DUDH-Art25-200x84.png 200w, https:\/\/asherhaimhalevi.ordisoftware.com\/wp-content\/uploads\/2021\/09\/DUDH-Art25-150x63.png 150w, https:\/\/asherhaimhalevi.ordisoftware.com\/wp-content\/uploads\/2021\/09\/DUDH-Art25-400x167.png 400w\" sizes=\"(max-width: 359px) 100vw, 359px\" \/><\/a><\/td>\n<\/tr>\n<\/tbody>\n<\/table>\n<h3><span id=\"Fondation_dune_association_internationale\">Fondation d'une association internationale<\/span><\/h3>\n<h4><span id=\"Mission_dinteret_general\">Mission d'int\u00e9r\u00eat g\u00e9n\u00e9ral<\/span><\/h4>\n<p style=\"text-align: justify;\">Toute personne souhaitant fonder ou participer \u00e0 la fondation et \u00e0 l'entretien d'une organisation non gouvernementale comme par exemple\u00a0:<\/p>\n<table class=\" alignjustify\" style=\"margin-top: -10px; margin-bottom: -10px;\" width=\"100%\" cellspacing=\"0\" cellpadding=\"0\">\n<tbody>\n<tr>\n<td width=\"6%\"><\/td>\n<td width=\"47%\">\n<p style=\"line-height: 175%;\"><i>Association Internationale<br \/>\npour les Soins M\u00e9dicaux<br \/>\npour l'Acc\u00e8s aux Tribunaux<br \/>\net pour un Lieu d'Habitation<br \/>\nGratuits pour Tous<\/i><\/p>\n<\/td>\n<td width=\"47%\">\n<p style=\"line-height: 175%;\"><i>International Association<br \/>\nfor Medical Care<br \/>\nfor Access to Courts<br \/>\nand for a Dwelling Place<br \/>\nFree for All<\/i><\/p>\n<\/td>\n<\/tr>\n<\/tbody>\n<\/table>\n<p style=\"text-align: justify;\">Est libre de le faire ou de contacter l'<a href=\"https:\/\/asherhaimhalevi.ordisoftware.com\/author\/\">auteur<\/a> qui interviendra en tant que conseiller humanitaire et consultant informatique ind\u00e9pendant.<\/p>\n<h4 style=\"text-align: justify;\"><span id=\"Deux_buts_pour_reduire_la_souffrance\">Deux buts pour r\u00e9duire la souffrance<\/span><\/h4>\n<ul>\n<li style=\"text-align: justify;\">Promouvoir au sein de l'humanit\u00e9, quelle que soit la politique administrative de l'\u00c9tat, le droit \u00e0 une la\u00efcit\u00e9 aussi juste et impartiale qu'\u00e9quitable, et le droit \u00e0 une libert\u00e9 d'existence et de culte ou de culture dans le respect de la vie d'autrui et de l'obligation de ne pas atteindre \u00e0 son int\u00e9grit\u00e9, en informant sur la nature de la vie, des \u00eatres humains, des groupes, des civilisations, des lois et des crimes.<\/li>\n<\/ul>\n<ul>\n<li style=\"text-align: justify;\">Promouvoir sans pr\u00e9f\u00e9rence particuli\u00e8re d'id\u00e9e les principes vitaux de politique fondamentale expos\u00e9s dans la <a href=\"https:\/\/asherhaimhalevi.ordisoftware.com\/logical-proposition\/health-help-justice-theory\/\">Th\u00e9orie de sant\u00e9-aide-justice<\/a> et l'<a href=\"https:\/\/asherhaimhalevi.ordisoftware.com\/works\/the-religious-problem\/foreword\/\">Avant-propos<\/a> du livre <a href=\"https:\/\/asherhaimhalevi.ordisoftware.com\/works\/the-religious-problem\/\">Le probl\u00e8me religieux<\/a>, c'est-\u00e0-dire la r\u00e9forme des syst\u00e8mes m\u00e9dico-sociaux et juridiques-judiciaires lorsque leurs <a href=\"https:\/\/asherhaimhalevi.ordisoftware.com\/logical-proposition\/administrative-directory\/\">autorit\u00e9s r\u00e9gissantes<\/a> n'agissent pas en tant que services publics \u00e0 but non lucratif, afin que les <a href=\"https:\/\/asherhaimhalevi.ordisoftware.com\/logical-proposition\/humans-laws-about-humans-rights\/\">lois en vigueur<\/a> et la libert\u00e9 de vivre soient respect\u00e9es, que les trafics et le <a href=\"https:\/\/asherhaimhalevi.ordisoftware.com\/author\/testimony\/\">nombre de malades et d'accident\u00e9s<\/a> diminuent, et que chacun puisse prosp\u00e9rer en paix selon ses capacit\u00e9s.<\/li>\n<\/ul>\n<h4 style=\"text-align: justify;\"><span id=\"Trois_moyens_pour_informer\">Trois moyens pour informer<\/span><\/h4>\n<ul>\n<li style=\"text-align: justify;\">Une adresse postale pour g\u00e9rer les courriers administratifs.<\/li>\n<\/ul>\n<ul>\n<li style=\"text-align: justify;\">Un site internet pour renseigner le public et communiquer avec lui.<\/li>\n<\/ul>\n<ul>\n<li style=\"text-align: justify;\">Une \u00e9quipe de b\u00e9n\u00e9voles charg\u00e9e de mettre \u00e0 jour la section des donn\u00e9es \u00e0 promouvoir, de r\u00e9pondre aux messages et de former et entretenir des relations avec les organisations internationales qui \u0153uvrent pour l'\u00e9volution et la civilisation des secteurs \u00e9ducatifs, politiques, financiers, m\u00e9dicaux, sociaux et juridiques.<\/li>\n<\/ul>\n<p><img decoding=\"async\" class=\"aligncenter wp-image-1526 size-thumbnail\" style=\"margin-top: 20px; margin-bottom: -20px;\" src=\"https:\/\/asherhaimhalevi.ordisoftware.com\/wp-content\/uploads\/2021\/04\/symbole-160x200.jpg\" alt=\"\" width=\"160\" height=\"200\" srcset=\"https:\/\/asherhaimhalevi.ordisoftware.com\/wp-content\/uploads\/2021\/04\/symbole-160x200.jpg 160w, https:\/\/asherhaimhalevi.ordisoftware.com\/wp-content\/uploads\/2021\/04\/symbole-120x150.jpg 120w, https:\/\/asherhaimhalevi.ordisoftware.com\/wp-content\/uploads\/2021\/04\/symbole.jpg 200w\" sizes=\"(max-width: 160px) 100vw, 160px\" \/><\/p>\n<\/p>","protected":false},"excerpt":{"rendered":"<p>Proposition logique pour un monde meilleur : nationaliser la sant\u00e9, l'aide et la justice comme l'\u00e9ducation en vertu des lois en vigueur. <\/p>\n<p><span style=\"color:#333\"> &rarr; <a href=\"https:\/\/asherhaimhalevi.ordisoftware.com\/\">Lire la suite<\/a><\/span><\/p>\n","protected":false},"author":1,"featured_media":0,"parent":0,"menu_order":46,"comment_status":"closed","ping_status":"closed","template":"","meta":[],"_links":{"self":[{"href":"https:\/\/asherhaimhalevi.ordisoftware.com\/wp-json\/wp\/v2\/pages\/48"}],"collection":[{"href":"https:\/\/asherhaimhalevi.ordisoftware.com\/wp-json\/wp\/v2\/pages"}],"about":[{"href":"https:\/\/asherhaimhalevi.ordisoftware.com\/wp-json\/wp\/v2\/types\/page"}],"author":[{"embeddable":true,"href":"https:\/\/asherhaimhalevi.ordisoftware.com\/wp-json\/wp\/v2\/users\/1"}],"replies":[{"embeddable":true,"href":"https:\/\/asherhaimhalevi.ordisoftware.com\/wp-json\/wp\/v2\/comments?post=48"}],"version-history":[{"count":0,"href":"https:\/\/asherhaimhalevi.ordisoftware.com\/wp-json\/wp\/v2\/pages\/48\/revisions"}],"wp:attachment":[{"href":"https:\/\/asherhaimhalevi.ordisoftware.com\/wp-json\/wp\/v2\/media?parent=48"}],"curies":[{"name":"wp","href":"https:\/\/api.w.org\/{rel}","templated":true}]}}