{"id":5010,"date":"2022-09-17T11:57:32","date_gmt":"2022-09-17T09:57:32","guid":{"rendered":"https:\/\/asherhaimhalevi.ordisoftware.com\/?page_id=5010"},"modified":"2022-09-17T14:47:32","modified_gmt":"2022-09-17T12:47:32","slug":"music","status":"publish","type":"page","link":"https:\/\/asherhaimhalevi.ordisoftware.com\/works\/music\/","title":{"rendered":"La musique"},"content":{"rendered":"<p style=\"margin-bottom:25px;\"><h4 style=\"text-align: justify;\"><span style=\"color: #401000; text-transform: uppercase; font-size: 11pt;\">Le shofar ou l'unit\u00e9 de la multitude des instruments<br \/>\nL'action des sons sur le cerveau du corps<\/span><\/h4>\n<p style=\"margin-bottom: 20px;\"><sup><i>A para\u00eetre apr\u00e8s les autres ouvrages<\/i><\/sup><\/p>\n<div style=\"margin-top: 15px;\" id=\"toc_container\" class=\"no_bullets\"><ul class=\"toc_list\"><li><a href=\"#Couverture\">Couverture<\/a><\/li><li><a href=\"#Description\">Description<\/a><\/li><li><a href=\"#Ecouter\">\u00c9couter<\/a><\/li><\/ul><\/div>\n<h3><span id=\"Couverture\">Couverture<\/span><\/h3>\n<table style=\"border-collapse: collapse; width: 100%;\">\n<tbody>\n<tr>\n<td style=\"width: 50%;\"><a href=\"https:\/\/asherhaimhalevi.ordisoftware.com\/wp-content\/uploads\/2022\/09\/Book-Cover-La-musique-v1-Front.jpg\"><img decoding=\"async\" class=\"alignnone size-medium wp-image-5024\" src=\"https:\/\/asherhaimhalevi.ordisoftware.com\/wp-content\/uploads\/2022\/09\/Book-Cover-La-musique-v1-Front-212x300.jpg\" alt=\"\" width=\"212\" height=\"300\" srcset=\"https:\/\/asherhaimhalevi.ordisoftware.com\/wp-content\/uploads\/2022\/09\/Book-Cover-La-musique-v1-Front-212x300.jpg 212w, https:\/\/asherhaimhalevi.ordisoftware.com\/wp-content\/uploads\/2022\/09\/Book-Cover-La-musique-v1-Front-141x200.jpg 141w, https:\/\/asherhaimhalevi.ordisoftware.com\/wp-content\/uploads\/2022\/09\/Book-Cover-La-musique-v1-Front-106x150.jpg 106w, https:\/\/asherhaimhalevi.ordisoftware.com\/wp-content\/uploads\/2022\/09\/Book-Cover-La-musique-v1-Front-400x567.jpg 400w, https:\/\/asherhaimhalevi.ordisoftware.com\/wp-content\/uploads\/2022\/09\/Book-Cover-La-musique-v1-Front.jpg 550w\" sizes=\"(max-width: 212px) 100vw, 212px\" \/><\/a><\/td>\n<td style=\"width: 50%;\"><a href=\"https:\/\/asherhaimhalevi.ordisoftware.com\/wp-content\/uploads\/2022\/09\/Book-Cover-La-musique-v1-Back.jpg\"><img decoding=\"async\" class=\"alignnone size-medium wp-image-5035\" src=\"https:\/\/asherhaimhalevi.ordisoftware.com\/wp-content\/uploads\/2022\/09\/Book-Cover-La-musique-v1-Back-212x300.jpg\" alt=\"\" width=\"212\" height=\"300\" srcset=\"https:\/\/asherhaimhalevi.ordisoftware.com\/wp-content\/uploads\/2022\/09\/Book-Cover-La-musique-v1-Back-212x300.jpg 212w, https:\/\/asherhaimhalevi.ordisoftware.com\/wp-content\/uploads\/2022\/09\/Book-Cover-La-musique-v1-Back-141x200.jpg 141w, https:\/\/asherhaimhalevi.ordisoftware.com\/wp-content\/uploads\/2022\/09\/Book-Cover-La-musique-v1-Back-106x150.jpg 106w, https:\/\/asherhaimhalevi.ordisoftware.com\/wp-content\/uploads\/2022\/09\/Book-Cover-La-musique-v1-Back-400x567.jpg 400w, https:\/\/asherhaimhalevi.ordisoftware.com\/wp-content\/uploads\/2022\/09\/Book-Cover-La-musique-v1-Back.jpg 550w\" sizes=\"(max-width: 212px) 100vw, 212px\" \/><\/a><\/td>\n<\/tr>\n<\/tbody>\n<\/table>\n<h3><span id=\"Description\"><span id=\"Description\">Description<\/span><\/span><\/h3>\n<p>Ce livret compl\u00e9mentaire au livre <a href=\"https:\/\/asherhaimhalevi.ordisoftware.com\/works\/the-religious-problem\/\">Le probl\u00e8me religieux<\/a> pr\u00e9sente une kabalah relative aux sons des instruments et aux chants selon la Torah au-del\u00e0 des notes, des rythmes, des timbres et des arrangements.<\/p>\n<ul>\n<li><a href=\"https:\/\/asherhaimhalevi.ordisoftware.com\/works\/notice\/\">Recommandations<\/a><\/li>\n<li><a href=\"https:\/\/asherhaimhalevi.ordisoftware.com\/legal-notice\/licence\/\">Licence<\/a><\/li>\n<li><a href=\"https:\/\/asherhaimhalevi.ordisoftware.com\/works\/erratas\/\">Erratas<\/a><\/li>\n<\/ul>\n<h3><span id=\"Ecouter\">\u00c9couter<\/span><\/h3>\n<p style=\"margin-top: 40px;\"><\/p>\n<div style=\"margin-bottom: 20px;\"><\/div>\n<div  id=\"_ytid_76073\" class=\"__youtube_prefs__  __youtube_prefs_gdpr__ \" allowfullscreen data-no-lazy=\"1\" data-skipgform_ajax_framebjll=\"\"><p><strong>Please accept YouTube cookies to play this video.<\/strong> By accepting you will be accessing content from YouTube, a service provided by an external third party.<\/p>\n<p><a href=\"https:\/\/policies.google.com\/privacy\" target=\"_blank\" rel=\"noopener\">YouTube privacy policy<\/a><\/p>\n<p>If you accept this notice, your choice will be saved and the page will refresh.<\/p>\n<button type=\"button\" class=\"__youtube_prefs_gdpr__\">Accept YouTube Content<img src=\"https:\/\/asherhaimhalevi.ordisoftware.com\/wp-content\/plugins\/youtube-embed-plus\/images\/icon-check.png\" alt=\"accept\" data-no-lazy=\"1\" data-skipgform_ajax_framebjll=\"\" \/><\/button><\/div>\n<p>&nbsp;<\/p>\n<\/p>","protected":false},"excerpt":{"rendered":"<p>La musique et le shofar ou l'unit\u00e9 de la multitude des instruments et l'action des sons sur le cerveau du corps. <\/p>\n<p><span style=\"color:#333\"> &rarr; <a href=\"https:\/\/asherhaimhalevi.ordisoftware.com\/works\/music\/\">Lire la suite<\/a><\/span><\/p>\n","protected":false},"author":1,"featured_media":0,"parent":160,"menu_order":33,"comment_status":"closed","ping_status":"closed","template":"","meta":[],"_links":{"self":[{"href":"https:\/\/asherhaimhalevi.ordisoftware.com\/wp-json\/wp\/v2\/pages\/5010"}],"collection":[{"href":"https:\/\/asherhaimhalevi.ordisoftware.com\/wp-json\/wp\/v2\/pages"}],"about":[{"href":"https:\/\/asherhaimhalevi.ordisoftware.com\/wp-json\/wp\/v2\/types\/page"}],"author":[{"embeddable":true,"href":"https:\/\/asherhaimhalevi.ordisoftware.com\/wp-json\/wp\/v2\/users\/1"}],"replies":[{"embeddable":true,"href":"https:\/\/asherhaimhalevi.ordisoftware.com\/wp-json\/wp\/v2\/comments?post=5010"}],"version-history":[{"count":0,"href":"https:\/\/asherhaimhalevi.ordisoftware.com\/wp-json\/wp\/v2\/pages\/5010\/revisions"}],"up":[{"embeddable":true,"href":"https:\/\/asherhaimhalevi.ordisoftware.com\/wp-json\/wp\/v2\/pages\/160"}],"wp:attachment":[{"href":"https:\/\/asherhaimhalevi.ordisoftware.com\/wp-json\/wp\/v2\/media?parent=5010"}],"curies":[{"name":"wp","href":"https:\/\/api.w.org\/{rel}","templated":true}]}}