{"id":5189,"date":"2022-10-28T10:51:13","date_gmt":"2022-10-28T08:51:13","guid":{"rendered":"https:\/\/asherhaimhalevi.ordisoftware.com\/?page_id=5189"},"modified":"2022-10-31T06:06:22","modified_gmt":"2022-10-31T05:06:22","slug":"epilogue","status":"publish","type":"page","link":"https:\/\/asherhaimhalevi.ordisoftware.com\/author\/addenda__trashed\/epilogue\/","title":{"rendered":"\u00c9pilogue"},"content":{"rendered":"<p style=\"margin-bottom:25px;\"><p>Il y a dans la Torah h\u00e9bra\u00efque deux mitsvah que l'auteur a consult\u00e9 au cours des ann\u00e9es pass\u00e9es et qu'il trouve tr\u00e8s importantes mais dont il n'a ni not\u00e9 ni retrouv\u00e9 \u00e0 ce jour les r\u00e9f\u00e9rences de verset, car elles r\u00e9sument toute la Torah et sous-tendent les dix majeures dans leur esprit pour le B\u00e9r\u00e9shit Isra\u00ebl ou production d'un h\u00e9breu et d'une nation bonne et juste en paix assurant la survie de l'esp\u00e8ce sur la plan\u00e8te en tout lieu et en tout temps.<\/p>\n<p>L'une demande de \u00ab ne pas s\u00e9duire \u00bb et le mot h\u00e9breu n'est pas, d'apr\u00e8s souvenir, le m\u00eame que celui relatif au mythe du serpent qui r\u00e9sulte comme beaucoup de chose d'une mauvaise traduction. Non pas au sens de beaut\u00e9 et d'esth\u00e9tique ou d'apparat et de prestance, mais au sens de ne pas app\u00e2ter et m\u00eame de ne pas tromper, ne pas mentir, ne pas manipuler et ne pas duper, en recherchant et en disant la v\u00e9rit\u00e9 en offrande sans imposer mais montrer et d\u00e9montrer au-del\u00e0 des argumentations, des opinions, des illusions et des erreurs, ainsi que d'appliquer la loi du pays et de la Torah avec compassion et honn\u00eatet\u00e9 sans exception afin de porter secours, de mettre en lumi\u00e8re les actes des m\u00e9chants, d'instruire avec bienveillance, de former des couples en paix, etc. sans jamais abandonner et sans jamais nuire \u00e0 qui que ce soit m\u00eame aux m\u00e9chants, aux malades et aux faibles comme aux forts.<\/p>\n<p>Son corollaire pourrait s'appeler \u00ab ne pas lier \u00bb et demande de \u00ab ne pas dire \u00bb au sens privatif et le mot h\u00e9breu n'est pas du tout celui du mensonge ou de la tromperie mais a le sens de la protection.<\/p>\n<p>D'une part la Torah demande d'\u00e9tudier et d'enseigner en tout lieu et en tout temps les ph\u00e9nom\u00e8nes d\u00e9voil\u00e9s par la Doctrine de HaShem \u00e0 l'aide de cours, de conf\u00e9rences, de films et de livres. Et d'autre part il ne faut pas informer l'\u00e9tudiant des \u00e9v\u00e8nements mis en \u0153uvre pour l'aider \u00e0 titre personnel dans son \u00e9tude et son cheminement depuis la sortie de Mitsra\u00efm jusqu'\u00e0 l'entr\u00e9e en Isra\u00ebl, ce qu'on nomme parfois la conversion, puisque cela rel\u00e8ve non pas du secret de pouvoir mais du myst\u00e8re de ce qu'on nomme le sacr\u00e9 ainsi que de la r\u00e9v\u00e9lation \u00e0 titre personnel de la b\u00e9n\u00e9diction de HaShem, y compris les \u00e9ventuelles r\u00e9primandes ; seul le t\u00e9moignage en affliction relevant du public.<\/p>\n<p>Ces deux mitsvah sont difficiles mais essentielles et fondamentales pour obtenir une r\u00e9ussite m\u00e9caniquement in\u00e9luctable afin de rester vivant et heureux avec un allongement des jours de vie tout en causant l'\u00e9chec in\u00e9vitable des m\u00e9chants qui r\u00e9duisent la dur\u00e9e accord\u00e9e par HaShem et causent la mort pr\u00e9matur\u00e9e avec nombre de souffrances - tant qu'on reste en vie \u00e9videmment et malgr\u00e9 le nombre de victimes ; car la vie n'est en r\u00e9alit\u00e9 ni un coup \u00e0 jouer ni un jeu \u00e0 truquer.<\/p>\n<p>En effet, ne pas suivre ces deux mitsvah ou faillir dans la force qu'elles procurent implique fatalement l'\u00e9chec face aux calomnies et aux crimes des m\u00e9chants plus que toute autre ignorance ou erreur puisque tout le mal dans le monde humain provient du <a href=\"https:\/\/fr.wikipedia.org\/wiki\/Lachon_hara\" target=\"_blank\" rel=\"noopener\">Lachon HaRa<\/a>, que ce soit la m\u00e9disance, la calomnie, la moquerie et le m\u00e9pris entre les m\u00e9chants comme envers les victimes ; et faire croire en des forces surnaturelles autres que celles des lois des nombres, des atomes, des roches, des astres, de la chimie, de la biologie, du langage et des flux pour r\u00e9gir les choses de l'univers n'est qu'arnaque.<\/p>\n<p style=\"margin-top: 30px; padding-left: 85px; padding-right: 85px;\"><em>Il n'y a que deux mani\u00e8res d'assurer la paix sur une plan\u00e8te et aucune autre.<\/em><\/p>\n<p style=\"padding-left: 85px; padding-right: 85px;\"><em>La bonne qu'on dit depuis toujours moderne et qu'on nomme la civilisation et l'humanit\u00e9, et qui est de motiver les divers groupes, qui poss\u00e8dent les espaces publics nomm\u00e9s pays et qui dirigent les choses en d\u00e9finissant ce qui est l\u00e9gal et qui n'est pas l\u00e9gal, de s'unir pour former un comit\u00e9 mondial pluriterritorial et pluriethnique non pas pour des int\u00e9r\u00eats financiers mais gr\u00e2ce \u00e0 de fortes valeurs bas\u00e9es sur la bont\u00e9, l'\u00e9change, le partage et l'amiti\u00e9 entre les populations et les gouvernements qui ont la pr\u00e9rogative d'assurer pour les citoyens la s\u00e9curit\u00e9, l'instruction, le loisir, le travail, la sant\u00e9, l'aide et la justice ; et ce afin de r\u00e9duire les souffrances et les conflits.<\/em><\/p>\n<p style=\"padding-left: 85px; padding-right: 85px;\"><em>La mauvaise qu'on dit depuis toujours ancienne et qu'on nomme la barbarie et l'animalit\u00e9, et qui est d'utiliser la force arm\u00e9e pour faire une guerre criminelle totale afin d'imposer une vision unique dictatoriale visant au nom d'une seule nation et donc de la pens\u00e9e politique et culturelle unique \u00e0 contr\u00f4ler tous les services d'imp\u00f4t de la plan\u00e8te ainsi que les rues, les \u00e9coles, les march\u00e9s, les h\u00f4pitaux, les laboratoires, les tribunaux, les voies de communications et les forces de l'ordre ; ce qui g\u00e9n\u00e8re la douleur et l'hostilit\u00e9 pour l'\u00e9ternit\u00e9 m\u00eame si les vainqueurs imaginent avoir le pouvoir de r\u00e9\u00e9crire l'histoire en contr\u00f4lant les technologies et les publications ou en torturant et en tuant.<\/em><\/p>\n<\/p>","protected":false},"excerpt":{"rendered":"<p>\u00c9pilogue. <\/p>\n<p><span style=\"color:#333\"> &rarr; <a href=\"https:\/\/asherhaimhalevi.ordisoftware.com\/author\/addenda__trashed\/epilogue\/\">Lire la suite<\/a><\/span><\/p>\n","protected":false},"author":1,"featured_media":0,"parent":4809,"menu_order":9,"comment_status":"closed","ping_status":"closed","template":"","meta":[],"_links":{"self":[{"href":"https:\/\/asherhaimhalevi.ordisoftware.com\/wp-json\/wp\/v2\/pages\/5189"}],"collection":[{"href":"https:\/\/asherhaimhalevi.ordisoftware.com\/wp-json\/wp\/v2\/pages"}],"about":[{"href":"https:\/\/asherhaimhalevi.ordisoftware.com\/wp-json\/wp\/v2\/types\/page"}],"author":[{"embeddable":true,"href":"https:\/\/asherhaimhalevi.ordisoftware.com\/wp-json\/wp\/v2\/users\/1"}],"replies":[{"embeddable":true,"href":"https:\/\/asherhaimhalevi.ordisoftware.com\/wp-json\/wp\/v2\/comments?post=5189"}],"version-history":[{"count":0,"href":"https:\/\/asherhaimhalevi.ordisoftware.com\/wp-json\/wp\/v2\/pages\/5189\/revisions"}],"up":[{"embeddable":true,"href":"https:\/\/asherhaimhalevi.ordisoftware.com\/wp-json\/wp\/v2\/pages\/4809"}],"wp:attachment":[{"href":"https:\/\/asherhaimhalevi.ordisoftware.com\/wp-json\/wp\/v2\/media?parent=5189"}],"curies":[{"name":"wp","href":"https:\/\/api.w.org\/{rel}","templated":true}]}}