{"id":5383,"date":"2022-11-09T16:19:49","date_gmt":"2022-11-09T15:19:49","guid":{"rendered":"https:\/\/asherhaimhalevi.ordisoftware.com\/?page_id=5383"},"modified":"2022-11-09T16:25:04","modified_gmt":"2022-11-09T15:25:04","slug":"l-ange-et-la-sylphe","status":"publish","type":"page","link":"https:\/\/asherhaimhalevi.ordisoftware.com\/author\/poetry\/l-ange-et-la-sylphe\/","title":{"rendered":"L'ange et la sylphe"},"content":{"rendered":"<p style=\"margin-bottom:25px;\"><p><sup><i>\u00c9crit en d\u00e9cembre 2006<\/i><\/sup><\/p>\n<p>L'oiseau s'envole en battant la brise de ses ailes<br \/>\nSur les sons tambourinant des pri\u00e8res<br \/>\nPour suivre les traces d'une sylphe essentielle<\/p>\n<p>Douce et am\u00e8re r\u00e9alit\u00e9 des ondes mouvantes<br \/>\nL'\u00e9chappatoire aux empreintes du poison mortif\u00e8re<br \/>\nEst une naturelle op\u00e9ration de la puret\u00e9 de son charme<\/p>\n<p>La l\u00e9g\u00e8ret\u00e9 \u00e9tincelante trouble la surface<br \/>\nDes formes changeantes et ruisselantes sur l'espace<br \/>\nDes sons et des murmures qui \u00e9merveillent nos \u00e2mes<\/p>\n<p>Un fragment, anodine pens\u00e9e de l'ondine, puis la fl\u00e8che<br \/>\nQue les yeux ne voient, mais que les coeurs per\u00e7oivent<br \/>\nSans attente, le r\u00e9sultat est une \u00e9vidence<\/p>\n<p>L'ange virevolte sur les eaux au milieu des colombes<br \/>\nSa qui\u00e9tude est d'une s\u00e9r\u00e9nit\u00e9 troublante<br \/>\nTelle une exception des singeries papillonnaires<\/p>\n<p>Leurs effusions lavent les inqui\u00e9tudes s\u00e9culaires<br \/>\nD'une ros\u00e9e qui coule le long des cheveux<br \/>\nEt alors cesse l'imperceptible d\u00e9sarroi des attaches<\/p>\n<p>L'ange et la sylphe fusionnent dans l'instant<br \/>\nL'ange et la sylphe s'unissent dans le vent<br \/>\nL'ange et la sylphe se m\u00ealent dans la danse<\/p>\n<\/p>","protected":false},"excerpt":{"rendered":"<p style=\"margin-bottom:25px;\">\n<p>Ecrit en decembre 2006<\/p>\n<p>L'oiseau s'envole en battant la brise de ses ailes Sur les sons tambourinant des prieres Pour suivre les traces d'une sylphe essentielle<\/p>\n<p>Douce et amere realite des ondes mouvantes L'echappatoire aux empreintes du poison mortifere Est une naturelle operation de la purete de son charme<\/p>\n<p>La legerete etincelante trouble la surface Des formes changeantes et ruisselantes sur l'espace Des sons et des murmures qui emerveillent nos ames<\/p>\n<p>Un fragment, anodine pensee de l'ondine, puis la fleche Que les yeux ne voient, mais que les coeurs percoivent Sans attente, le resultat est une evidence<\/p>\n<p>L'ange virevolte <\/p>\n<p><span style=\"color:#333\"> &rarr; <a href=\"https:\/\/asherhaimhalevi.ordisoftware.com\/author\/poetry\/l-ange-et-la-sylphe\/\">Lire la suite<\/a><\/span><\/p>\n","protected":false},"author":1,"featured_media":0,"parent":241,"menu_order":24,"comment_status":"closed","ping_status":"closed","template":"","meta":[],"_links":{"self":[{"href":"https:\/\/asherhaimhalevi.ordisoftware.com\/wp-json\/wp\/v2\/pages\/5383"}],"collection":[{"href":"https:\/\/asherhaimhalevi.ordisoftware.com\/wp-json\/wp\/v2\/pages"}],"about":[{"href":"https:\/\/asherhaimhalevi.ordisoftware.com\/wp-json\/wp\/v2\/types\/page"}],"author":[{"embeddable":true,"href":"https:\/\/asherhaimhalevi.ordisoftware.com\/wp-json\/wp\/v2\/users\/1"}],"replies":[{"embeddable":true,"href":"https:\/\/asherhaimhalevi.ordisoftware.com\/wp-json\/wp\/v2\/comments?post=5383"}],"version-history":[{"count":0,"href":"https:\/\/asherhaimhalevi.ordisoftware.com\/wp-json\/wp\/v2\/pages\/5383\/revisions"}],"up":[{"embeddable":true,"href":"https:\/\/asherhaimhalevi.ordisoftware.com\/wp-json\/wp\/v2\/pages\/241"}],"wp:attachment":[{"href":"https:\/\/asherhaimhalevi.ordisoftware.com\/wp-json\/wp\/v2\/media?parent=5383"}],"curies":[{"name":"wp","href":"https:\/\/api.w.org\/{rel}","templated":true}]}}