{"id":5476,"date":"2022-11-11T00:44:53","date_gmt":"2022-11-10T23:44:53","guid":{"rendered":"https:\/\/asherhaimhalevi.ordisoftware.com\/?p=5476"},"modified":"2022-11-15T09:28:09","modified_gmt":"2022-11-15T08:28:09","slug":"premiere-lettre-reponse-a-copyright-trolling","status":"publish","type":"post","link":"https:\/\/asherhaimhalevi.ordisoftware.com\/blog\/2022\/11\/premiere-lettre-reponse-a-copyright-trolling\/","title":{"rendered":"Premi\u00e8re lettre r\u00e9ponse \u00e0 Copyright Trolling"},"content":{"rendered":"<p style=\"margin-bottom:25px;\"><p><sup><em>Envoy\u00e9 par courriel le 10 novembre 2022 \u00e0 23h26<\/em><\/sup><\/p>\n<p>Monsieur,<\/p>\n<p>Je fais suite \u00e0 notre conversation t\u00e9l\u00e9phonique du jeudi 10 novembre 2022 au sujet de la r\u00e9clamation de 450\u20ac pour avoir post\u00e9 sur mon double blog personnel une petite photo d'une personnalit\u00e9 gr\u00e2ce \u00e0 qui j'ai surv\u00e9cu jusqu'ici : cette somme est impayable, invraisemblable et totalement absurde d'autant que les intentions de profit que vous me reprochez sont fausses.<\/p>\n<p>Pourtant, sans \u00eatre hyper scrupuleux, je fais tr\u00e8s attention pour que les images que j'utilises sur mes sites depuis dix ans soient libres ou achet\u00e9es. Mais il a ainsi suffit d'une petite erreur banale et courante de rien du tout, totalement involontaire, juste de l'inattention et vous m'avez dit que vous estimiez que j'en retire un b\u00e9n\u00e9fice commercial que vous avez appel\u00e9 \"business professionnel\".<\/p>\n<p><!--more--><\/p>\n<p>Vous m'avez affirm\u00e9 d'une part que les retweets n'engagent pas de responsabilit\u00e9, mais surtout d'autre part que les GIFs anim\u00e9s ne seraient pas concern\u00e9s \"si c'est un lien\" : vous m'avez donc permis de comprendre une nuance qu'il est peu courant de faire notamment et en particulier sur les r\u00e9seaux sociaux de la part des usagers lambdas ignorants comme moi, m\u00eame en cherchant l'info.<\/p>\n<p>Il s'agit donc de cette petite image de pi\u00e8tre qualit\u00e9 disponible partout sur le Web dont j'avais fait un collage avec le TO7-70 et le TO9+ pour exprimer ma gratitude envers la premi\u00e8re personne qui sauve ma vie depuis 40 ans gr\u00e2ce au BASIC et \u00e0 tout le reste malgr\u00e9 les crimes et tortures \u00e0 r\u00e9p\u00e9tition.<\/p>\n<p style=\"padding-left: 40px;\"><a href=\"https:\/\/tenor.com\/view\/bill-gates-of-hell-gif-25979163\" target=\"_blank\" rel=\"noopener\">tenor.com\/view\/bill-gates-of-hell-gif-25979163<\/a><\/p>\n<p style=\"padding-left: 40px;\"><a href=\"https:\/\/www.google.com\/search?tbs=sbi:AMhZZiudHCuvcO00wMFpZBfIisbRSIktjQ72LV01QLfUmORFgvZvA42bGEgbjlckIttu17BpH9moZ1scu8LAT2gvu0nNJovcs6kNZgY3t9Bu0YWL3ZHjvjyN9c6SD1wRAU3w6uuwFoHM-uEwCbNi-rQRjYmiSWQslg&amp;ei=UvBuY5LbDp2B9u8PqYq9uAI&amp;start=0&amp;sa=N&amp;ved=2ahUKEwiSzIvUuKf7AhWdgP0HHSlFDyc4KBDy0wN6BAgBEAY&amp;biw=1376&amp;bih=887&amp;dpr=1\" target=\"_blank\" rel=\"noopener\">www.google.com\/search?...<\/a><\/p>\n<p>Aussit\u00f4t re\u00e7ut votre courrier ce jeudi matin, j'ai enlev\u00e9e l'image du double post disant merci sur mes deux sites WordPress - car sans ce grand monsieur je serais mort depuis d\u00e9j\u00e0 tr\u00e8s longtemps - avant de v\u00e9rifier les autres images et de lancer une boucle d'effacement de tous mes tweets afin de ne pas \u00eatre poursuivit \u00e0 l'avenir pour les GIFs anim\u00e9s ou autre.<\/p>\n<p>Mais 450\u20ac quand on est d\u00e9j\u00e0 \"\u00e0 la rue\" ... la question se pose : pourquoi moi et pas les autres ? Oui, c'\u00e9tait on dirait ma seule erreur sur une centaine d'images, si on ne compte pas les GIFs dont je ne sais en fait toujours pas la l\u00e9galit\u00e9 d'usage je l'avoue, donc \u00e0 l'avenir tout post de GIF anim\u00e9 ou fixe sera fait avec un lien en vertu de ce que vous m'avez d\u00e9clar\u00e9 et qui est totalement incoh\u00e9rent.<\/p>\n<p>La Banque de France m'a dit de pas m'inqui\u00e9ter et que si un juge ordonnait de payer quoi que ce soit \u00e7a deviendrait une dette et que si cela arrivait je pourrais remplir un dossier de surendettement. En conclusion je constate que votre action est totalement disproportionn\u00e9e et la Banque de France m'a dit de \"ne rien faire\" car aucun juge ne me condamnerait \u00e0 payer quoi que ce soit pour une b\u00e9vue pareille.<\/p>\n<p>Il est en effet \u00e9vident que cette action est une attaque contre une victime d'un crime en cours et qui malgr\u00e9 tout fait tout pour s'am\u00e9liorer et faire les choses du mieux possible, et que vous savez \u00eatre physiquement et financi\u00e8rement affaiblie et fragile, et qui a certes commis une petite erreur, mais qui n'avait aucune mauvaise intention, et qui fait beaucoup attention vous l'avez constat\u00e9 : une seule image sur une centaine et sinon plus que vous avez trouv\u00e9 avec minutie.<\/p>\n<p>M'accuser d'avoir \"tir\u00e9 un b\u00e9n\u00e9fice commercial depuis un an\" est un pur mensonge puisque vous savez que je suis estropi\u00e9 physique sans activit\u00e9 ni revenu autre qu'une pension d'invalidit\u00e9 tel que vous l'avez lu sur mon site ; et tout ce que je produis sur mon temps de loisir, pour ainsi dire, comme on appelle cela, pour peu qu'on puisse appeler cela ainsi, est libre, open-source et sans b\u00e9n\u00e9fice d'auteur, je ne vends rien, je ne gagne rien, je ne peux pas : vous et votre commanditaire confondez professionnalisme dans le b\u00e9n\u00e9volat avec exercer une activit\u00e9 professionnelle \u00e0 but lucratif.<\/p>\n<p>M'informer de mon erreur, me demander le retrait et me faire prendre conscience que je dois \u00eatre plus scrupuleux et faire plus attention malgr\u00e9 la douleur physique et l'extr\u00eame fatigue depuis de trop nombreuses ann\u00e9es est une chose, normale, et je vous en remercie, mais entreprendre une action sans pragmatisme ni compassion qui pourrait me faire mettre en interdiction bancaire sans plus aucun moyens de paiements, pour ne plus pouvoir manger, ni m\u00eame me soigner un peu, et etc., ce serait de la malveillance au regard de la situation et de l'erreur qui ne porte pr\u00e9judice \u00e0 personne et m\u00eame pas au photographe ni \u00e0 Bill Gates que je remerciais sur mon blog, tel un fan, pour peu qu'on puisse employer ce terme, pour participer de beaucoup \u00e0 ma survie depuis 1984... et je suis s\u00fbr qu'il d\u00e9sapprouverait votre action au nom d'un des plus grand groupe de presse mondial sp\u00e9cifi\u00e9 \"<em>\u00e0 but non lucratif\"<\/em> puisque son entreprise a refus\u00e9 d\u00e9but 2010 de me tenir rigueur d'avoir utilis\u00e9 un Windows 95 sans licence lorsque j'\u00e9tais \u00e9tudiant tel que vous l'avez lu dans ma biographie, et son patron en France m'a retourn\u00e9 le ch\u00e8que en me remerciant de ma fid\u00e9lit\u00e9.<\/p>\n<p>Car en somme, je ne suis qu'un simple particulier alit\u00e9 depuis presque 20 ans, sans parler d'avant, dans l'incapacit\u00e9 d'exercer un m\u00e9tier, en dessous du seuil de pauvret\u00e9 et pire que \u00e7a, et ayant cherch\u00e9 votre adresse postale qui n'est pas mentionn\u00e9e sur votre courrier sinon en suisse, les premiers r\u00e9sultats pour votre num\u00e9ro de t\u00e9l\u00e9phone furent ceux-ci qui m'ont finalement expliqu\u00e9 le propos de la personne de la Banque de France :<\/p>\n<ul>\n<li><a href=\"https:\/\/www.lesechos.fr\/idees-debats\/cercle\/opinion-images-et-droit-dauteur-stop-aux-abus-1147515\" target=\"_blank\" rel=\"noopener\">Les Echos Opinion : Images et droit d'auteur, stop aux abus !<\/a><\/li>\n<\/ul>\n<ul>\n<li><a href=\"https:\/\/www.intotheminds.com\/blog\/picrights-afp\/\" target=\"_blank\" rel=\"noopener\">IntoTheMinds : PicRights + AFP, une op\u00e9ration de copyright trolling bien rod\u00e9e<\/a><\/li>\n<\/ul>\n<ul>\n<li><a href=\"https:\/\/droit-finances.commentcamarche.com\/forum\/affich-8155656-enorme-amende-par-simple-mail-pour-diffusion-photo-prise-sur-le-net-picrights\" target=\"_blank\" rel=\"noopener\">DroitFinances, comment \u00e7a marche : PicRights, \u00e9norme amende par simple mail<\/a><\/li>\n<\/ul>\n<ul>\n<li><a href=\"https:\/\/www.legavox.fr\/forum\/nouvelles-technologies\/utilisation-involontaire-photo-libre-droit_127550_1.htm\" target=\"_blank\" rel=\"noopener\">Legavox : Utilisation involontaire d'une photo non libre de droit sur un site Internet<\/a><\/li>\n<\/ul>\n<p>Ainsi donc la premi\u00e8re des choses serait de prouver votre preuve qui sous sa forme n'en est pas une.<\/p>\n<p>Ensuite la deuxi\u00e8me chose serait de consid\u00e9rer les faits, les intentions, les circonstances, et le r\u00e9el pr\u00e9judice caus\u00e9, ainsi que le v\u00e9ritable b\u00e9n\u00e9fice retir\u00e9, et ici la r\u00e9ponse \u00e0 ces questions est triviale : vous m'avez fait perdre une journ\u00e9e \u00e0 avoir peur de tout perdre et j'ai effac\u00e9 tous mes tweets par s\u00e9curit\u00e9, mais je serais plus scrupuleux \u00e0 l'avenir.<\/p>\n<p>Donc la v\u00e9ritable question est : quelle id\u00e9e d'aller sur le site web d'un inconnu qui n'a aucune visibilit\u00e9 pour trouver la seule image qui n'avait pas \u00e9t\u00e9 v\u00e9rifi\u00e9e afin de m'attaquer de la sorte en sachant pertinemment tout ou presque sur moi ?<\/p>\n<p>Serions-nous au-del\u00e0 de ce que tout le monde nomme une escroquerie ?<\/p>\n<p>Aussi je ne m'excuserais pas de la longueur de cette lettre pr\u00e9vue pour faire 10 lignes et non prendre six heures, ainsi transmise par courriel et non par courrier postal, ni de mon propos, et concernant les documents personnels mentionn\u00e9s par t\u00e9l\u00e9phone \u00e0 l'appui de ma bonne foi et de ma situation, c'est inutile dans l'imm\u00e9diat comme l'ont dit la Banque de France et la Protection Juridique.<\/p>\n<p>Pour toute communication ult\u00e9rieure, je vous serais gr\u00e9\u00e9 de bien vouloir utiliser le courriel ou l'adresse postale mentionn\u00e9s dans cette lettre, la boite postale \u00e9tant pour me prot\u00e9ger du public elle n'a pas pour objectif les communications administratives, et cela me co\u00fbte presque deux euros pour faire transmettre une lettre ordinaire et les recommand\u00e9s ne peuvent pas \u00eatre r\u00e9ceptionn\u00e9s (j'ai pris le forfait le plus \u00e9conomique et je n'ai jamais eu de courrier en dix ans).<\/p>\n<p>Si \u00e0 la consultation de mes deux sites que vous mentionnez vous ne saviez pas qui vous attaquiez, vous le savez, j'ai r\u00e9sum\u00e9, et franchement, c'est malhonn\u00eate de faire une telle chose, ce n'est pas \u00e7a l'esprit des lois et de la justice, permettez-moi de le mentionner sans vouloir vous offenser, et sachez que j'ai tr\u00e8s peu, mais vraiment tr\u00e8s peu de visiteurs car je n'int\u00e9resse personne, ou presque.<\/p>\n<p>Je ne conteste pas, pour un but sans r\u00e9elle importance, \u00e0 ce moment, comme si je montrais \u00e0 un camarade de classe, avoir machinalement et sans me poser de question utilis\u00e9 cette image dont les droits sont en v\u00e9rit\u00e9 impossible \u00e0 v\u00e9rifier sur le Web, pour peu que vos all\u00e9gation soient vraies, car la Banque de France a bien insist\u00e9 sur le fait que votre courrier et les mentions n'ont aucune valeur juridique ni valeur de preuve, et quand je dis impossible \u00e0 v\u00e9rifier cela veut dire qu'il est impossible d'acheter une licence, en tout cas j'ai rien trouv\u00e9 de toute la journ\u00e9e : il semble impossible d'acheter le clich\u00e9 original ni m\u00eame de savoir d'o\u00f9 il provient, quel est le copyright, et qui est le photographe\u2026<\/p>\n<p>Je vous prie de recevoir, Monsieur, l'expression de ma tr\u00e8s haute consid\u00e9ration.<\/p>\n<blockquote class=\"wp-embedded-content\" data-secret=\"ykE2Njc6jH\"><p><a href=\"https:\/\/asherhaimhalevi.ordisoftware.com\/blog\/2022\/11\/deuxieme-lettre-reponse-a-copyright-trolling\/\">Deuxi\u00e8me lettre r\u00e9ponse \u00e0 Copyright Trolling<\/a><\/p><\/blockquote>\n<p><iframe class=\"wp-embedded-content\" sandbox=\"allow-scripts\" security=\"restricted\" style=\"position: absolute; clip: rect(1px, 1px, 1px, 1px);\" title=\"\u00ab\u00a0Deuxi\u00e8me lettre r\u00e9ponse \u00e0 Copyright Trolling\u00a0\u00bb &#8212; Asher &#039;Ha\u00efm HaLevi\" src=\"https:\/\/asherhaimhalevi.ordisoftware.com\/blog\/2022\/11\/deuxieme-lettre-reponse-a-copyright-trolling\/embed\/#?secret=PAANJStoh4#?secret=ykE2Njc6jH\" data-secret=\"ykE2Njc6jH\" width=\"600\" height=\"338\" frameborder=\"0\" marginwidth=\"0\" marginheight=\"0\" scrolling=\"no\"><\/iframe><\/p>\n<blockquote class=\"wp-embedded-content\" data-secret=\"SUTWdDwrpZ\"><p><a href=\"https:\/\/asherhaimhalevi.ordisoftware.com\/blog\/2022\/11\/troisieme-lettre-reponse-a-copyright-trolling\/\">Troisi\u00e8me lettre r\u00e9ponse \u00e0 Copyright Trolling<\/a><\/p><\/blockquote>\n<p><iframe class=\"wp-embedded-content\" sandbox=\"allow-scripts\" security=\"restricted\" style=\"position: absolute; clip: rect(1px, 1px, 1px, 1px);\" title=\"\u00ab\u00a0Troisi\u00e8me lettre r\u00e9ponse \u00e0 Copyright Trolling\u00a0\u00bb &#8212; Asher &#039;Ha\u00efm HaLevi\" src=\"https:\/\/asherhaimhalevi.ordisoftware.com\/blog\/2022\/11\/troisieme-lettre-reponse-a-copyright-trolling\/embed\/#?secret=lBLFDVoNpW#?secret=SUTWdDwrpZ\" data-secret=\"SUTWdDwrpZ\" width=\"600\" height=\"338\" frameborder=\"0\" marginwidth=\"0\" marginheight=\"0\" scrolling=\"no\"><\/iframe><\/p>\n<blockquote class=\"wp-embedded-content\" data-secret=\"pMbtVN4R5H\"><p><a href=\"https:\/\/www.ordisoftware.com\/blog\/2022\/11\/about-copyright-trolling\/\">Au sujet du Copyright Trolling<\/a><\/p><\/blockquote>\n<p><iframe class=\"wp-embedded-content\" sandbox=\"allow-scripts\" security=\"restricted\" style=\"position: absolute; clip: rect(1px, 1px, 1px, 1px);\" title=\"\u00ab\u00a0Au sujet du Copyright Trolling\u00a0\u00bb &#8212; Ordisoftware Ing\u00e9nierie\" src=\"https:\/\/www.ordisoftware.com\/blog\/2022\/11\/about-copyright-trolling\/embed\/#?secret=wOJvCo69lb#?secret=pMbtVN4R5H\" data-secret=\"pMbtVN4R5H\" width=\"600\" height=\"338\" frameborder=\"0\" marginwidth=\"0\" marginheight=\"0\" scrolling=\"no\"><\/iframe><\/p>\n<p style=\"margin-top:0px;margin-bottom:3px;margin-left:15px\">\r\n<img style=\"margin-bottom: 3px;vertical-align: middle\" src=\"\/wp-content\/plugins\/wp-downloadmanager\/images\/ext\/pdf.gif\" alt=\"\" title=\"\" \/>&nbsp;\r\n<strong><a href=\"https:\/\/asherhaimhalevi.ordisoftware.com\/?dl_name=Compilation d'articles sur le Copyright Trolling.pdf\">Compilation d'articles sur le Copyright Trolling<\/a><\/strong>\r\n<\/p>\r\n<p style=\"margin-left:40px;margin-top:0px;color:#555555;font-style:bold\">\r\n<small><i>\r\nTaille : 486,2 Kio<br \/>\r\nMise en ligne : 12 novembre 2022<br \/>\r\nMise \u00e0 jour : 14 novembre 2022<br \/>\r\nDernier t\u00e9l\u00e9chargement : 13 novembre 2022<br \/>\r\nT\u00e9l\u00e9chargements depuis avril 2021 ou mise en ligne : 5\r\n<\/i><\/small>\r\n<\/p>\r\n<p style=\"margin-left:40px;margin-top:-10px\">Le Troll du droit d'auteur rel\u00e8ve du phishing ou hame\u00e7onnage avec des fac-simil\u00e9s d'images diffus\u00e9es sur Internet en gardant les originaux pour de futures r\u00e9clamations d'indemnisations de masse : une pratique de mauvaise foi nuisible \u00e0 interdire selon les sp\u00e9cialistes<\/p>\n<\/p>","protected":false},"excerpt":{"rendered":"<p style=\"margin-bottom:25px;\">\n<p>Envoye par courriel le 10 novembre 2022 a 23h26<\/p>\n<p>Monsieur,<\/p>\n<p>Je fais suite a notre conversation telephonique du jeudi 10 novembre 2022 au sujet de la reclamation de 450E pour avoir poste sur mon double blog personnel une petite photo d'une personnalite grace a qui j'ai survecu jusqu'ici : cette somme est impayable, invraisemblable et totalement absurde d'autant que les intentions de profit que vous me reprochez sont fausses.<\/p>\n<p>Pourtant, sans etre hyper scrupuleux, je fais tres attention pour que les images que j'utilises sur mes sites depuis dix ans soient libres ou achetees. Mais il a ainsi suffit <\/p>\n<p><span style=\"color:#333\"> &rarr; <a href=\"https:\/\/asherhaimhalevi.ordisoftware.com\/blog\/2022\/11\/premiere-lettre-reponse-a-copyright-trolling\/\">Lire la suite<\/a><\/span><\/p>\n","protected":false},"author":1,"featured_media":0,"comment_status":"closed","ping_status":"closed","sticky":false,"template":"","format":"standard","meta":[],"categories":[1],"tags":[],"jetpack_featured_media_url":"","_links":{"self":[{"href":"https:\/\/asherhaimhalevi.ordisoftware.com\/wp-json\/wp\/v2\/posts\/5476"}],"collection":[{"href":"https:\/\/asherhaimhalevi.ordisoftware.com\/wp-json\/wp\/v2\/posts"}],"about":[{"href":"https:\/\/asherhaimhalevi.ordisoftware.com\/wp-json\/wp\/v2\/types\/post"}],"author":[{"embeddable":true,"href":"https:\/\/asherhaimhalevi.ordisoftware.com\/wp-json\/wp\/v2\/users\/1"}],"replies":[{"embeddable":true,"href":"https:\/\/asherhaimhalevi.ordisoftware.com\/wp-json\/wp\/v2\/comments?post=5476"}],"version-history":[{"count":9,"href":"https:\/\/asherhaimhalevi.ordisoftware.com\/wp-json\/wp\/v2\/posts\/5476\/revisions"}],"predecessor-version":[{"id":5691,"href":"https:\/\/asherhaimhalevi.ordisoftware.com\/wp-json\/wp\/v2\/posts\/5476\/revisions\/5691"}],"wp:attachment":[{"href":"https:\/\/asherhaimhalevi.ordisoftware.com\/wp-json\/wp\/v2\/media?parent=5476"}],"wp:term":[{"taxonomy":"category","embeddable":true,"href":"https:\/\/asherhaimhalevi.ordisoftware.com\/wp-json\/wp\/v2\/categories?post=5476"},{"taxonomy":"post_tag","embeddable":true,"href":"https:\/\/asherhaimhalevi.ordisoftware.com\/wp-json\/wp\/v2\/tags?post=5476"}],"curies":[{"name":"wp","href":"https:\/\/api.w.org\/{rel}","templated":true}]}}