{"id":5545,"date":"2022-11-11T16:15:55","date_gmt":"2022-11-11T15:15:55","guid":{"rendered":"https:\/\/asherhaimhalevi.ordisoftware.com\/?p=5545"},"modified":"2022-11-15T11:38:55","modified_gmt":"2022-11-15T10:38:55","slug":"deuxieme-lettre-reponse-a-copyright-trolling","status":"publish","type":"post","link":"https:\/\/asherhaimhalevi.ordisoftware.com\/blog\/2022\/11\/deuxieme-lettre-reponse-a-copyright-trolling\/","title":{"rendered":"Deuxi\u00e8me lettre r\u00e9ponse \u00e0 Copyright Trolling"},"content":{"rendered":"<p style=\"margin-bottom:25px;\"><p><sup><em>Envoy\u00e9 par courriel le 11 novembre 2022 \u00e0 16h15<br \/>\nA une soci\u00e9t\u00e9 europ\u00e9enne situ\u00e9e hors de France agissant au nom d'une agence de presse mondiale<br \/>\n<\/em><\/sup><\/p>\n<p>Monsieur,<\/p>\n<p>Pour faire suite, toujours par courriel, \u00e0 mon premier courrier d'hier soir, je vous informe avoir enfin r\u00e9ussit en presque moins de 24h de recherche, d'enqu\u00eate et de r\u00e9daction, dont quatre de sommeil, \u00e0 trouver une mention de l'image originale en question car utilis\u00e9e le 2 mars 2015 sur cet unique site d'information allemand selon Google :<\/p>\n<p><a href=\"https:\/\/www.n-tv.de\/incoming\/Bill-Gates-ist-wieder-der-Allerreichste-article14616956.html\" target=\"_blank\" rel=\"noopener\">www.n-tv.de\/incoming\/Bill-Gates-ist-wieder-der-Allerreichste-article14616956.html<\/a><\/p>\n<p>La photo est de tr\u00e8s bonne qualit\u00e9 et de grande taille, ce qui est sans comparaison avec le petit GIF granuleux de pi\u00e8tre qualit\u00e9 qui circule sur Internet. Ceci explique son apparent usage unique et la difficult\u00e9 d'en trouver la source. Il semble donc que ce soit bien une photo de droits d'auteur d'une agence de presse et je vous serais gr\u00e9\u00e9 de bien vouloir ne pas me tenir rigueur d'avoir demand\u00e9 plus de preuves qu'une simple attestation sur l'honneur dans le cadre d'une proc\u00e9dure \u00e0 la mesure de votre r\u00e9putation qui n\u00e9cessiterait des am\u00e9liorations en termes de qualit\u00e9 de ciblage, de discrimination, de m\u00e9thode, d'information, de communication et de but.<\/p>\n<p><!--more--><\/p>\n<p>J'attire encore votre attention sur le fait que vous avez des centaines et des centaines de copies du GIF anim\u00e9 qui circulent. D'ailleurs j'ai finalement r\u00e9alis\u00e9 apr\u00e8s vous avoir envoy\u00e9 la lettre que ces choses sont comme les courtes citations, afin qu'on voie le personnage qui prononce une phrase ou qui mime une sc\u00e8ne, et c'est exactement comme tel qu'elles sont utilis\u00e9es. Aussi il serait plus judicieux dans l'esprit du but non lucratif de votre commanditaire et du respect des droits d'auteur, de les faire retirer, notamment \u00e0 la source, que de poursuivre des particuliers voire des indigents et des invalides ou des enfants.<\/p>\n<p><a href=\"https:\/\/fr.wikipedia.org\/wiki\/M\u00eame_Internet\" target=\"_blank\" rel=\"noopener\">fr.wikipedia.org\/wiki\/M\u00eame_Internet<\/a><\/p>\n<p>Comme je vous l'ai exprim\u00e9 sans employer ce mot qui r\u00e9sumera l'intention de ma lettre initiale, je suis sinc\u00e8rement d\u00e9sol\u00e9 de l'avoir utilis\u00e9 sur mon site de programmeur de logiciels open-source et sur celui d'auteur de livres libres, en sections blog, sans avoir, \u00e0 ce moment, exceptionnellement, pens\u00e9 \u00e0 v\u00e9rifier comme je le fais d'habitude, car si j'avais su ce que j'ai \u00e9crit au dernier paragraphe, jamais je ne l'aurais utilis\u00e9, \u00e9videmment, quoi que dire cela ne r\u00e9sout pas le probl\u00e8me des m\u00eames et des actions inadapt\u00e9es entreprises par des organisations comme la v\u00f4tre.<\/p>\n<p>Mais me r\u00e9clamer 450 euros est hors de proportion, au regard de la qualit\u00e9 et de la taille du frame statique extrait du GIF anim\u00e9, et au regard de l'usage que j'en ai fait ainsi que de ma situation. Aussi j'esp\u00e8re que vous pourrez en rester au simple avertissement et consid\u00e9rer les mesures prises pour que cela ne se reproduise pas.<\/p>\n<p>Je vous prie de recevoir, Monsieur, l'expression de ma tr\u00e8s haute consid\u00e9ration.<\/p>\n<blockquote class=\"wp-embedded-content\" data-secret=\"kGmdt4IbFg\"><p><a href=\"https:\/\/asherhaimhalevi.ordisoftware.com\/blog\/2022\/11\/premiere-lettre-reponse-a-copyright-trolling\/\">Premi\u00e8re lettre r\u00e9ponse \u00e0 Copyright Trolling<\/a><\/p><\/blockquote>\n<p><iframe class=\"wp-embedded-content\" sandbox=\"allow-scripts\" security=\"restricted\" style=\"position: absolute; clip: rect(1px, 1px, 1px, 1px);\" title=\"\u00ab\u00a0Premi\u00e8re lettre r\u00e9ponse \u00e0 Copyright Trolling\u00a0\u00bb &#8212; Asher &#039;Ha\u00efm HaLevi\" src=\"https:\/\/asherhaimhalevi.ordisoftware.com\/blog\/2022\/11\/premiere-lettre-reponse-a-copyright-trolling\/embed\/#?secret=xKVrwPh6C8#?secret=kGmdt4IbFg\" data-secret=\"kGmdt4IbFg\" width=\"600\" height=\"338\" frameborder=\"0\" marginwidth=\"0\" marginheight=\"0\" scrolling=\"no\"><\/iframe><\/p>\n<blockquote class=\"wp-embedded-content\" data-secret=\"RiXN3akwqL\"><p><a href=\"https:\/\/asherhaimhalevi.ordisoftware.com\/blog\/2022\/11\/troisieme-lettre-reponse-a-copyright-trolling\/\">Troisi\u00e8me lettre r\u00e9ponse \u00e0 Copyright Trolling<\/a><\/p><\/blockquote>\n<p><iframe class=\"wp-embedded-content\" sandbox=\"allow-scripts\" security=\"restricted\" style=\"position: absolute; clip: rect(1px, 1px, 1px, 1px);\" title=\"\u00ab\u00a0Troisi\u00e8me lettre r\u00e9ponse \u00e0 Copyright Trolling\u00a0\u00bb &#8212; Asher &#039;Ha\u00efm HaLevi\" src=\"https:\/\/asherhaimhalevi.ordisoftware.com\/blog\/2022\/11\/troisieme-lettre-reponse-a-copyright-trolling\/embed\/#?secret=vQ5mLtAPvo#?secret=RiXN3akwqL\" data-secret=\"RiXN3akwqL\" width=\"600\" height=\"338\" frameborder=\"0\" marginwidth=\"0\" marginheight=\"0\" scrolling=\"no\"><\/iframe><\/p>\n<blockquote class=\"wp-embedded-content\" data-secret=\"MdAVabGLOz\"><p><a href=\"https:\/\/www.ordisoftware.com\/blog\/2022\/11\/about-copyright-trolling\/\">Au sujet du Copyright Trolling<\/a><\/p><\/blockquote>\n<p><iframe class=\"wp-embedded-content\" sandbox=\"allow-scripts\" security=\"restricted\" style=\"position: absolute; clip: rect(1px, 1px, 1px, 1px);\" title=\"\u00ab\u00a0Au sujet du Copyright Trolling\u00a0\u00bb &#8212; Ordisoftware Ing\u00e9nierie\" src=\"https:\/\/www.ordisoftware.com\/blog\/2022\/11\/about-copyright-trolling\/embed\/#?secret=qFs8cawQNB#?secret=MdAVabGLOz\" data-secret=\"MdAVabGLOz\" width=\"600\" height=\"338\" frameborder=\"0\" marginwidth=\"0\" marginheight=\"0\" scrolling=\"no\"><\/iframe><\/p>\n<p style=\"margin-top:0px;margin-bottom:3px;margin-left:15px\">\r\n<img style=\"margin-bottom: 3px;vertical-align: middle\" src=\"\/wp-content\/plugins\/wp-downloadmanager\/images\/ext\/pdf.gif\" alt=\"\" title=\"\" \/>&nbsp;\r\n<strong><a href=\"https:\/\/asherhaimhalevi.ordisoftware.com\/?dl_name=Compilation d'articles sur le Copyright Trolling.pdf\">Compilation d'articles sur le Copyright Trolling<\/a><\/strong>\r\n<\/p>\r\n<p style=\"margin-left:40px;margin-top:0px;color:#555555;font-style:bold\">\r\n<small><i>\r\nTaille : 464,6 Kio<br \/>\r\nMise en ligne : 12 novembre 2022<br \/>\r\nMise \u00e0 jour : 15 novembre 2022<br \/>\r\nDernier t\u00e9l\u00e9chargement : 13 novembre 2022<br \/>\r\nT\u00e9l\u00e9chargements depuis avril 2021 ou mise en ligne : 5\r\n<\/i><\/small>\r\n<\/p>\r\n<p style=\"margin-left:40px;margin-top:-10px\">Le Troll du droit d'auteur rel\u00e8ve du phishing ou hame\u00e7onnage avec des fac-simil\u00e9s d'images diffus\u00e9es sur Internet en gardant les originaux pour de futures r\u00e9clamations d'indemnisations de masse : une pratique de mauvaise foi nuisible \u00e0 interdire selon les sp\u00e9cialistes<\/p>\n<\/p>","protected":false},"excerpt":{"rendered":"<p style=\"margin-bottom:25px;\">\n<p>Envoye par courriel le 11 novembre 2022 a 16h15 A une societe europeenne situee hors de France agissant au nom d'une agence de presse mondiale <\/p>\n<p>Monsieur,<\/p>\n<p>Pour faire suite, toujours par courriel, a mon premier courrier d'hier soir, je vous informe avoir enfin reussit en presque moins de 24h de recherche, d'enquete et de redaction, dont quatre de sommeil, a trouver une mention de l'image originale en question car utilisee le 2 mars 2015 sur cet unique site d'information allemand selon Google :<\/p>\n<p>www.n-tv.de\/incoming\/Bill-Gates-ist-wieder-der-Allerreichste-article14616956.html<\/p>\n<p>La photo est de tres bonne qualite et de grande taille, ce qui est <\/p>\n<p><span style=\"color:#333\"> &rarr; <a href=\"https:\/\/asherhaimhalevi.ordisoftware.com\/blog\/2022\/11\/deuxieme-lettre-reponse-a-copyright-trolling\/\">Lire la suite<\/a><\/span><\/p>\n","protected":false},"author":1,"featured_media":0,"comment_status":"closed","ping_status":"closed","sticky":false,"template":"","format":"standard","meta":[],"categories":[1],"tags":[],"jetpack_featured_media_url":"","_links":{"self":[{"href":"https:\/\/asherhaimhalevi.ordisoftware.com\/wp-json\/wp\/v2\/posts\/5545"}],"collection":[{"href":"https:\/\/asherhaimhalevi.ordisoftware.com\/wp-json\/wp\/v2\/posts"}],"about":[{"href":"https:\/\/asherhaimhalevi.ordisoftware.com\/wp-json\/wp\/v2\/types\/post"}],"author":[{"embeddable":true,"href":"https:\/\/asherhaimhalevi.ordisoftware.com\/wp-json\/wp\/v2\/users\/1"}],"replies":[{"embeddable":true,"href":"https:\/\/asherhaimhalevi.ordisoftware.com\/wp-json\/wp\/v2\/comments?post=5545"}],"version-history":[{"count":2,"href":"https:\/\/asherhaimhalevi.ordisoftware.com\/wp-json\/wp\/v2\/posts\/5545\/revisions"}],"predecessor-version":[{"id":5698,"href":"https:\/\/asherhaimhalevi.ordisoftware.com\/wp-json\/wp\/v2\/posts\/5545\/revisions\/5698"}],"wp:attachment":[{"href":"https:\/\/asherhaimhalevi.ordisoftware.com\/wp-json\/wp\/v2\/media?parent=5545"}],"wp:term":[{"taxonomy":"category","embeddable":true,"href":"https:\/\/asherhaimhalevi.ordisoftware.com\/wp-json\/wp\/v2\/categories?post=5545"},{"taxonomy":"post_tag","embeddable":true,"href":"https:\/\/asherhaimhalevi.ordisoftware.com\/wp-json\/wp\/v2\/tags?post=5545"}],"curies":[{"name":"wp","href":"https:\/\/api.w.org\/{rel}","templated":true}]}}