{"id":5596,"date":"2022-11-11T22:07:57","date_gmt":"2022-11-11T21:07:57","guid":{"rendered":"https:\/\/asherhaimhalevi.ordisoftware.com\/?p=5596"},"modified":"2022-11-15T09:28:30","modified_gmt":"2022-11-15T08:28:30","slug":"troisieme-lettre-reponse-a-copyright-trolling","status":"publish","type":"post","link":"https:\/\/asherhaimhalevi.ordisoftware.com\/blog\/2022\/11\/troisieme-lettre-reponse-a-copyright-trolling\/","title":{"rendered":"Troisi\u00e8me lettre r\u00e9ponse \u00e0 Copyright Trolling"},"content":{"rendered":"<p style=\"margin-bottom:25px;\"><p><sup><em>Envoy\u00e9 par courriel le 11 novembre 2022 \u00e0 22h07<\/em><\/sup><\/p>\n<p style=\"text-align: justify;\">Monsieur,<\/p>\n<p style=\"text-align: justify;\">Apr\u00e8s une apr\u00e8s-midi et une soir\u00e9e de plus \u00e0 enqu\u00eater sur votre r\u00e9clamation financi\u00e8re au-del\u00e0 du retrait de l'image en plus de proc\u00e9der aux v\u00e9rifications et am\u00e9liorations d'usage de l'ensemble de mes espaces Internet, voici quelques liens compl\u00e9mentaires trouv\u00e9s depuis l'envoie de ma deuxi\u00e8me lettre.<\/p>\n<p>J'ai donc d\u00e9j\u00e0 pass\u00e9 trois jours en deux jours sur cette histoire et j'arr\u00eate sans facturation les frais sur ma sant\u00e9 m\u00eame si je n'ai pas encore tout lu ; mais il est tr\u00e8s clair que 450 euros hors taxes pour une image statique banale issue d'un GIF anim\u00e9 non lu et de pi\u00e8tre qualit\u00e9 du visage de Bill Gates qui n'a d'originalit\u00e9 que sa personnalit\u00e9 voire son sourire qui ressemble \u00e0 de la d\u00e9sapprobation amus\u00e9e lors d'une r\u00e9union de travail, image donc malencontreusement utilis\u00e9e sur le blog personnel \u00e0 but non lucratif et humanitaire d'un particulier qui ne magouille pas et qui est en \u00e9tat de douleur physique et de fatigue chronique, c'est exactement ce qu'on raconte et \u00e7a ne m\u00e9rite qu'une petite r\u00e9primande et plus d'\u00e9ducation.<\/p>\n<p><!--more--><\/p>\n<p>Subs\u00e9quemment je constate qu'il n'est m\u00eame pas besoin de parier que les lois vont rapidement \u00e9voluer pour interdire cette pratique qui n'est pas du tout ce que vous pr\u00e9tendez \u00eatre \u00e9tant donn\u00e9 que plein d'avocats et de tribunaux s'occupent de \u00e7a, du moins en France.<\/p>\n<p>Tout cela dit en trois lettres tellement vous m'avez fait peur, comme vous m'avez inform\u00e9 de votre intention de poursuivre tous ses usagers, avez-vous identifi\u00e9 la personne qui a fabriqu\u00e9 ce GIF anim\u00e9 et qui l'a diffus\u00e9 sur toute la toile depuis toutes ces ann\u00e9es ?<\/p>\n<p>Tr\u00e8s cordialement.<\/p>\n<ul>\n<li><a href=\"https:\/\/en.wikipedia.org\/wiki\/Copyright_troll\" target=\"_blank\" rel=\"noopener\">Wikip\u00e9dia : Copyright troll<\/a><\/li>\n<\/ul>\n<ul>\n<li><a href=\"https:\/\/capturedeconomy.com\/the-uneasy-case-for-the-case-act\/\" target=\"_blank\" rel=\"noopener\">Captured Economy : The Uneasy Case for the CASE Act<\/a><\/li>\n<\/ul>\n<ul>\n<li><a href=\"https:\/\/www.observatoire-ocm.com\/tech\/copyright-trolling\/\" target=\"_blank\" rel=\"noopener\">Observatoire OCM : Copyright trolling, quels sont les bons r\u00e9flexes ?<\/a><\/li>\n<\/ul>\n<ul>\n<li><a href=\"https:\/\/www.ndp-avocats.com\/blog-avocat-orleans\/2022\/1\/3\/copyright-trolling-arnaque\" target=\"_blank\" rel=\"noopener\">NDP Avocats : Le copyright trolling est-il une arnaque ?<\/a><\/li>\n<\/ul>\n<ul>\n<li><a href=\"https:\/\/www.lemondedudroit.fr\/decryptages\/77648-phenomene-copyright-trolling-agences-presse-exercent-recours-abusifs-proteger-droits-auteur.html\" target=\"_blank\" rel=\"noopener\">Le monde du droit : Le recours abusifs pour prot\u00e9ger les droits d'auteur<\/a><\/li>\n<\/ul>\n<ul>\n<li><a href=\"https:\/\/www.village-justice.com\/articles\/non-une-photographie-est-pas-une-oeuvre-originale,38914.html\" target=\"_blank\" rel=\"noopener\">Village Justice : Une photographie n\u2019est pas une \u0153uvre originale<\/a><\/li>\n<\/ul>\n<ul>\n<li><a href=\"https:\/\/cleach.com\/protection-des-photographies-par-le-droit-dauteur-loriginalite-appreciee-cliche-par-cliche\/\" target=\"_blank\" rel=\"noopener\">Cleach Avocats : Protection des photographies par le droit d\u2019auteur<\/a><\/li>\n<\/ul>\n<ul>\n<li><a href=\"https:\/\/www.cabinetbouchara.com\/lusage-de-photographies-de-tiers-sans-autorisation\/\" target=\"_blank\" rel=\"noopener\">Bouchara Avocats : L'usage de photographies de tiers sans autorisation<\/a><\/li>\n<\/ul>\n<ul>\n<li><a href=\"https:\/\/www.cairn.info\/revue-legicom-2005-2-page-43.htm\" target=\"_blank\" rel=\"noopener\">Basile Ader : L'\u00e9volution de la notion d'originalit\u00e9 dans la jurisprudence<\/a><\/li>\n<\/ul>\n<ul>\n<li><a href=\"https:\/\/www.enssib.fr\/bibliotheque-numerique\/documents\/65265-images-l-originalite-remise-en-question.pdf\" target=\"_blank\" rel=\"noopener\">Colloque Observatoire de l'image 2014 : Images, l'originalit\u00e9 remise en question ?<\/a><\/li>\n<\/ul>\n<ul>\n<li><a href=\"https:\/\/twitter.com\/lemondedudroit\/status\/1451102374240661508\" target=\"_blank\" rel=\"noopener\">twitter.com\/lemondedudroit\/status\/1451102374240661508<\/a><\/li>\n<\/ul>\n<ul>\n<li><a href=\"https:\/\/twitter.com\/AlexArchambault\/status\/1496790517148893184\" target=\"_blank\" rel=\"noopener\">twitter.com\/AlexArchambault\/status\/1496790517148893184<\/a><\/li>\n<\/ul>\n<blockquote class=\"wp-embedded-content\" data-secret=\"9IK0KQ54y5\"><p><a href=\"https:\/\/asherhaimhalevi.ordisoftware.com\/blog\/2022\/11\/premiere-lettre-reponse-a-copyright-trolling\/\">Premi\u00e8re lettre r\u00e9ponse \u00e0 Copyright Trolling<\/a><\/p><\/blockquote>\n<p><iframe class=\"wp-embedded-content\" sandbox=\"allow-scripts\" security=\"restricted\" style=\"position: absolute; clip: rect(1px, 1px, 1px, 1px);\" title=\"\u00ab\u00a0Premi\u00e8re lettre r\u00e9ponse \u00e0 Copyright Trolling\u00a0\u00bb &#8212; Asher &#039;Ha\u00efm HaLevi\" src=\"https:\/\/asherhaimhalevi.ordisoftware.com\/blog\/2022\/11\/premiere-lettre-reponse-a-copyright-trolling\/embed\/#?secret=ZdhKVBkqKd#?secret=9IK0KQ54y5\" data-secret=\"9IK0KQ54y5\" width=\"600\" height=\"338\" frameborder=\"0\" marginwidth=\"0\" marginheight=\"0\" scrolling=\"no\"><\/iframe><\/p>\n<blockquote class=\"wp-embedded-content\" data-secret=\"owyaMgUTDk\"><p><a href=\"https:\/\/asherhaimhalevi.ordisoftware.com\/blog\/2022\/11\/deuxieme-lettre-reponse-a-copyright-trolling\/\">Deuxi\u00e8me lettre r\u00e9ponse \u00e0 Copyright Trolling<\/a><\/p><\/blockquote>\n<p><iframe class=\"wp-embedded-content\" sandbox=\"allow-scripts\" security=\"restricted\" style=\"position: absolute; clip: rect(1px, 1px, 1px, 1px);\" title=\"\u00ab\u00a0Deuxi\u00e8me lettre r\u00e9ponse \u00e0 Copyright Trolling\u00a0\u00bb &#8212; Asher &#039;Ha\u00efm HaLevi\" src=\"https:\/\/asherhaimhalevi.ordisoftware.com\/blog\/2022\/11\/deuxieme-lettre-reponse-a-copyright-trolling\/embed\/#?secret=Klnuc6BWf4#?secret=owyaMgUTDk\" data-secret=\"owyaMgUTDk\" width=\"600\" height=\"338\" frameborder=\"0\" marginwidth=\"0\" marginheight=\"0\" scrolling=\"no\"><\/iframe><\/p>\n<blockquote class=\"wp-embedded-content\" data-secret=\"2yxIKQQSfo\"><p><a href=\"https:\/\/www.ordisoftware.com\/blog\/2022\/11\/about-copyright-trolling\/\">Au sujet du Copyright Trolling<\/a><\/p><\/blockquote>\n<p><iframe class=\"wp-embedded-content\" sandbox=\"allow-scripts\" security=\"restricted\" style=\"position: absolute; clip: rect(1px, 1px, 1px, 1px);\" title=\"\u00ab\u00a0Au sujet du Copyright Trolling\u00a0\u00bb &#8212; Ordisoftware Ing\u00e9nierie\" src=\"https:\/\/www.ordisoftware.com\/blog\/2022\/11\/about-copyright-trolling\/embed\/#?secret=aOxDAzilz7#?secret=2yxIKQQSfo\" data-secret=\"2yxIKQQSfo\" width=\"600\" height=\"338\" frameborder=\"0\" marginwidth=\"0\" marginheight=\"0\" scrolling=\"no\"><\/iframe><\/p>\n<p style=\"margin-top:0px;margin-bottom:3px;margin-left:15px\">\r\n<img style=\"margin-bottom: 3px;vertical-align: middle\" src=\"\/wp-content\/plugins\/wp-downloadmanager\/images\/ext\/pdf.gif\" alt=\"\" title=\"\" \/>&nbsp;\r\n<strong><a href=\"https:\/\/asherhaimhalevi.ordisoftware.com\/?dl_name=Compilation d'articles sur le Copyright Trolling.pdf\">Compilation d'articles sur le Copyright Trolling<\/a><\/strong>\r\n<\/p>\r\n<p style=\"margin-left:40px;margin-top:0px;color:#555555;font-style:bold\">\r\n<small><i>\r\nTaille : 486,2 Kio<br \/>\r\nMise en ligne : 12 novembre 2022<br \/>\r\nMise \u00e0 jour : 14 novembre 2022<br \/>\r\nDernier t\u00e9l\u00e9chargement : 13 novembre 2022<br \/>\r\nT\u00e9l\u00e9chargements depuis avril 2021 ou mise en ligne : 5\r\n<\/i><\/small>\r\n<\/p>\r\n<p style=\"margin-left:40px;margin-top:-10px\">Le Troll du droit d'auteur rel\u00e8ve du phishing ou hame\u00e7onnage avec des fac-simil\u00e9s d'images diffus\u00e9es sur Internet en gardant les originaux pour de futures r\u00e9clamations d'indemnisations de masse : une pratique de mauvaise foi nuisible \u00e0 interdire selon les sp\u00e9cialistes<\/p>\n<\/p>","protected":false},"excerpt":{"rendered":"<p style=\"margin-bottom:25px;\">\n<p>Envoye par courriel le 11 novembre 2022 a 22h07<\/p>\n<p style=\"text-align: justify;\">Monsieur,<\/p>\n<p style=\"text-align: justify;\">Apres une apres-midi et une soiree de plus a enqueter sur votre reclamation financiere au-dela du retrait de l'image en plus de proceder aux verifications et ameliorations d'usage de l'ensemble de mes espaces Internet, voici quelques liens complementaires trouves depuis l'envoie de ma deuxieme lettre.<\/p>\n<p>J'ai donc deja passe trois jours en deux jours sur cette histoire et j'arrete sans facturation les frais sur ma sante meme si je n'ai pas encore tout lu ; mais il est tres clair que 450 euros hors taxes <\/p>\n<p><span style=\"color:#333\"> &rarr; <a href=\"https:\/\/asherhaimhalevi.ordisoftware.com\/blog\/2022\/11\/troisieme-lettre-reponse-a-copyright-trolling\/\">Lire la suite<\/a><\/span><\/p>\n","protected":false},"author":1,"featured_media":0,"comment_status":"closed","ping_status":"closed","sticky":false,"template":"","format":"standard","meta":[],"categories":[1],"tags":[],"jetpack_featured_media_url":"","_links":{"self":[{"href":"https:\/\/asherhaimhalevi.ordisoftware.com\/wp-json\/wp\/v2\/posts\/5596"}],"collection":[{"href":"https:\/\/asherhaimhalevi.ordisoftware.com\/wp-json\/wp\/v2\/posts"}],"about":[{"href":"https:\/\/asherhaimhalevi.ordisoftware.com\/wp-json\/wp\/v2\/types\/post"}],"author":[{"embeddable":true,"href":"https:\/\/asherhaimhalevi.ordisoftware.com\/wp-json\/wp\/v2\/users\/1"}],"replies":[{"embeddable":true,"href":"https:\/\/asherhaimhalevi.ordisoftware.com\/wp-json\/wp\/v2\/comments?post=5596"}],"version-history":[{"count":8,"href":"https:\/\/asherhaimhalevi.ordisoftware.com\/wp-json\/wp\/v2\/posts\/5596\/revisions"}],"predecessor-version":[{"id":5690,"href":"https:\/\/asherhaimhalevi.ordisoftware.com\/wp-json\/wp\/v2\/posts\/5596\/revisions\/5690"}],"wp:attachment":[{"href":"https:\/\/asherhaimhalevi.ordisoftware.com\/wp-json\/wp\/v2\/media?parent=5596"}],"wp:term":[{"taxonomy":"category","embeddable":true,"href":"https:\/\/asherhaimhalevi.ordisoftware.com\/wp-json\/wp\/v2\/categories?post=5596"},{"taxonomy":"post_tag","embeddable":true,"href":"https:\/\/asherhaimhalevi.ordisoftware.com\/wp-json\/wp\/v2\/tags?post=5596"}],"curies":[{"name":"wp","href":"https:\/\/api.w.org\/{rel}","templated":true}]}}