{"id":5654,"date":"2022-11-14T18:07:18","date_gmt":"2022-11-14T17:07:18","guid":{"rendered":"https:\/\/asherhaimhalevi.ordisoftware.com\/?p=5654"},"modified":"2022-11-15T16:14:53","modified_gmt":"2022-11-15T15:14:53","slug":"lancement-dalerte-sur-le-copyright-trolling","status":"publish","type":"post","link":"https:\/\/asherhaimhalevi.ordisoftware.com\/blog\/2022\/11\/lancement-dalerte-sur-le-copyright-trolling\/","title":{"rendered":"Lancement d'alerte sur le Copyright Trolling"},"content":{"rendered":"<p style=\"margin-bottom:25px;\"><p><sup><em>Mis \u00e0 jour le 15 novembre 2022 \u00e0 16h<\/em><\/sup><\/p>\n<div style=\"margin-top: 15px;\" id=\"toc_container\" class=\"no_bullets\"><ul class=\"toc_list\"><li><a href=\"#Introduction\">Introduction<\/a><\/li><li><a href=\"#Argumentation_et_defense\">Argumentation et d\u00e9fense<\/a><\/li><li><a href=\"#Analyse_de_la_photo_de_presse_dorigine_de_4584x3024_pixels\">Analyse de la photo de presse d'origine de 4584x3024 pixels<\/a><\/li><li><a href=\"#Unique_exemplaire_web_officiel_de_la_photo_2015\">Unique exemplaire web officiel de la photo 2015<\/a><\/li><li><a href=\"#Exemple_de_veritable_originalite_de_photo_2015\">Exemple de v\u00e9ritable originalit\u00e9 de photo 2015<\/a><\/li><li><a href=\"#Photo_du_chat_de_la_famille_alex_2017\">Photo du chat de la famille alex 2017<\/a><\/li><\/ul><\/div>\n\n<h3><span id=\"Introduction\">Introduction<\/span><\/h3>\n<p>Dossier de d\u00e9fense de 23 pages \u00e0 venir, \u00e9tablit du 10 au 14 novembre 2022 avec preuves et argumentations, accompagnant le dossier de presse de 185 pages constitu\u00e9 les jeudi et vendredi, contre un des plus grand coup de masse plan\u00e9taire jamais mont\u00e9 sur Internet, d\u00e9couvert \u00e0 ce moment, et qui vise \u00e0 une escroquerie g\u00e9n\u00e9rale d\u00e9butante des populations, de type hame\u00e7onnage, via une armada de web bots qui saturent le trafic mondial, et via les tribunaux, par des entreprises officielles, la plupart du temps \u00e0 l'aide de photos de presse banales r\u00e9alis\u00e9es en quelques minutes et qualifi\u00e9es d'oeuvres d'art, pour principalement accuser les ignorants et les \u00e9tourdis de contre-fa\u00e7on et r\u00e9clamer une forte indemnisation avec option de mise en prison.<\/p>\n<p>Les protagonistes qui abusent des syst\u00e8mes, des infrastructures, des proc\u00e9dures, des lois et des erreurs plus que des malignit\u00e9s, ainsi que de la m\u00e9connaissance et de l'incomp\u00e9tence au sujet de la \"magie\" informatique qui permet hier comme aujourd'hui de faire des choses remarquables et extraordinaires en un clic et quelques secondes parce que des gens comme moi \u00e9crivent des logiciels parfois simples et parfois complexes gr\u00e2ce \u00e0 la logique, aux math\u00e9matiques, \u00e0 l'\u00e9lectronique et \u00e0 la programmation, afin de faciliter la vie de tous les jours et de rendre le monde meilleur, en ce qui concerne la majorit\u00e9 d'entre nous.<\/p>\n<p>Ceci est un lancement d'alerte ; en plus de celui au sujet du crime m\u00e9dical subit depuis des d\u00e9cennies.<\/p>\n<blockquote class=\"wp-embedded-content\" data-secret=\"dP4x8MpKq2\"><p><a href=\"https:\/\/www.ordisoftware.com\/blog\/2022\/11\/about-copyright-trolling\/\">Au sujet du Copyright Trolling<\/a><\/p><\/blockquote>\n<p><iframe class=\"wp-embedded-content\" sandbox=\"allow-scripts\" security=\"restricted\" style=\"position: absolute; clip: rect(1px, 1px, 1px, 1px);\" title=\"\u00ab\u00a0Au sujet du Copyright Trolling\u00a0\u00bb &#8212; Ordisoftware Ing\u00e9nierie\" src=\"https:\/\/www.ordisoftware.com\/blog\/2022\/11\/about-copyright-trolling\/embed\/#?secret=NMn63qa43w#?secret=dP4x8MpKq2\" data-secret=\"dP4x8MpKq2\" width=\"600\" height=\"338\" frameborder=\"0\" marginwidth=\"0\" marginheight=\"0\" scrolling=\"no\"><\/iframe><\/p>\n<p><!--more--><\/p>\n<h3><span id=\"Argumentation_et_defense\">Argumentation et d\u00e9fense<\/span><\/h3>\n<p><a href=\"https:\/\/tenor.com\/view\/bill-gates-of-hell-gif-25979163\" target=\"_blank\" rel=\"noopener\">tenor.com\/view\/bill-gates-of-hell-gif-25979163<\/a><\/p>\n<p><a href=\"https:\/\/www.google.com\/search?tbs=sbi:AMhZZiudHCuvcO00wMFpZBfIisbRSIktjQ72LV01QLfUmORFgvZvA42bGEgbjlckIttu17BpH9moZ1scu8LAT2gvu0nNJovcs6kNZgY3t9Bu0YWL3ZHjvjyN9c6SD1wRAU3w6uuwFoHM-uEwCbNi-rQRjYmiSWQslg&amp;ei=UvBuY5LbDp2B9u8PqYq9uAI&amp;start=0&amp;sa=N&amp;ved=2ahUKEwiSzIvUuKf7AhWdgP0HHSlFDyc4KBDy0wN6BAgBEAY&amp;biw=1376&amp;bih=887&amp;dpr=1\" target=\"_blank\" rel=\"noopener\">https:\/\/www.google.com\/search?...<\/a><\/p>\n<p>Dans ce genre de situation, attirer mon attention sur le probl\u00e8me en me le mentionnant, voire en me r\u00e9primandant ou au pire en me donnant un avertissement temporaire officiel afin de v\u00e9rifier si j'ai am\u00e9lior\u00e9 les choses pour une meilleure \u00e9ducation et de meilleures m\u00e9thodes, c'est une chose logique, juste et requise, qui devrait \u00eatre en vigueur, que ce soit pour moi comme pour tout le monde dans ce genre d'affaire o\u00f9 je ne suis qu'un particulier tel qu'exprim\u00e9 \u00e0 la soci\u00e9t\u00e9 pour le commanditaire qui \u00e0 ce jour n'a pas d\u00e9montr\u00e9 l'originalit\u00e9 de la photo.<\/p>\n<p>Mais proc\u00e9der \u00e0 des poursuites automatis\u00e9es syst\u00e9matiques calcul\u00e9es ou cibl\u00e9es, pour en l'occurrence en ce qui me concerne vouloir me ponctionner de 450\u20ac jusqu'\u00e0 potentiellement 300000\u20ac ou plus sur une pension de 1020\u20ac, et au pire me mettre en prison, pour contrefa\u00e7on d'\u0153uvre d'art, d'autant qu'il n'y avait aucune mauvaise intention de ma part et qu'il n'y a \u00e0 ma connaissance aucun pr\u00e9judice, et que le GIF utilis\u00e9 n'a rien d'artistique, \u00e9tant en plus de pi\u00e8tre qualit\u00e9 et seulement un visage public tr\u00e8s connu, c'est totalement hors de proportion et inadapt\u00e9.<\/p>\n<p>Ce genre de poursuites juridiques voire judiciaires contre les populations est absurde. Ce n'est pas le but des lois et de la justice que de briser des vies de la sorte et j'emploie ce mot fort faute de mieux pour d\u00e9signer une \u00e9chelle gradu\u00e9 allant de la simple peur jusqu'au dossier de surendettement voire la prison avec perte de tout.<\/p>\n<p>C'est ce qu'affirment nombre d'avocats, de juges et autres, tel que me l'a fait d\u00e9couvrir le dossier d'articles de presse de 185 pages que j'ai compil\u00e9 du 10 au 12 novembre 2022 \u00e0 la suite de la r\u00e9ception de la lettre de la soci\u00e9t\u00e9.<\/p>\n<p>Il s'agit d'une pratique, bas\u00e9e sur la notion subjective d'originalit\u00e9 de l'image, nomm\u00e9e Troll du droit d'auteur ou Copyright Trolling, qui rel\u00e8ve ici en v\u00e9rit\u00e9 d'une variante du phishing ou hame\u00e7onnage avec des fac-simil\u00e9s d'images g\u00e9n\u00e9ralement alt\u00e9r\u00e9es et de moindre qualit\u00e9 diffus\u00e9es sur Internet en gardant l'original de c\u00f4t\u00e9 pour de futures r\u00e9clamations d'indemnisations de masse sans \u00e9pargner qui que ce soit \u00e0 l'aide de robots de reconnaissance d'image qui parcourent la toile jours et nuits et engorgent le trafic tel que j'en l'ai r\u00e9sum\u00e9 dans mon article.<\/p>\n<p>Le but de ce syst\u00e8me all\u00e9gu\u00e9 par le commanditaire pour \u00eatre non-lucratif n'est pas de prot\u00e9ger les droits d'auteurs et d'apprendre aux citoyens \u00e0 faire les choses convenablement pour un monde meilleur, mais seulement de faire payer de grosses sommes aux ignorants comme \u00e0 ceux qui ne font pas assez attention m\u00eame une seule fois, en fabriquant des victimes qui se comportent mal, et uniquement, semble-t-il, dit-on, pour du profit et nuire.<\/p>\n<p>Par exemple sur l'ensemble de mes deux sites personnels en mode b\u00e9n\u00e9volat m\u00eame pour la programmation car je ne pourrais jamais plus retravailler, le trafic des robots est de nos jours de plus de 99,9% et ce ne sont ni Google ni Bing et consorts qui ne passent furtivement que tous les quelques jours. Il me semble ne pas me tromper en disant que j'ai seulement de z\u00e9ro \u00e0 parfois un ou deux visiteurs par jour en moyenne qui ne regardent pas plus d'une voire deux pages. Mais d\u00e9sormais les bots aspirent ces deux sites tous les jours et m\u00eame parfois plusieurs fois. Cette chose n'existait pas il y a 10 \u00e0 20 ans et m\u00eame encore 5 quand cela a commenc\u00e9 \u00e0 prendre de l'ampleur dans le monde entier et que les sp\u00e9cialistes ont commenc\u00e9 \u00e0 observer ce ph\u00e9nom\u00e8ne dont on parle de plus en plus sans encore le comprendre alors on parle de bots de spam\u2026 mais le spam n'est qu'un facette de la chose ici hors-sujet.<\/p>\n<p>Mon site de programmeur mis en ligne en 2008 a 40 pages bilingue soit que 80 au total ... et de nos jours plus de 250 bots viennent chaque jour aspirer plus de 2000 pages ! Mon site d'\u00e9crivain fran\u00e7ais mis en ligne en 2015 n'a que 64 pages ... et de nos jours plus de 120 bots viennent chaque jour aspirer presque 1000 pages ! Et cela en rafale.<\/p>\n<p>Ce nouveau proc\u00e9d\u00e9 estim\u00e9 l\u00e9gal par ses protagonistes est consid\u00e9r\u00e9e par des sp\u00e9cialiste, \u00e0 d\u00e9faut de pouvoir l'\u00eatre comme une arnaque et une escroquerie, comme une pratique de mauvaise foi, perverse, nuisible, et allant contre le droit d'auteur lui-m\u00eame, qu'il faut interdire en faisant \u00e9voluer les lois et les proc\u00e9dures.<\/p>\n<p>En outre, et c'est le fondement de la probl\u00e9matique \u00e0 la vue du nombre croissant de mani\u00e8re exponentielle de poursuites engag\u00e9es sur toute la plan\u00e8te dans le cadre de ce proc\u00e9d\u00e9 automatique, ce qui n'aura aucune efficacit\u00e9 \u00e0 r\u00e9gler un vrai probl\u00e8me d'ignorance comme d'insouciance et l'erreur qui est humaine comme on dit\u2026 Donc en outre, \u00e9duquer et donner r\u00e9guli\u00e8rement des cours aux gens quel que soit l'\u00e2ge dans les \u00e9coles, sur le lieu de travail et en mairie ou autre y compris \u00e0 la t\u00e9l\u00e9vision d'\u00c9tat \u00e0 des horaires adapt\u00e9s, serait plus efficace : c'est la chose \u00e0 faire tout le monde le sait ; car cette pratique brutale envers de plus en plus de personnes, sans discrimination d'intention et de contexte ni consid\u00e9ration de cas, sans bienveillance ni compassion, en r\u00e9alit\u00e9 biais\u00e9e et m\u00eame sournoise, ne peut produire aucun bien pour le monde mais seulement du mal \u00e0 moyen comme \u00e0 long terme.<\/p>\n<p>Je vais oser dire que c'est moi qui subit un pr\u00e9judice physique dans le cadre de ce proc\u00e9d\u00e9 inadapt\u00e9 et inad\u00e9quat ainsi que non conforme et non souhaitable, car je viens de passer d\u00e9j\u00e0 quatre jours \u00e0 m'inqui\u00e9ter et \u00e0 ne faire que de l'ordinateur au p\u00e9ril de ma sant\u00e9 pour comprendre et me d\u00e9fendre en constituant le dossier de presse et en r\u00e9digeant des textes contre une attaque orchestr\u00e9e et disproportionn\u00e9e en plus d'\u00eatre abusive.<\/p>\n<p>En effet, m'am\u00e9liorer dans mes comp\u00e9tences, perfectionner ma m\u00e9thodologie publique et v\u00e9rifier mes espaces Internet ne m'a pris que deux ou trois heures voire disons six au total. Le reste n'a \u00e9t\u00e9 que du temps pass\u00e9 \u00e0 investiguer ce nouveau proc\u00e9d\u00e9 que je ne connaissais pas, qui est en d\u00e9marrage de sa phase de poursuites globales, au sujet duquel je n'aurais jamais eu l'id\u00e9e que \u00e7a puisse exister, et qui est me semble-t-il d'un niveau de danger diffus, plus \u00e9lev\u00e9 quoi que diff\u00e9rent que le spam et le ransomware, pour la s\u00e9curit\u00e9 des populations, m\u00eame si pour le moment les juges tranchent au cas par cas lorsque les poursuites arrivent au tribunal qui risquent de s'engorger.<\/p>\n<p>Un bon usage de ce proc\u00e9d\u00e9 de surveillance globale occulte mis en place par ce genre d'organisation priv\u00e9e serait de l'employer pour d\u00e9tecter les infractions et les crimes comme il le fait actuellement dans sa partie automatis\u00e9e, ce qui poserait beaucoup de questions au l\u00e9gislateur s'il \u00e9tait officiellement reconnu, mais en fait non puisque ce qui est public est public comme au march\u00e9. C'est l'occulte le vrai probl\u00e8me, pas le pseudonyme voire l'anonymat des publications si on a prouv\u00e9 son l'identit\u00e9 au prestataire, au club ou \u00e0 l'autorit\u00e9. Pour revenir au sujet du litige, une fois les alertes d\u00e9clench\u00e9es, au lieu de proc\u00e9dures qualifi\u00e9es de \"cruelles\" par beaucoup et les victimes, car dignes de pi\u00e8ges mortels pour animaux tels des braconniers, il faudrait expliquer et \u00e9duquer, et g\u00e9rer les r\u00e9primandes avec bont\u00e9, tels des parents et des enseignants, car tel est le r\u00f4le de l'\u00c9tat, disons comme avec un permis \u00e0 points ou quelque comme \u00e7a avant de d\u00e9clencher des mesures selon l'intention et le contexte.<\/p>\n<p>En toute circonstance il est requis de consid\u00e9rer la malveillance et \u00e9ventuellement qui la pratique. Je sais que ce n'est pas une excuse mais je vais pr\u00e9ciser que les banques de GIFs tels que Tenor comme ceux qui les utilisent en tierce partie devraient estampiller sur chaque page les copyrights et conditions d'usage comme les banques d'images qui font les choses correctement sans ambigu\u00eft\u00e9 : ce qui est libre est libre et ce qui est achetable est \u00e0 acheter, et ce qui est int\u00e9grable est int\u00e9grable ; et alors c'est clair en tout lieu et en tout temps avec honn\u00eatet\u00e9. Je viens de voir que Giphy indique d\u00e9sormais des pastilles sur les \u00e9l\u00e9ments v\u00e9rifi\u00e9s comme l\u00e9gaux et officiels. J'avoue maintenant consid\u00e9rer \u00eatre devenu comp\u00e9tent en mati\u00e8re de GIFs et m\u00eames malgr\u00e9 mes \"conditions de vie\".<\/p>\n<p>Aussi j'invoque pour ma d\u00e9fense le tort partag\u00e9, je ne sais pas trop comment on appelle cela, en plus de l'absence de profit et d'intention volontaire et mauvaise, en plus de ma situation personnelle et de la souffrance physique qui cause de la fatigue qui cause des inattentions qui cause des \u00e9tourderies qui cause des erreurs et etc. sans parler de l'absence de capacit\u00e9 de paiement ; la seule chose que je peux produire est le dossier de presse non exhaustif qui indique qu'il s'agirait d'une arnaque lucrative et non d'un but non lucratif, en tout cas cela y ressemble aussi je soul\u00e8ve la question, quoi que le terme exact ici serait \"coup mont\u00e9\" qui abuse du syst\u00e8me et qui parie en misant autant sur l'ignorance et la n\u00e9gligence que le manque d'information et de comp\u00e9tence de gens et des tribunaux.<\/p>\n<p><em>Cela dit, en pr\u00e9cisant que mon propos n'est qu'une analyse r\u00e9sum\u00e9e de ce dossier de presse et que je peux me tromper au sujet de certains \u00e9l\u00e9ments, concernant la notion d'originalit\u00e9, cette image est banale et ne n\u00e9cessite que quelques instants pour un amateur, autant que prendre son oncle en photo. On dirait que Bill Gates fait une moue de d\u00e9sapprobation amus\u00e9e lors d'une r\u00e9union \u00e0 la suite d'une sottise. Le floutage du fond est facile \u00e0 r\u00e9aliser m\u00eame apr\u00e8s la prise car il suffit de cliquer sur un bouton et un enfant de disons 8 ans en est capable : cela ne d\u00e9montre aucune prouesse technique, photographique ou artistique, rien de plus compliqu\u00e9 que le fameux \"Hello World\" en BASIC, c'est juste l'usage d'un filtre Photoshop ou de tout autre algorithme banal depuis des ann\u00e9es qui peut notamment \u00eatre inclus dans le logiciel de l'appareil photo, n'importe quel graphiste professionnel le confirmera car un t\u00e9l\u00e9phone Android ou iPhone comme un PC ou autre peut avoir cette option depuis m\u00eame avant 2015, et c'est tr\u00e8s facile \u00e0 v\u00e9rifier aussi je passe les d\u00e9tails de recherche Google.<\/em><\/p>\n<h3><span id=\"Analyse_de_la_photo_de_presse_dorigine_de_4584x3024_pixels\">Analyse de la photo de presse d'origine de 4584x3024 pixels<\/span><\/h3>\n<p>Trouv\u00e9e tel que mentionn\u00e9 dans mon deuxi\u00e8me courrier \u00e0 la soci\u00e9t\u00e9, ce qui m'a fait d\u00e9couvrir la notion de Copyright Trolling afin de comprendre ce qui se passait au-del\u00e0 de mon inattention.<\/p>\n<p>Sans consid\u00e9rer le floutage omnipr\u00e9sent qui attire l'\u0153il au premier regard, on dirait des rames de bateau accroch\u00e9es au mur et cela n'a rien d'original comme le positionnement qui est un classique avec le cadrage t\u00eate-buste, et la lumi\u00e8re est standard. Ce n'est qu'une photo banale parmi d'autres qui n'a d'int\u00e9r\u00eat que la personnalit\u00e9 du sujet.<\/p>\n<p>Selon mes maigres connaissances dans le domaine de la photographie en dehors de la fonction du blur et de quelques bricoles d'amateur, c'est une photo qui peut \u00eatre r\u00e9alis\u00e9e en quelques instants au cours d'une r\u00e9union d'affaire, d'une conf\u00e9rence, d'un rassemblement ou d'un entretien, pures hypoth\u00e8ses, depuis la rencontre des protagonistes jusqu'\u00e0 la cr\u00e9ation du fichier num\u00e9rique final, puisqu'on peut supposer que ce n'est pas une prise depuis le fond d'une salle quoiqu'un bon zoom suffirait \u00e0 donner cette impression et il est difficile de dire si le sujet est assis ou debout. Concernant la grimace, m\u00eame les enfants savent la faire et il est facile de la saisir au vol avec le bouton d'un appareil surtout parmi une s\u00e9rie de prise en rafale afin de s\u00e9lectionner le meilleur clich\u00e9. Pour un photographe \u00e7a doit facile, rapide et automatique.<\/p>\n<p>Cette photo n'est pas de l'art, et elle a \u00e9t\u00e9 tr\u00e8s peu ou pas du tout retravaill\u00e9e en dehors de la fonction blur probablement automatique, et je n'imagine pas le photographe passer au pire plus de deux minutes dessus pour choisir les options car on voit nettement l'incrustation des bords du costume b\u00e2cl\u00e9e et non retouch\u00e9. De plus ce n'est pas une composition notable malgr\u00e9 les rames peut-\u00eatre de circonstance je n'en sait rien. Affirmer que cette photo est \u00e9labor\u00e9e en raison de floutage et des rames serait un mensonge, et en dehors de cela il n'y a honn\u00eatement rien de pertinent m\u00eame la grimace.<\/p>\n<p>Mais c'est une belle photo amusante, c'est s\u00fbr, avec une t\u00eate qui attire l'attention sur la personnalit\u00e9, mais rien de cr\u00e9atif ni de technique ; aussi jolie que mes photos d'adolescent en vacances dans les alpes avec le petit appareil.<\/p>\n<p>En revanche cela n'a rien \u00e0 voir en terme de qualit\u00e9 ind\u00e9niable avec la pauvre petite image que j'ai vue, et utilis\u00e9 sans penser que je ne devais pas le faire tel que mentionn\u00e9, et ce que j'ai fait n'a rien \u00e0 voir avec une contrefa\u00e7on d'\u0153uvre d'art ni m\u00eame une utilisation commerciale, mais avec un manque d'instruction et de comp\u00e9tences en GIFs anim\u00e9s pour les raisons \u00e9voqu\u00e9es, tel un cuisinier qui sait faire un bon ragout mais qui savait pas du tout faire une tarte et \u00e0 qui on avait en plus donn\u00e9 une recette inad\u00e9quate et des ingr\u00e9dients p\u00e9rim\u00e9s.<\/p>\n<h3><span id=\"Unique_exemplaire_web_officiel_de_la_photo_2015\">Unique exemplaire web officiel de la photo 2015<\/span><\/h3>\n<p><a href=\"https:\/\/www.n-tv.de\/incoming\/Bill-Gates-ist-wieder-der-Allerreichste-article14616956.html\" target=\"_blank\" rel=\"noopener\">www.n-tv.de\/incoming\/Bill-Gates-ist-wieder-der-Allerreichste-article14616956.html<\/a><\/p>\n<p>Tr\u00e8s difficile \u00e0 trouver m\u00eame pour un informaticien puisqu'il faut connaitre le terme \"{r\u00e9f\u00e9rence interne de la photo dans les archives du commanditaires}\", en tout cas pour un fran\u00e7ais et pour Google images IA en raison de la technique utilis\u00e9e.<\/p>\n<p>Trouv\u00e9 le 11\/11\/2022 apr\u00e8s presque 24h de recherche \u00e0 la suite au courrier de la soci\u00e9t\u00e9.<\/p>\n<p>C'est-ce qu'on appelle une image fant\u00f4me dans le syst\u00e8me du Copyright Trolling. L'article fait r\u00e9f\u00e9rence \u00e0 la publication du classement Forbes des personnes les plus riches. Une question serait de savoir si cette photo aurait \u00e9t\u00e9 prise lors d'un \u00e9v\u00e8nement mondain ou ce genre de chose \u00e0 l'\u00e9poque.<\/p>\n<p>En l'absence de ma n\u00e9gligence \u00e9voqu\u00e9e et r\u00e9sultant de divers facteurs dont le contexte \u00e9motionnel du post sur mon blog et je suppose aussi la douleur corporelle traumatique caus\u00e9e par des tiers humains mal soign\u00e9s et la fatigue r\u00e9sultante qui s'accumule ann\u00e9es apr\u00e8s ann\u00e9es, j'aurais v\u00e9rifi\u00e9 comme \u00e0 mon habitude comme je le fais pour le reste, et vu que cette image n'est ni libre ni \u00e0 acheter j'en aurais recherch\u00e9 une \u00e9quivalente.<\/p>\n<p>J'insiste sur cela en tant que circonstances att\u00e9nuantes en plus de tout ce que j'ai indiqu\u00e9.<\/p>\n<h3><span id=\"Exemple_de_veritable_originalite_de_photo_2015\">Exemple de v\u00e9ritable originalit\u00e9 de photo 2015<\/span><\/h3>\n<p><a href=\"https:\/\/twitter.com\/OzzyOsbourne\/status\/1591816019555016704\" target=\"_blank\" rel=\"noopener\">twitter.com\/OzzyOsbourne\/status\/1591816019555016704<\/a><\/p>\n<p>Contrairement \u00e0 la photo pr\u00e9c\u00e9dente r\u00e9alisable en moins de cinq minutes, celle-ci a probablement n\u00e9cessit\u00e9 des heures \u00e0 quelques jours de travail, ainsi que beaucoup de comp\u00e9tences et de technique en retouche qui d\u00e9passent mes maigres capacit\u00e9s en graphisme et couleurs.<\/p>\n<p>Cette photo-l\u00e0 peut m\u00eame \u00eatre qualifi\u00e9e d'\u0153uvre d'art, qu'on aime ou pas, car il a fallu r\u00e9fl\u00e9chir \u00e0 la sc\u00e8ne puis organiser et pr\u00e9parer sa r\u00e9alisation.<\/p>\n<p>Si la photo pr\u00e9c\u00e9dente rel\u00e8ve sans aucun doute du clich\u00e9 journalistique, celle-ci rel\u00e8ve de la mise en \u0153uvre d'un \"programme informatique\" vraiment complexe et planifi\u00e9 qui n\u00e9cessite une grande expertise et beaucoup de temps et de moyens pour faire un Ozzy aussi \"class\".<\/p>\n<h3><span id=\"Photo_du_chat_de_la_famille_alex_2017\">Photo du chat de la famille alex 2017<\/span><\/h3>\n<p>Dur\u00e9e de la pr\u00e9paration et du cadrage : 10 secondes.<\/p>\n<p>Dur\u00e9e de la prise : 5 secondes.<\/p>\n<p>Dur\u00e9e pour appliquer en ligne un filtre gratuit de type S\u00c9PIA : 1 minute pour faire un choix dans la liste.<\/p>\n<p>Dur\u00e9e des retouches avec GIMP pour corriger les yeux rouges et l'\u00e9clairage avec ombrage : 2 \u00e0 3 minutes.<\/p>\n<p>Total : 5 minutes maximum en comptant le transfert de fichier depuis le Lumia et l'envoie en ligne sur Gravatar.<\/p>\n<p>Il y a un d\u00e9faut avec un pli du couvre-lit mais je n'ai pas pris la peine de le corriger car je n'ai pas le savoir-faire mais les gens n'imaginent pas ce qu'on peut faire depuis des d\u00e9cennies avec les images m\u00eame anim\u00e9es.<\/p>\n<p>D'ailleurs de nos jour on peut changer, enlever ou flouter le fond des vid\u00e9o en temps r\u00e9el pour 30 euros le logiciel si le mode gratuit ne suffit pas et qu'on veut plus d'options pour faire comme sur un plateau TV.<\/p>\n<p>Attention toute personne utilisant cette image sur son site sera poursuivi pour 1000\u20ac ... non je plaisantes m\u00eame si cette affaire n'a rien de marrant au regard des centaines de t\u00e9moignages des gens que j'ai lu en deux jours et qui disent \u00eatre choqu\u00e9s et effray\u00e9s par ce proc\u00e9d\u00e9 de Copyright Trolling que l'Europe a de fait qualifi\u00e9 d'ill\u00e9gal si j'ai bien compris.<\/p>\n<p><img decoding=\"async\" class=\"size-full aligncenter\" src=\"https:\/\/www.ordisoftware.com\/uploads\/2022\/11\/Alex2017.png\" width=\"700\" height=\"700\" \/><\/p>\n<blockquote class=\"wp-embedded-content\" data-secret=\"v7ao56t4HC\"><p><a href=\"https:\/\/asherhaimhalevi.ordisoftware.com\/blog\/2022\/11\/premiere-lettre-reponse-a-copyright-trolling\/\">Premi\u00e8re lettre r\u00e9ponse \u00e0 Copyright Trolling<\/a><\/p><\/blockquote>\n<p><iframe class=\"wp-embedded-content\" sandbox=\"allow-scripts\" security=\"restricted\" style=\"position: absolute; clip: rect(1px, 1px, 1px, 1px);\" title=\"\u00ab\u00a0Premi\u00e8re lettre r\u00e9ponse \u00e0 Copyright Trolling\u00a0\u00bb &#8212; Asher &#039;Ha\u00efm HaLevi\" src=\"https:\/\/asherhaimhalevi.ordisoftware.com\/blog\/2022\/11\/premiere-lettre-reponse-a-copyright-trolling\/embed\/#?secret=tpZmlxd2Gq#?secret=v7ao56t4HC\" data-secret=\"v7ao56t4HC\" width=\"600\" height=\"338\" frameborder=\"0\" marginwidth=\"0\" marginheight=\"0\" scrolling=\"no\"><\/iframe><\/p>\n<blockquote class=\"wp-embedded-content\" data-secret=\"rbv79NfSFa\"><p><a href=\"https:\/\/asherhaimhalevi.ordisoftware.com\/blog\/2022\/11\/deuxieme-lettre-reponse-a-copyright-trolling\/\">Deuxi\u00e8me lettre r\u00e9ponse \u00e0 Copyright Trolling<\/a><\/p><\/blockquote>\n<p><iframe class=\"wp-embedded-content\" sandbox=\"allow-scripts\" security=\"restricted\" style=\"position: absolute; clip: rect(1px, 1px, 1px, 1px);\" title=\"\u00ab\u00a0Deuxi\u00e8me lettre r\u00e9ponse \u00e0 Copyright Trolling\u00a0\u00bb &#8212; Asher &#039;Ha\u00efm HaLevi\" src=\"https:\/\/asherhaimhalevi.ordisoftware.com\/blog\/2022\/11\/deuxieme-lettre-reponse-a-copyright-trolling\/embed\/#?secret=c4mqSEUpNM#?secret=rbv79NfSFa\" data-secret=\"rbv79NfSFa\" width=\"600\" height=\"338\" frameborder=\"0\" marginwidth=\"0\" marginheight=\"0\" scrolling=\"no\"><\/iframe><\/p>\n<blockquote class=\"wp-embedded-content\" data-secret=\"VXZ711WtTz\"><p><a href=\"https:\/\/asherhaimhalevi.ordisoftware.com\/blog\/2022\/11\/troisieme-lettre-reponse-a-copyright-trolling\/\">Troisi\u00e8me lettre r\u00e9ponse \u00e0 Copyright Trolling<\/a><\/p><\/blockquote>\n<p><iframe class=\"wp-embedded-content\" sandbox=\"allow-scripts\" security=\"restricted\" style=\"position: absolute; clip: rect(1px, 1px, 1px, 1px);\" title=\"\u00ab\u00a0Troisi\u00e8me lettre r\u00e9ponse \u00e0 Copyright Trolling\u00a0\u00bb &#8212; Asher &#039;Ha\u00efm HaLevi\" src=\"https:\/\/asherhaimhalevi.ordisoftware.com\/blog\/2022\/11\/troisieme-lettre-reponse-a-copyright-trolling\/embed\/#?secret=NPLGJ0O7N8#?secret=VXZ711WtTz\" data-secret=\"VXZ711WtTz\" width=\"600\" height=\"338\" frameborder=\"0\" marginwidth=\"0\" marginheight=\"0\" scrolling=\"no\"><\/iframe><\/p>\n<\/p>","protected":false},"excerpt":{"rendered":"<p style=\"margin-bottom:25px;\">\n<p>Mis a jour le 15 novembre 2022 a 16h<\/p>\n<p> Introduction <\/p>\n<p>Dossier de defense de 23 pages a venir, etablit du 10 au 14 novembre 2022 avec preuves et argumentations, accompagnant le dossier de presse de 185 pages constitue les jeudi et vendredi, contre un des plus grand coup de masse planetaire jamais monte sur Internet, decouvert a ce moment, et qui vise a une escroquerie generale debutante des populations, de type hameconnage, via une armada de web bots qui saturent le trafic mondial, et via les tribunaux, par des entreprises officielles, la plupart du temps a l'aide de photos <\/p>\n<p><span style=\"color:#333\"> &rarr; <a href=\"https:\/\/asherhaimhalevi.ordisoftware.com\/blog\/2022\/11\/lancement-dalerte-sur-le-copyright-trolling\/\">Lire la suite<\/a><\/span><\/p>\n","protected":false},"author":1,"featured_media":0,"comment_status":"closed","ping_status":"closed","sticky":true,"template":"","format":"standard","meta":[],"categories":[1],"tags":[],"jetpack_featured_media_url":"","_links":{"self":[{"href":"https:\/\/asherhaimhalevi.ordisoftware.com\/wp-json\/wp\/v2\/posts\/5654"}],"collection":[{"href":"https:\/\/asherhaimhalevi.ordisoftware.com\/wp-json\/wp\/v2\/posts"}],"about":[{"href":"https:\/\/asherhaimhalevi.ordisoftware.com\/wp-json\/wp\/v2\/types\/post"}],"author":[{"embeddable":true,"href":"https:\/\/asherhaimhalevi.ordisoftware.com\/wp-json\/wp\/v2\/users\/1"}],"replies":[{"embeddable":true,"href":"https:\/\/asherhaimhalevi.ordisoftware.com\/wp-json\/wp\/v2\/comments?post=5654"}],"version-history":[{"count":8,"href":"https:\/\/asherhaimhalevi.ordisoftware.com\/wp-json\/wp\/v2\/posts\/5654\/revisions"}],"predecessor-version":[{"id":5710,"href":"https:\/\/asherhaimhalevi.ordisoftware.com\/wp-json\/wp\/v2\/posts\/5654\/revisions\/5710"}],"wp:attachment":[{"href":"https:\/\/asherhaimhalevi.ordisoftware.com\/wp-json\/wp\/v2\/media?parent=5654"}],"wp:term":[{"taxonomy":"category","embeddable":true,"href":"https:\/\/asherhaimhalevi.ordisoftware.com\/wp-json\/wp\/v2\/categories?post=5654"},{"taxonomy":"post_tag","embeddable":true,"href":"https:\/\/asherhaimhalevi.ordisoftware.com\/wp-json\/wp\/v2\/tags?post=5654"}],"curies":[{"name":"wp","href":"https:\/\/api.w.org\/{rel}","templated":true}]}}