{"id":5654,"date":"2022-11-14T18:07:18","date_gmt":"2022-11-14T17:07:18","guid":{"rendered":"https:\/\/asherhaimhalevi.ordisoftware.com\/?p=5654"},"modified":"2022-11-15T09:11:14","modified_gmt":"2022-11-15T08:11:14","slug":"lancement-dalerte-sur-le-copyright-trolling","status":"publish","type":"post","link":"https:\/\/asherhaimhalevi.ordisoftware.com\/blog\/2022\/11\/lancement-dalerte-sur-le-copyright-trolling\/","title":{"rendered":"Lancement d'alerte sur le Copyright Trolling"},"content":{"rendered":"<p style=\"margin-bottom:25px;\"><p>Dossier de d\u00e9fense de 23 pages \u00e0 venir, \u00e9tablit du 10 au 14 novembre 2022 avec preuves et argumentations, accompagnant le dossier de presse de 185 pages constitu\u00e9 les jeudi et vendredi, contre un des plus grand coup de masse plan\u00e9taire jamais mont\u00e9 sur Internet, d\u00e9couvert \u00e0 ce moment, et qui vise \u00e0 une escroquerie g\u00e9n\u00e9rale d\u00e9butante des populations, de type hame\u00e7onnage, via une armada de web bots qui saturent le trafic mondial, et via les tribunaux, par des entreprises officielles, la plupart du temps \u00e0 l'aide de photos de presse banales r\u00e9alis\u00e9es en quelques minutes et qualifi\u00e9es d'oeuvres d'art, pour principalement accuser les ignorants et les \u00e9tourdis de contre-fa\u00e7on et r\u00e9clamer une forte indemnisation avec option de mise en prison ; selon les r\u00e9actions d'ici quelques semaines de la part des autorit\u00e9s publiques et priv\u00e9es ainsi que des protagonistes qui abusent des syst\u00e8mes, des infrastructures, des proc\u00e9dures, des lois et des erreurs plus que des malignit\u00e9s, ainsi que de la m\u00e9connaissance et de l'incomp\u00e9tence au sujet de la \"magie\" informatique qui permet hier comme aujourd'hui de faire des choses remarquables et extraordinaires en un clic et quelques secondes parce que des gens comme moi \u00e9crivent des logiciels parfois simples et parfois complexes gr\u00e2ce \u00e0 la logique, aux math\u00e9matiques, \u00e0 l'\u00e9lectronique et \u00e0 la programmation, afin de faciliter la vie de tous les jours et de rendre le monde meilleur, en ce qui concerne la majorit\u00e9 d'entre nous ... pour savoir quoi rendre public ou pas de ce que j'ai r\u00e9dig\u00e9 sur ce probl\u00e8me au sujet de mon cas personnel.<\/p>\n<p>Ceci est un lancement d'alerte ; en plus du crime m\u00e9dical subit depuis des d\u00e9cennies.<\/p>\n<blockquote class=\"wp-embedded-content\" data-secret=\"dP4x8MpKq2\"><p><a href=\"https:\/\/www.ordisoftware.com\/blog\/2022\/11\/about-copyright-trolling\/\">Au sujet du Copyright Trolling<\/a><\/p><\/blockquote>\n<p><iframe class=\"wp-embedded-content\" sandbox=\"allow-scripts\" security=\"restricted\" style=\"position: absolute; clip: rect(1px, 1px, 1px, 1px);\" title=\"\u00ab\u00a0Au sujet du Copyright Trolling\u00a0\u00bb &#8212; Ordisoftware Ing\u00e9nierie\" src=\"https:\/\/www.ordisoftware.com\/blog\/2022\/11\/about-copyright-trolling\/embed\/#?secret=NMn63qa43w#?secret=dP4x8MpKq2\" data-secret=\"dP4x8MpKq2\" width=\"600\" height=\"338\" frameborder=\"0\" marginwidth=\"0\" marginheight=\"0\" scrolling=\"no\"><\/iframe><\/p>\n<\/p>","protected":false},"excerpt":{"rendered":"<p style=\"margin-bottom:25px;\">\n<p>Dossier de defense de 23 pages a venir, etablit du 10 au 14 novembre 2022 avec preuves et argumentations, accompagnant le dossier de presse de 185 pages constitue les jeudi et vendredi, contre un des plus grand coup de masse planetaire jamais monte sur Internet, decouvert a ce moment, et qui vise a une escroquerie generale debutante des populations, de type hameconnage, via une armada de web bots qui saturent le trafic mondial, et via les tribunaux, par des entreprises officielles, la plupart du temps a l'aide de photos de presse banales realisees en quelques minutes et qualifiees d'oeuvres <\/p>\n<p><span style=\"color:#333\"> &rarr; <a href=\"https:\/\/asherhaimhalevi.ordisoftware.com\/blog\/2022\/11\/lancement-dalerte-sur-le-copyright-trolling\/\">Lire la suite<\/a><\/span><\/p>\n","protected":false},"author":1,"featured_media":0,"comment_status":"closed","ping_status":"closed","sticky":true,"template":"","format":"standard","meta":[],"categories":[1],"tags":[],"jetpack_featured_media_url":"","_links":{"self":[{"href":"https:\/\/asherhaimhalevi.ordisoftware.com\/wp-json\/wp\/v2\/posts\/5654"}],"collection":[{"href":"https:\/\/asherhaimhalevi.ordisoftware.com\/wp-json\/wp\/v2\/posts"}],"about":[{"href":"https:\/\/asherhaimhalevi.ordisoftware.com\/wp-json\/wp\/v2\/types\/post"}],"author":[{"embeddable":true,"href":"https:\/\/asherhaimhalevi.ordisoftware.com\/wp-json\/wp\/v2\/users\/1"}],"replies":[{"embeddable":true,"href":"https:\/\/asherhaimhalevi.ordisoftware.com\/wp-json\/wp\/v2\/comments?post=5654"}],"version-history":[{"count":8,"href":"https:\/\/asherhaimhalevi.ordisoftware.com\/wp-json\/wp\/v2\/posts\/5654\/revisions"}],"predecessor-version":[{"id":5684,"href":"https:\/\/asherhaimhalevi.ordisoftware.com\/wp-json\/wp\/v2\/posts\/5654\/revisions\/5684"}],"wp:attachment":[{"href":"https:\/\/asherhaimhalevi.ordisoftware.com\/wp-json\/wp\/v2\/media?parent=5654"}],"wp:term":[{"taxonomy":"category","embeddable":true,"href":"https:\/\/asherhaimhalevi.ordisoftware.com\/wp-json\/wp\/v2\/categories?post=5654"},{"taxonomy":"post_tag","embeddable":true,"href":"https:\/\/asherhaimhalevi.ordisoftware.com\/wp-json\/wp\/v2\/tags?post=5654"}],"curies":[{"name":"wp","href":"https:\/\/api.w.org\/{rel}","templated":true}]}}