{"id":743,"date":"2021-04-03T06:47:43","date_gmt":"2021-04-03T04:47:43","guid":{"rendered":"https:\/\/asherhaimhalevi.ordisoftware.com\/?page_id=743"},"modified":"2021-04-06T13:04:51","modified_gmt":"2021-04-06T11:04:51","slug":"international-authorities","status":"publish","type":"page","link":"https:\/\/asherhaimhalevi.ordisoftware.com\/logical-proposition\/administrative-directory\/international-authorities\/","title":{"rendered":"Autorit\u00e9s internationales"},"content":{"rendered":"<p style=\"margin-bottom:25px;\"><p>Haut-Commissariat des Nations-Unies aux Droits de l'Homme<br \/>\n<a href=\"http:\/\/www.ohchr.org\/\" target=\"_blank\" rel=\"nofollow noopener\">www.ohchr.org<\/a><br \/>\nPalais des Nations<br \/>\nCH-1211 Gen\u00e8ve 10, Suisse<\/p>\n<p>Cour P\u00e9nale Internationale<br \/>\n<a href=\"http:\/\/www.icc-cpi.int\" target=\"_blank\" rel=\"nofollow noopener\"> www.icc-cpi.int<\/a><br \/>\nBo\u00eete Postale 19519<br \/>\n2500 CM La Haye, Pays-Bas<\/p>\n<p>Commissaire aux Droits de l'Homme<br \/>\n<a href=\"http:\/\/www.coe.int\/fr\/web\/commissioner\" target=\"_blank\" rel=\"nofollow noopener\">www.coe.int\/fr\/web\/commissioner<\/a><br \/>\nCommission des Affaires Juridiques et des Droits Humains<br \/>\n<a href=\"http:\/\/assembly.coe.int\/nw\/Committees\/as-jur\/as-jur-main-FR.asp\" target=\"_blank\" rel=\"nofollow noopener\"> assembly.coe.int\/nw\/Committees\/as-jur\/as-jur-main-FR.asp<\/a><br \/>\nCour Europ\u00e9enne des Droits de l'Homme<br \/>\n<a href=\"http:\/\/www.echr.coe.int\" target=\"_blank\" rel=\"nofollow noopener\"> www.echr.coe.int<\/a><br \/>\nComit\u00e9 de Pr\u00e9vention de la Torture<br \/>\n<a href=\"http:\/\/www.cpt.coe.int\" target=\"_blank\" rel=\"nofollow noopener\"> www.cpt.coe.int<\/a><br \/>\nCouncil of Europe<br \/>\n67075 Strasbourg Cedex, France<\/p>\n<p>Agence des Droits Fondamentaux de l'Union Europ\u00e9enne<br \/>\n<a href=\"http:\/\/fra.europa.eu\" target=\"_blank\" rel=\"nofollow noopener\"> fra.europa.eu<\/a><br \/>\nSchwarzenbergplatz 11<br \/>\nA-1040 Vienna, Autriche<\/p>\n<p>Organisation des Nations Unies pour l'\u00c9ducation, la Science et la Culture<br \/>\n<a href=\"http:\/\/www.unesco.org\" target=\"_blank\" rel=\"nofollow noopener\"> www.unesco.org<\/a><br \/>\n7 Place de Fontenoy<br \/>\n75352 Paris 07 SP, France<\/p>\n<p>Organisation Mondiale de la Sant\u00e9<br \/>\n<a href=\"http:\/\/www.who.int\" target=\"_blank\" rel=\"nofollow noopener\"> www.who.int<\/a><br \/>\nAvenue Appia 20<br \/>\n1211 Gen\u00e8ve 27, Suisse<\/p>\n<p>Organisation pour l'Alimentation et l'Agriculture<br \/>\n<a href=\"http:\/\/www.fao.org\" target=\"_blank\" rel=\"nofollow noopener\"> www.fao.org<\/a><br \/>\nViale delle Terme di Caracalla<br \/>\n00153 Rome, Italie<\/p>\n<p>Parlement Europ\u00e9en<br \/>\n<a href=\"http:\/\/www.europarl.europa.eu\" target=\"_blank\" rel=\"nofollow noopener\"> www.europarl.europa.eu<\/a><br \/>\nAll\u00e9e du Printemps, BP 1024<br \/>\n67070 Strasbourg Cedex, France<\/p>\n<p>M\u00e9diateur Europ\u00e9en<br \/>\n<a href=\"http:\/\/www.ombudsman.europa.eu\" target=\"_blank\" rel=\"nofollow noopener\"> www.ombudsman.europa.eu<\/a><br \/>\n1 avenue du Pr\u00e9sident Robert Schuman, CS 30403<br \/>\n67001 Strasbourg Cedex, France<\/p>\n<p>Chambre Internationale du Commerce<br \/>\n<a href=\"http:\/\/www.iccwbo.org\" target=\"_blank\" rel=\"nofollow noopener\">www.iccwbo.org<\/a><br \/>\n33-43 avenue du Pr\u00e9sident Wilson<br \/>\n75116 Paris<\/p>\n<p>Conseil Europ\u00e9en de l'Industrie Chimique<br \/>\n<a href=\"http:\/\/www.cefic.org\" target=\"_blank\" rel=\"nofollow noopener\"> www.cefic.org<\/a><br \/>\nAvenue E. van Nieuwenhuyse, 4 box 1<br \/>\n1160 Brussels - Brussels, Belgique<\/p>\n<p>Conseil Europ\u00e9en des Ordres des M\u00e9decins<br \/>\n<a href=\"http:\/\/www.ceom-ecmo.eu\" target=\"_blank\" rel=\"nofollow noopener\"> www.ceom-ecmo.eu<\/a><br \/>\n38\/40 square de Mee\u00fbs<br \/>\nB-1000 Bruxelles, Belgique<\/p>\n<p>Maison des Fran\u00e7ais de l'\u00c9tranger<br \/>\n<a href=\"http:\/\/www.diplomatie.gouv.fr\/fr\/vivre-a-l-etranger\" rel=\"nofollow\">www.diplomatie.gouv.fr\/fr\/vivre-a-l-etranger<\/a><br \/>\n48 rue de Javel<br \/>\n75015 Paris, France<\/p>\n<\/p>","protected":false},"excerpt":{"rendered":"<p>Annuaire administratif : autorit\u00e9s internationales. <\/p>\n<p><span style=\"color:#333\"> &rarr; <a href=\"https:\/\/asherhaimhalevi.ordisoftware.com\/logical-proposition\/administrative-directory\/international-authorities\/\">Lire la suite<\/a><\/span><\/p>\n","protected":false},"author":1,"featured_media":0,"parent":234,"menu_order":3,"comment_status":"closed","ping_status":"closed","template":"","meta":[],"_links":{"self":[{"href":"https:\/\/asherhaimhalevi.ordisoftware.com\/wp-json\/wp\/v2\/pages\/743"}],"collection":[{"href":"https:\/\/asherhaimhalevi.ordisoftware.com\/wp-json\/wp\/v2\/pages"}],"about":[{"href":"https:\/\/asherhaimhalevi.ordisoftware.com\/wp-json\/wp\/v2\/types\/page"}],"author":[{"embeddable":true,"href":"https:\/\/asherhaimhalevi.ordisoftware.com\/wp-json\/wp\/v2\/users\/1"}],"replies":[{"embeddable":true,"href":"https:\/\/asherhaimhalevi.ordisoftware.com\/wp-json\/wp\/v2\/comments?post=743"}],"version-history":[{"count":0,"href":"https:\/\/asherhaimhalevi.ordisoftware.com\/wp-json\/wp\/v2\/pages\/743\/revisions"}],"up":[{"embeddable":true,"href":"https:\/\/asherhaimhalevi.ordisoftware.com\/wp-json\/wp\/v2\/pages\/234"}],"wp:attachment":[{"href":"https:\/\/asherhaimhalevi.ordisoftware.com\/wp-json\/wp\/v2\/media?parent=743"}],"curies":[{"name":"wp","href":"https:\/\/api.w.org\/{rel}","templated":true}]}}