{"id":744,"date":"2021-04-03T06:52:14","date_gmt":"2021-04-03T04:52:14","guid":{"rendered":"https:\/\/asherhaimhalevi.ordisoftware.com\/?page_id=744"},"modified":"2021-04-06T13:04:53","modified_gmt":"2021-04-06T11:04:53","slug":"international-associations","status":"publish","type":"page","link":"https:\/\/asherhaimhalevi.ordisoftware.com\/logical-proposition\/administrative-directory\/international-associations\/","title":{"rendered":"Associations internationales"},"content":{"rendered":"<p style=\"margin-bottom:25px;\"><p>The Transparency International Global Coalition Against Corruption<br \/>\n<a href=\"http:\/\/www.transparency.org\" target=\"_blank\" rel=\"nofollow noopener\"> www.transparency.org<\/a><br \/>\nAlt-Moabit 96<br \/>\n10559 Berlin, Allemagne<\/p>\n<p>Association Internationale de Science Politique<br \/>\n<a href=\"http:\/\/www.ipsa.org\" target=\"_blank\" rel=\"nofollow noopener\"> www.ipsa.org<\/a><br \/>\n1590 avenue Docteur-Penfield, Bureau 331<br \/>\nMontr\u00e9al, QC H3G 1C5, Canada<\/p>\n<p>Association Internationale des Sciences Juridiques<br \/>\n<a href=\"http:\/\/www.aisj-ials.com\" target=\"_blank\" rel=\"nofollow noopener\">www.aisj-ials.com<\/a><br \/>\nAISJ- IALS c\/o CISS\/UNESCO, 1 rue Miollis<br \/>\n75015 Paris, France<\/p>\n<p>Association Internationale de Droit P\u00e9nal<br \/>\n<a href=\"http:\/\/www.penal.org\" target=\"_blank\" rel=\"nofollow noopener\"> www.penal.org<\/a><br \/>\n12 rue Charles Fourier<br \/>\n75013 Paris, France<\/p>\n<p>Association Internationale des Hautes Juridictions Administratives<br \/>\n<a href=\"http:\/\/www.aihja.org\" target=\"_blank\" rel=\"nofollow noopener\"> www.aihja.org<\/a><br \/>\nPlace du Palais-Royal<br \/>\n75100 Paris 01 SP, France<\/p>\n<p>Union Internationale des Huissiers de Justice et Officiers Judiciaires<br \/>\n<a href=\"http:\/\/www.uihj.com\" target=\"_blank\" rel=\"nofollow noopener\"> www.uihj.com<\/a><br \/>\n6 Place du Colonel-Fabien<br \/>\n75019 Paris, France<\/p>\n<p>Union Internationale des Avocats<br \/>\n<a href=\"http:\/\/www.uianet.org\" target=\"_blank\" rel=\"nofollow noopener\"> www.uianet.org<\/a><br \/>\n25 Rue du Jour<br \/>\n75001 Paris, France<\/p>\n<p>Association Internationale des Procureurs<br \/>\n<a href=\"http:\/\/www.iap-association.org\" target=\"_blank\" rel=\"nofollow noopener\"> www.iap-association.org<\/a><br \/>\nHartogstraat 13<br \/>\n2514 EP, La Haye, Pays-Bas<\/p>\n<p>Association Internationale des Procureurs et Poursuivants Francophones<br \/>\n<a href=\"http:\/\/www.aippf.org\" target=\"_blank\" rel=\"nofollow noopener\"> www.aippf.org<\/a><br \/>\n2828 boulevard Laurier, Tour 1, Bureau 500, G1V 0B9<br \/>\nQu\u00e9bec, Qu\u00e9bec, Canada<\/p>\n<p>Association Internationale de Police<br \/>\n<a href=\"http:\/\/www.ipa-iac.org\" target=\"_blank\" rel=\"nofollow noopener\"> www.ipa-iac.org<\/a><br \/>\nArthur Troop House 1, Fox Road West<br \/>\nBridgford Nottingham NG2 6AJ, Royaume-Uni<\/p>\n<p>Association des M\u00e9diateurs Europ\u00e9ens<br \/>\n<a href=\"http:\/\/www.mediateurseuropeens.org\" target=\"_blank\" rel=\"nofollow noopener\"> www.mediateurseuropeens.org<\/a><br \/>\nMaison du Barreau, 2-4 rue de Harlay<br \/>\n75001 Paris, France<\/p>\n<p>Association Internationale de la S\u00e9curit\u00e9 Sociale<br \/>\n<a href=\"http:\/\/www.issa.int\" target=\"_blank\" rel=\"nofollow noopener\"> www.issa.int<\/a><br \/>\n4 route des Morillons, Case postale 1<br \/>\nCH-1211 Gen\u00e8ve 22, Suisse<\/p>\n<p>F\u00e9d\u00e9ration Internationale des Travailleurs Sociaux<br \/>\n<a href=\"http:\/\/www.ifsw.org\" target=\"_blank\" rel=\"nofollow noopener\"> www.ifsw.org<\/a><br \/>\nPO Box 6875 - Schwarztorstrasse 22<br \/>\nCH-3001 Berne, Suisse<\/p>\n<p>Association Internationale des Services du Tr\u00e9sor<br \/>\n<a href=\"http:\/\/www.aist-tresor.com\" target=\"_blank\" rel=\"nofollow noopener\"> www.aist-tresor.com<\/a><br \/>\n86 all\u00e9e de Bercy, Teledoc 908<br \/>\n75574 Paris Cedex 12, France<\/p>\n<p>F\u00e9d\u00e9ration Internationale des Services Bancaires<br \/>\n<a href=\"http:\/\/www.ibfed.org\" target=\"_blank\" rel=\"nofollow noopener\"> www.ibfed.org<\/a><br \/>\nPinners Hall, 105-108 Old Broad Street<br \/>\nLondon EC2N 1EX, Royaume-Uni<\/p>\n<p>F\u00e9d\u00e9ration Mondiale des Associations d'Assurance<br \/>\n<a href=\"http:\/\/www.gfiainsurance.org\" target=\"_blank\" rel=\"nofollow noopener\"> www.gfiainsurance.org<\/a><br \/>\nRue Montoyer 51<br \/>\nB-1000 Brussels, Belgique<\/p>\n<p>Association Internationale des Superviseurs d'Assurance<br \/>\n<a href=\"http:\/\/www.iaisweb.org\" target=\"_blank\" rel=\"nofollow noopener\"> www.iaisweb.org<\/a><br \/>\nC\/O Bank for International Settlements<br \/>\nCH-4002 Basel, Suisse<\/p>\n<p>F\u00e9d\u00e9ration Insurance Europe (Ancien Comit\u00e9 Europ\u00e9en des Assurances)<br \/>\n<a href=\"http:\/\/www.insuranceeurope.eu\" target=\"_blank\" rel=\"nofollow noopener\"> www.insuranceeurope.eu<\/a><br \/>\nRue Montoyer 51<br \/>\nB-1000 Brussels, Belgique<\/p>\n<p>Association Internationale de la Mutualit\u00e9<br \/>\n<a href=\"http:\/\/www.aim-mutual.org\" target=\"_blank\" rel=\"nofollow noopener\"> www.aim-mutual.org<\/a><br \/>\n50 Rue d'Arlon<br \/>\n1000 Bruxelles, Belgique<\/p>\n<p>Association Internationale de l'Assurance de Protection Juridique<br \/>\n<a href=\"http:\/\/www.riad-online.net\" target=\"_blank\" rel=\"nofollow noopener\"> www.riad-online.net<\/a><br \/>\nAvenue Michel-Ange 7<br \/>\n1000 Bruxelles, Belgique<\/p>\n<p>Association M\u00e9dicale Mondiale<br \/>\n<a href=\"http:\/\/www.wma.net\" target=\"_blank\" rel=\"nofollow noopener\"> www.wma.net<\/a><br \/>\n13 chemin du Levant - CIB - B\u00e2timent A<br \/>\n01210 Ferney-Voltaire, France<\/p>\n<p>Comit\u00e9 Permanent des M\u00e9decins Europ\u00e9ens<br \/>\n<a href=\"http:\/\/www.cpme.eu\" target=\"_blank\" rel=\"nofollow noopener\"> www.cpme.eu<\/a><br \/>\nRue Guimard 15<br \/>\nB-1040 Brussels, Belgique<\/p>\n<p>Union Europ\u00e9enne des M\u00e9decins Sp\u00e9cialistes<br \/>\n<a href=\"http:\/\/www.uems.net\" target=\"_blank\" rel=\"nofollow noopener\"> www.uems.net<\/a><br \/>\nAvenue de la Couronne<br \/>\n20 - BE - 1050 Brussel, Belgique<\/p>\n<p>F\u00e9d\u00e9ration Hospitali\u00e8re Internationale<br \/>\n<a href=\"http:\/\/www.ihf-fih.org\" target=\"_blank\" rel=\"nofollow noopener\"> www.ihf-fih.org<\/a><br \/>\nP.A. H\u00f4pital de Lo\u00ebx, Route de Lo\u00ebx 151<br \/>\n1233 Bernex, Suisse<\/p>\n<p>Association Internationale de Psychiatrie<br \/>\n<a href=\"http:\/\/www.wpanet.org\" target=\"_blank\" rel=\"nofollow noopener\"> www.wpanet.org<\/a><br \/>\n2 chemin du Petit-Bel-Air<br \/>\n1225 Ch\u00eane-Bourg, Suisse<\/p>\n<p>F\u00e9d\u00e9ration Mondiale pour la Sant\u00e9 Mentale<br \/>\n<a href=\"http:\/\/www.wfmh.org\" rel=\"nofollow\">www.wfmh.org<\/a><br \/>\nPO BOX 807<br \/>\nOccoquan, VA 22125, \u00c9tats-Unis<\/p>\n<p>Association Psychanalytique Internationale<br \/>\n<a href=\"http:\/\/www.ipa.org.uk\" target=\"_blank\" rel=\"nofollow noopener\"> www.ipa.org.uk<\/a><br \/>\nBroomhills, Woodside Lane<br \/>\nLondon N12 8UD, Royaume-Uni, France<\/p>\n<p>F\u00e9d\u00e9ration Dentaire Internationale<br \/>\n<a href=\"http:\/\/www.fdiworldental.org\" target=\"_blank\" rel=\"nofollow noopener\"> www.fdiworldental.org<\/a><br \/>\nTour de Cointrin, Avenue Louis Casa\u00ef 84, Case Postale 3<br \/>\n1216 Gen\u00e8ve-Cointrin, Suisse<\/p>\n<p>F\u00e9d\u00e9ration Internationale des Associations et Industries Pharmaceutiques<br \/>\n<a href=\"http:\/\/www.ifpma.org\" target=\"_blank\" rel=\"nofollow noopener\"> www.ifpma.org<\/a><br \/>\n15 Chemin Louis-Dunant, PO BOX 195<br \/>\n1211 Geneva 20, Suisse<\/p>\n<p>F\u00e9d\u00e9ration Internationale de M\u00e9decine Manuelle<br \/>\n<a href=\"http:\/\/www.fimm-online.com\" target=\"_blank\" rel=\"nofollow noopener\"> www.fimm-online.com<\/a><br \/>\nMedical justify Baden, Kurplatz 1<br \/>\n5400 Baden Aargau, Suisse<\/p>\n<p>Alliance Internationale Ost\u00e9opathique<br \/>\n<a href=\"http:\/\/www.oialliance.org\" target=\"_blank\" rel=\"nofollow noopener\"> www.oialliance.org<\/a><br \/>\n142 E. Ontario St, 4th Floor<br \/>\nChicago, IL 60611, \u00c9tats-Unis<\/p>\n<p>Union Europ\u00e9enne des Chiropracteurs<br \/>\n<a href=\"http:\/\/www.ecunion.eu\" target=\"_blank\" rel=\"nofollow noopener\"> www.ecunion.eu<\/a><br \/>\nThe Glasshouse, 5A Hampton Road,<br \/>\nHampton Hill, Middlesex, TW12 1JN, Royaume-Uni<\/p>\n<p>Association Internationale pour l'\u00c9tude de la Douleur<br \/>\n<a href=\"http:\/\/www.iasp-pain.org\" target=\"_blank\" rel=\"nofollow noopener\"> www.iasp-pain.org<\/a><br \/>\n1510 H Street NW, Suite 600<br \/>\nWashington, DC 20005-1020, \u00c9tats-Unis<\/p>\n<p>Conseil International pour la Science<br \/>\n<a href=\"http:\/\/www.icsu.org\" target=\"_blank\" rel=\"nofollow noopener\"> www.icsu.org<\/a><br \/>\n5 rue Auguste Vacquerie<br \/>\n75116 Paris, France<\/p>\n<p>Alliance Mondiale pour l'Innovation<br \/>\n<a href=\"http:\/\/www.wainova.org\" target=\"_blank\" rel=\"nofollow noopener\"> www.wainova.org<\/a><br \/>\nParque Technol\u00f3gico Andalucla-Sede Social<br \/>\n29590 Campanillas (M\u00e1laga), Espagne<\/p>\n<p>Association pour la Machinerie Informatique<br \/>\n<a href=\"http:\/\/www.acm.org\" target=\"_blank\" rel=\"nofollow noopener\"> www.acm.org<\/a><br \/>\n2 Penn Plaza, Suite 701<br \/>\nNew York, NY 10121-0701, \u00c9tats-Unis<\/p>\n<p>Institut des Ing\u00e9nieurs \u00c9lectrique et \u00c9lectronique<br \/>\n<a href=\"http:\/\/www.ieee.org\" target=\"_blank\" rel=\"nofollow noopener\"> www.ieee.org<\/a><br \/>\n445 Hoes Lane<br \/>\nPiscataway, NJ 08854-4141, \u00c9tats-Unis<\/p>\n<p>Conf\u00e9d\u00e9ration Syndicale Internationale<br \/>\n<a href=\"http:\/\/www.ituc-csi.org\" target=\"_blank\" rel=\"nofollow noopener\"> www.ituc-csi.org<\/a><br \/>\nAvenue Blanc 46<br \/>\nCH - 1202 Gen\u00e8ve, Suisse<\/p>\n<p>Conf\u00e9d\u00e9ration Europ\u00e9enne des Syndicats<br \/>\n<a href=\"http:\/\/www.etuc.org\" target=\"_blank\" rel=\"nofollow noopener\"> www.etuc.org<\/a><br \/>\nBoulevard du Roi Albert II, 5<br \/>\nB-1210 Bruxelles, Belgique<\/p>\n<p>Union des Associations Internationales<br \/>\n(Institut r\u00e9f\u00e9ren\u00e7ant plus de 100 000 organisations mondiales)<br \/>\n<a href=\"http:\/\/www.uia.org\" target=\"_blank\" rel=\"nofollow noopener\"> www.uia.org<\/a><br \/>\nRue Washington 40<br \/>\nB-1050 Ixelles, Brussels, Belgique<\/p>\n<\/p>","protected":false},"excerpt":{"rendered":"<p>Annuaire administratif : associations internationales. <\/p>\n<p><span style=\"color:#333\"> &rarr; <a href=\"https:\/\/asherhaimhalevi.ordisoftware.com\/logical-proposition\/administrative-directory\/international-associations\/\">Lire la suite<\/a><\/span><\/p>\n","protected":false},"author":1,"featured_media":0,"parent":234,"menu_order":5,"comment_status":"closed","ping_status":"closed","template":"","meta":[],"_links":{"self":[{"href":"https:\/\/asherhaimhalevi.ordisoftware.com\/wp-json\/wp\/v2\/pages\/744"}],"collection":[{"href":"https:\/\/asherhaimhalevi.ordisoftware.com\/wp-json\/wp\/v2\/pages"}],"about":[{"href":"https:\/\/asherhaimhalevi.ordisoftware.com\/wp-json\/wp\/v2\/types\/page"}],"author":[{"embeddable":true,"href":"https:\/\/asherhaimhalevi.ordisoftware.com\/wp-json\/wp\/v2\/users\/1"}],"replies":[{"embeddable":true,"href":"https:\/\/asherhaimhalevi.ordisoftware.com\/wp-json\/wp\/v2\/comments?post=744"}],"version-history":[{"count":0,"href":"https:\/\/asherhaimhalevi.ordisoftware.com\/wp-json\/wp\/v2\/pages\/744\/revisions"}],"up":[{"embeddable":true,"href":"https:\/\/asherhaimhalevi.ordisoftware.com\/wp-json\/wp\/v2\/pages\/234"}],"wp:attachment":[{"href":"https:\/\/asherhaimhalevi.ordisoftware.com\/wp-json\/wp\/v2\/media?parent=744"}],"curies":[{"name":"wp","href":"https:\/\/api.w.org\/{rel}","templated":true}]}}