{"id":745,"date":"2021-04-03T06:52:32","date_gmt":"2021-04-03T04:52:32","guid":{"rendered":"https:\/\/asherhaimhalevi.ordisoftware.com\/?page_id=745"},"modified":"2021-04-06T13:04:56","modified_gmt":"2021-04-06T11:04:56","slug":"legislative-authorities","status":"publish","type":"page","link":"https:\/\/asherhaimhalevi.ordisoftware.com\/logical-proposition\/administrative-directory\/legislative-authorities\/","title":{"rendered":"Autorit\u00e9s l\u00e9gislatives"},"content":{"rendered":"<p style=\"margin-bottom:25px;\"><p>Pr\u00e9sidence de la R\u00e9publique Fran\u00e7aise<br \/>\n<a href=\"http:\/\/www.elysee.fr\" target=\"_blank\" rel=\"nofollow noopener\"> www.elysee.fr<\/a><br \/>\n55 rue du Faubourg Saint-Honor\u00e9<br \/>\n75008 Paris, France<\/p>\n<p>Secr\u00e9tariat G\u00e9n\u00e9ral du Gouvernement et du Premier Ministre<br \/>\n<a href=\"http:\/\/www.gouvernement.fr\" target=\"_blank\" rel=\"nofollow noopener\"> www.gouvernement.fr<\/a><br \/>\n57 rue de Varenne<br \/>\n75700 Paris SP 07, France<\/p>\n<p>Conseil Constitutionnel<br \/>\n<a href=\"http:\/\/www.conseil-constitutionnel.fr\" target=\"_blank\" rel=\"nofollow noopener\"> www.conseil-constitutionnel.fr<\/a><br \/>\n2 rue de Montpensier<br \/>\n75001 Paris, France<\/p>\n<p>Conseil d'\u00c9tat<br \/>\n<a href=\"http:\/\/www.conseil-etat.fr\" target=\"_blank\" rel=\"nofollow noopener\"> www.conseil-etat.fr<\/a><br \/>\n1 place du Palais-Royal<br \/>\n75001 Paris, France<\/p>\n<p>Assembl\u00e9e Nationale<br \/>\n<a href=\"http:\/\/www.assemblee-nationale.fr\" target=\"_blank\" rel=\"nofollow noopener\"> www.assemblee-nationale.fr<\/a><br \/>\n126 rue Universit\u00e9<br \/>\n75007 Paris, France<\/p>\n<p>S\u00e9nat<br \/>\n<a href=\"http:\/\/www.senat.fr\" target=\"_blank\" rel=\"nofollow noopener\"> www.senat.fr<\/a><br \/>\n15 rue Vaugirard<br \/>\n75006 Paris, France<\/p>\n<p>Comit\u00e9 Consultatif National d'\u00c9thique pour les Sciences de la Vie et de la Sant\u00e9<br \/>\n<a href=\"http:\/\/www.ccne-ethique.fr\" target=\"_blank\" rel=\"nofollow noopener\"> www.ccne-ethique.fr<\/a><br \/>\n35, rue Saint-Dominique<br \/>\n75700 Paris, France<\/p>\n<p>Commission Nationale Consultative des Droits de l'Homme<br \/>\n<a href=\"http:\/\/www.cncdh.fr\" target=\"_blank\" rel=\"nofollow noopener\"> www.cncdh.fr<\/a><br \/>\n35 rue Saint-Dominique<br \/>\n75700 Paris 07 SP, France<\/p>\n<p>Commission Nationale de l'Informatique et des Libert\u00e9s<br \/>\n<a href=\"http:\/\/www.cnil.fr\" target=\"_blank\" rel=\"nofollow noopener\"> www.cnil.fr<\/a><br \/>\n8 Rue Vivienne, CS 30223<br \/>\n75083 Paris cedex 02, France<\/p>\n<p>Commission d'Acc\u00e8s aux Documents Administratifs<br \/>\n<a href=\"http:\/\/www.cada.fr\" target=\"_blank\" rel=\"nofollow noopener\"> www.cada.fr<\/a><br \/>\n35 rue Saint-Dominique<br \/>\n75700 Paris 07 SP, France<\/p>\n<p>Conseil Sup\u00e9rieur de l'Audiovisuel<br \/>\n<a href=\"http:\/\/www.csa.fr\" target=\"_blank\" rel=\"nofollow noopener\"> www.csa.fr<\/a><br \/>\nTour Mirabeau, 39-43 quai Andr\u00e9-Citro\u00ebn<br \/>\n75739 Paris cedex 15, France<\/p>\n<p>Conseil National de la Consommation<br \/>\n<a href=\"http:\/\/www.economie.gouv.fr\/cnc\" target=\"_blank\" rel=\"nofollow noopener\"> www.economie.gouv.fr\/cnc<\/a><br \/>\n139 rue de Bercy, Teledoc 151<br \/>\n75572 Paris Cedex 12, France<\/p>\n<\/p>","protected":false},"excerpt":{"rendered":"<p>Annuaire administratif : autorit\u00e9s l\u00e9gislatives. <\/p>\n<p><span style=\"color:#333\"> &rarr; <a href=\"https:\/\/asherhaimhalevi.ordisoftware.com\/logical-proposition\/administrative-directory\/legislative-authorities\/\">Lire la suite<\/a><\/span><\/p>\n","protected":false},"author":1,"featured_media":0,"parent":234,"menu_order":8,"comment_status":"closed","ping_status":"closed","template":"","meta":[],"_links":{"self":[{"href":"https:\/\/asherhaimhalevi.ordisoftware.com\/wp-json\/wp\/v2\/pages\/745"}],"collection":[{"href":"https:\/\/asherhaimhalevi.ordisoftware.com\/wp-json\/wp\/v2\/pages"}],"about":[{"href":"https:\/\/asherhaimhalevi.ordisoftware.com\/wp-json\/wp\/v2\/types\/page"}],"author":[{"embeddable":true,"href":"https:\/\/asherhaimhalevi.ordisoftware.com\/wp-json\/wp\/v2\/users\/1"}],"replies":[{"embeddable":true,"href":"https:\/\/asherhaimhalevi.ordisoftware.com\/wp-json\/wp\/v2\/comments?post=745"}],"version-history":[{"count":0,"href":"https:\/\/asherhaimhalevi.ordisoftware.com\/wp-json\/wp\/v2\/pages\/745\/revisions"}],"up":[{"embeddable":true,"href":"https:\/\/asherhaimhalevi.ordisoftware.com\/wp-json\/wp\/v2\/pages\/234"}],"wp:attachment":[{"href":"https:\/\/asherhaimhalevi.ordisoftware.com\/wp-json\/wp\/v2\/media?parent=745"}],"curies":[{"name":"wp","href":"https:\/\/api.w.org\/{rel}","templated":true}]}}