{"id":746,"date":"2021-04-03T06:52:55","date_gmt":"2021-04-03T04:52:55","guid":{"rendered":"https:\/\/asherhaimhalevi.ordisoftware.com\/?page_id=746"},"modified":"2021-04-06T13:05:01","modified_gmt":"2021-04-06T11:05:01","slug":"legal-authorities","status":"publish","type":"page","link":"https:\/\/asherhaimhalevi.ordisoftware.com\/logical-proposition\/administrative-directory\/legal-authorities\/","title":{"rendered":"Autorit\u00e9s juridiques"},"content":{"rendered":"<p style=\"margin-bottom:25px;\"><p>Minist\u00e8re de la Justice<br \/>\n<a href=\"http:\/\/www.justice.gouv.fr\" target=\"_blank\" rel=\"nofollow noopener\"> www.justice.gouv.fr<\/a><br \/>\n13 Place Vend\u00f4me<br \/>\n75001 Paris, France<\/p>\n<p>D\u00e9fenseur des Droits<br \/>\n<a href=\"http:\/\/www.defenseurdesdroits.fr\" target=\"_blank\" rel=\"nofollow noopener\"> www.defenseurdesdroits.fr<\/a><br \/>\n7 rue Saint-Florentin<br \/>\n75008 Paris, France<\/p>\n<p>Conseil Sup\u00e9rieur de la Magistrature<br \/>\n<a href=\"http:\/\/www.conseil-superieur-magistrature.fr\" target=\"_blank\" rel=\"nofollow noopener\"> www.conseil-superieur-magistrature.fr<\/a><br \/>\n21 boulevard Haussmann<br \/>\n75009 Paris, France<\/p>\n<p>Conseil National des Barreaux et des Avocats<br \/>\n<a href=\"http:\/\/cnb.avocat.fr\" target=\"_blank\" rel=\"nofollow noopener\"> cnb.avocat.fr<\/a><br \/>\n22, rue de Londres<br \/>\n75009 Paris, France<\/p>\n<p>Union Syndicale des Magistrats<br \/>\n<a href=\"http:\/\/www.union-syndicale-magistrats.org\" target=\"_blank\" rel=\"nofollow noopener\"> www.union-syndicale-magistrats.org<\/a><br \/>\n33, rue du Four<br \/>\n75006 Paris, France<\/p>\n<p>Conf\u00e9rence Nationale des Procureurs de la R\u00e9publique<br \/>\nAdresse apparemment inconnue de l'administration et des annuaires<br \/>\n<a href=\"http:\/\/www.union-syndicale-magistrats.org\/web\/upload_fich\/actualite\/resolution_cnpr2011.pdf\" rel=\"nofollow\">www.union-syndicale-magistrats.org\/web\/upload_fich\/actualite\/resolution_cnpr2011.pdf<\/a><\/p>\n<p>Doyen des Juges d'Instruction du Tribunal de Grande Instance de Paris<br \/>\n<a href=\"http:\/\/www.ca-paris.justice.fr\" target=\"_blank\" rel=\"nofollow noopener\"> www.ca-paris.justice.fr<\/a><br \/>\n4 boulevard du Palais<br \/>\n75055 Paris Cedex 01, France<\/p>\n<p>Procureur de la R\u00e9publique du Tribunal de Grande Instance de Paris<br \/>\n<a href=\"http:\/\/www.ca-paris.justice.fr\" target=\"_blank\" rel=\"nofollow noopener\"> www.ca-paris.justice.fr<\/a><br \/>\n14 quai des Orf\u00e8vres<br \/>\n75059 Paris Cedex 01, France<\/p>\n<p>Procureur G\u00e9n\u00e9ral de la Cour d'Appel du Tribunal de Grande Instance de Paris<br \/>\n<a href=\"http:\/\/www.ca-paris.justice.fr\" target=\"_blank\" rel=\"nofollow noopener\"> www.ca-paris.justice.fr<\/a><br \/>\n34 quai des Orf\u00e8vres<br \/>\n75055 Paris Cedex 01, France<\/p>\n<p>Premier Pr\u00e9sident de la Cour de Cassation<br \/>\n<a href=\"http:\/\/www.courdecassation.fr\" target=\"_blank\" rel=\"nofollow noopener\"> www.courdecassation.fr<\/a><br \/>\n5 quai Horloge<br \/>\n75001 Paris, France<\/p>\n<p>Tribunal des Affaires de S\u00e9curit\u00e9 Sociale de Paris<br \/>\nImmeuble Le Brabant<br \/>\n11 rue de Cambrai<br \/>\n75945 Paris Cedex 19, France<\/p>\n<p>Bureau de l'Aide Juridictionnelle du Tribunal de Grande Instance de Paris<br \/>\n<a href=\"http:\/\/www.ca-paris.justice.fr\" target=\"_blank\" rel=\"nofollow noopener\"> www.ca-paris.justice.fr<\/a><br \/>\n1 quai de la Corse<br \/>\n75194 Paris Cedex 04, France<\/p>\n<p>Association fran\u00e7aise d'arbitrage<br \/>\n<a href=\"http:\/\/www.afa-arbitrage.com\" target=\"_blank\" rel=\"nofollow noopener\">www.afa-arbitrage.com<\/a><br \/>\n8 avenue Bertie Albrecht<br \/>\n75008 Paris, France<\/p>\n<p>Comit\u00e9 fran\u00e7ais de l'arbitrage<br \/>\n<a href=\"http:\/\/www.cfa-arbitrage.com\" target=\"_blank\" rel=\"nofollow noopener\">www.cfa-arbitrage.com<\/a><br \/>\n31 rue La Bo\u00e9tie<br \/>\n75008 Paris, France<\/p>\n<\/p>","protected":false},"excerpt":{"rendered":"<p>Annuaire administratif : autorit\u00e9s juridiques. <\/p>\n<p><span style=\"color:#333\"> &rarr; <a href=\"https:\/\/asherhaimhalevi.ordisoftware.com\/logical-proposition\/administrative-directory\/legal-authorities\/\">Lire la suite<\/a><\/span><\/p>\n","protected":false},"author":1,"featured_media":0,"parent":234,"menu_order":10,"comment_status":"closed","ping_status":"closed","template":"","meta":[],"_links":{"self":[{"href":"https:\/\/asherhaimhalevi.ordisoftware.com\/wp-json\/wp\/v2\/pages\/746"}],"collection":[{"href":"https:\/\/asherhaimhalevi.ordisoftware.com\/wp-json\/wp\/v2\/pages"}],"about":[{"href":"https:\/\/asherhaimhalevi.ordisoftware.com\/wp-json\/wp\/v2\/types\/page"}],"author":[{"embeddable":true,"href":"https:\/\/asherhaimhalevi.ordisoftware.com\/wp-json\/wp\/v2\/users\/1"}],"replies":[{"embeddable":true,"href":"https:\/\/asherhaimhalevi.ordisoftware.com\/wp-json\/wp\/v2\/comments?post=746"}],"version-history":[{"count":0,"href":"https:\/\/asherhaimhalevi.ordisoftware.com\/wp-json\/wp\/v2\/pages\/746\/revisions"}],"up":[{"embeddable":true,"href":"https:\/\/asherhaimhalevi.ordisoftware.com\/wp-json\/wp\/v2\/pages\/234"}],"wp:attachment":[{"href":"https:\/\/asherhaimhalevi.ordisoftware.com\/wp-json\/wp\/v2\/media?parent=746"}],"curies":[{"name":"wp","href":"https:\/\/api.w.org\/{rel}","templated":true}]}}