{"id":747,"date":"2021-04-03T06:53:18","date_gmt":"2021-04-03T04:53:18","guid":{"rendered":"https:\/\/asherhaimhalevi.ordisoftware.com\/?page_id=747"},"modified":"2021-04-06T13:05:03","modified_gmt":"2021-04-06T11:05:03","slug":"security-authorities","status":"publish","type":"page","link":"https:\/\/asherhaimhalevi.ordisoftware.com\/logical-proposition\/administrative-directory\/security-authorities\/","title":{"rendered":"Autorit\u00e9s s\u00e9curitaires"},"content":{"rendered":"<p style=\"margin-bottom:25px;\"><p>Minist\u00e8re de l'Int\u00e9rieur<br \/>\n<a href=\"http:\/\/www.interieur.gouv.fr\" target=\"_blank\" rel=\"nofollow noopener\"> www.interieur.gouv.fr<\/a><br \/>\nPlace Beauvau<br \/>\n75008 Paris, France<\/p>\n<p>Direction Centrale du Renseignement Int\u00e9rieur<br \/>\n<a href=\"http:\/\/www.police-nationale.interieur.gouv.fr\" target=\"_blank\" rel=\"nofollow noopener\"> www.police-nationale.interieur.gouv.fr<\/a><br \/>\n84 rue de Villiers<br \/>\n92300 Levallois-Perret, France<\/p>\n<p>Direction G\u00e9n\u00e9rale de la Police Nationale<br \/>\n<a href=\"http:\/\/www.police-nationale.interieur.gouv.fr\" target=\"_blank\" rel=\"nofollow noopener\"> www.police-nationale.interieur.gouv.fr<\/a><br \/>\n11 rue des Saussaies<br \/>\n75008 Paris, France<\/p>\n<p>Inspection G\u00e9n\u00e9rale des Services<br \/>\n<a href=\"http:\/\/www.prefecturedepolice.interieur.gouv.fr\" target=\"_blank\" rel=\"nofollow noopener\"> www.prefecturedepolice.interieur.gouv.fr<\/a><br \/>\n30 rue H\u00e9nard<br \/>\n75012 Paris, France<\/p>\n<p>Service de la Communication du Cabinet du Pr\u00e9fet de Police de Paris<br \/>\n<a href=\"http:\/\/www.prefecturedepolice.interieur.gouv.fr\" target=\"_blank\" rel=\"nofollow noopener\"> www.prefecturedepolice.interieur.gouv.fr<\/a><br \/>\n9 boulevard du Palais<br \/>\n75004 Paris, France<\/p>\n<p>Direction G\u00e9n\u00e9rale de la Gendarmerie Nationale<br \/>\n<a href=\"http:\/\/www.gendarmerie.interieur.gouv.fr\" target=\"_blank\" rel=\"nofollow noopener\"> www.gendarmerie.interieur.gouv.fr<\/a><br \/>\n4 rue Claude-Bernard<br \/>\n92130 Issy-les-Moulineaux, France<\/p>\n<p>Inspection G\u00e9n\u00e9rale de la Gendarmerie Nationale<br \/>\n<a href=\"http:\/\/www.gendarmerie.interieur.gouv.fr\" target=\"_blank\" rel=\"nofollow noopener\"> www.gendarmerie.interieur.gouv.fr<\/a><br \/>\nCaserne Paris Minimes, 12 rue de B\u00e9arn<br \/>\n75003 Paris, France<\/p>\n<p>Commission Nationale de Contr\u00f4le des Interceptions de S\u00e9curit\u00e9<br \/>\n<a href=\"http:\/\/www.gouvernement.fr\" target=\"_blank\" rel=\"nofollow noopener\"> www.gouvernement.fr<\/a><br \/>\n35, rue Saint-Dominique<br \/>\n75700 Paris SP 07, France<\/p>\n<p>Contr\u00f4leur G\u00e9n\u00e9ral des Lieux de Privation de Libert\u00e9<br \/>\n<a href=\"http:\/\/www.cglpl.fr\" target=\"_blank\" rel=\"nofollow noopener\"> www.cglpl.fr<\/a><br \/>\n16\/18 quai de la Loire, BP 10301<br \/>\n75921 Paris Cedex 19, France<\/p>\n<p>Milivudes<br \/>\n<a href=\"http:\/\/www.derives-sectes.gouv.fr\" target=\"_blank\" rel=\"nofollow noopener\"> www.derives-sectes.gouv.fr<\/a><br \/>\n13 rue Vaneau<br \/>\n75007 Paris, France<\/p>\n<\/p>","protected":false},"excerpt":{"rendered":"<p>Annuaire administratif : autorit\u00e9s s\u00e9curitaires. <\/p>\n<p><span style=\"color:#333\"> &rarr; <a href=\"https:\/\/asherhaimhalevi.ordisoftware.com\/logical-proposition\/administrative-directory\/security-authorities\/\">Lire la suite<\/a><\/span><\/p>\n","protected":false},"author":1,"featured_media":0,"parent":234,"menu_order":11,"comment_status":"closed","ping_status":"closed","template":"","meta":[],"_links":{"self":[{"href":"https:\/\/asherhaimhalevi.ordisoftware.com\/wp-json\/wp\/v2\/pages\/747"}],"collection":[{"href":"https:\/\/asherhaimhalevi.ordisoftware.com\/wp-json\/wp\/v2\/pages"}],"about":[{"href":"https:\/\/asherhaimhalevi.ordisoftware.com\/wp-json\/wp\/v2\/types\/page"}],"author":[{"embeddable":true,"href":"https:\/\/asherhaimhalevi.ordisoftware.com\/wp-json\/wp\/v2\/users\/1"}],"replies":[{"embeddable":true,"href":"https:\/\/asherhaimhalevi.ordisoftware.com\/wp-json\/wp\/v2\/comments?post=747"}],"version-history":[{"count":0,"href":"https:\/\/asherhaimhalevi.ordisoftware.com\/wp-json\/wp\/v2\/pages\/747\/revisions"}],"up":[{"embeddable":true,"href":"https:\/\/asherhaimhalevi.ordisoftware.com\/wp-json\/wp\/v2\/pages\/234"}],"wp:attachment":[{"href":"https:\/\/asherhaimhalevi.ordisoftware.com\/wp-json\/wp\/v2\/media?parent=747"}],"curies":[{"name":"wp","href":"https:\/\/api.w.org\/{rel}","templated":true}]}}