{"id":748,"date":"2021-04-03T06:55:07","date_gmt":"2021-04-03T04:55:07","guid":{"rendered":"https:\/\/asherhaimhalevi.ordisoftware.com\/?page_id=748"},"modified":"2021-04-06T13:05:04","modified_gmt":"2021-04-06T11:05:04","slug":"health-authorities","status":"publish","type":"page","link":"https:\/\/asherhaimhalevi.ordisoftware.com\/logical-proposition\/administrative-directory\/health-authorities\/","title":{"rendered":"Autorit\u00e9s sanitaires"},"content":{"rendered":"<p style=\"margin-bottom:25px;\"><p>Minist\u00e8re Sant\u00e9<br \/>\n<a href=\"http:\/\/www.sante.gouv.fr\" target=\"_blank\" rel=\"nofollow noopener\"> www.sante.gouv.fr<\/a><br \/>\nDirection de la S\u00e9curit\u00e9 Sociale<br \/>\n<a href=\"http:\/\/www.securite-sociale.fr\" target=\"_blank\" rel=\"nofollow noopener\"> www.securite-sociale.fr<\/a><br \/>\nAssurance Maladie<br \/>\n<a href=\"http:\/\/www.assurance-maladie.fr\" target=\"_blank\" rel=\"nofollow noopener\">www.assurance-maladie.fr<\/a><br \/>\n14 avenue Duquesne<br \/>\n75350 Paris 07 SP, France<\/p>\n<p>Minist\u00e8re de l'\u00c9conomie et des Finances<br \/>\n<a href=\"http:\/\/www.impots.gouv.fr\" target=\"_blank\" rel=\"nofollow noopener\"> www.impots.gouv.fr<\/a><br \/>\nDirection des Finances<br \/>\n<a href=\"http:\/\/www.economie.gouv.fr\" target=\"_blank\" rel=\"nofollow noopener\"> www.economie.gouv.fr<\/a><br \/>\n139 rue de Bercy - T\u00e9l\u00e9doc 151<br \/>\n75572 Paris Cedex 12, France<\/p>\n<p>\u00c9cole des Hautes \u00c9tudes en Sant\u00e9 Publique<br \/>\n<a href=\"http:\/\/www.ehesp.fr\" target=\"_blank\" rel=\"nofollow noopener\"> www.ehesp.fr<\/a><br \/>\nAvenue du Professeur L\u00e9on-Bernard - CS 74312<br \/>\n35043 Rennes cedex, France<\/p>\n<p style=\"padding-left: 40px;\">Note : L'EHESP forme les cadres sup\u00e9rieurs de la sant\u00e9 et du secteur social : Pr\u00e9paration aux concours de la fonction publique, Directeur d'h\u00f4pital, Directeur d'\u00e9tablissement sanitaire, social et m\u00e9dico-social, Directeur des soins, Ing\u00e9nieur hospitalier, Inspecteur de l'action sanitaire et sociale, M\u00e9decin inspecteur de sant\u00e9 publique, Pharmacien inspecteur de sant\u00e9 publique, M\u00e9decin de l'\u00e9ducation nationale, M\u00e9decin inspecteur r\u00e9gional du travail, M\u00e9decin territorial, Ing\u00e9nieur statutaire du g\u00e9nie sanitaire, Ing\u00e9nieur d'\u00e9tudes sanitaires, Technicien sanitaire.<\/p>\n<p>Caisse Nationale d'Assurance Maladie<br \/>\n<a href=\"http:\/\/www.ameli.fr\" target=\"_blank\" rel=\"nofollow noopener\"> www.ameli.fr<\/a><br \/>\n50 avenue du Professeur Andr\u00e9-Lemierre<br \/>\n75986 Paris Cedex 20, France<\/p>\n<p>Union Nationale des Caisses d'Assurance Maladie<br \/>\n<a href=\"http:\/\/www.ameli.fr\/l-assurance-maladie\/connaitre-l-assurance-maladie\/missions-et-organisation\/l-uncam.php\" target=\"_blank\" rel=\"nofollow noopener\">www.ameli.fr\/l-assurance-maladie\/connaitre-l-assurance-maladie\/missions-et-organisation\/l-uncam.php<\/a><br \/>\n50 av Prof Andr\u00e9 Lemierre<br \/>\n75986 Paris Cedex 20, France<\/p>\n<p>Secr\u00e9tariat G\u00e9n\u00e9ral des Agences R\u00e9gionales de Sant\u00e9<br \/>\n<a href=\"http:\/\/www.ars.sante.fr\" target=\"_blank\" rel=\"nofollow noopener\"> www.ars.sante.fr<\/a><br \/>\n14 avenue Duquesne<br \/>\n75350 Paris 07 SP, France<\/p>\n<p>Haute Autorit\u00e9 de Sant\u00e9<br \/>\n<a href=\"http:\/\/www.has-sante.fr\" target=\"_blank\" rel=\"nofollow noopener\"> www.has-sante.fr<\/a><br \/>\n2 avenue du Stade de France<br \/>\n93218 Saint-Denis La Plaine Cedex, France<\/p>\n<p>Agence Nationale de S\u00e9curit\u00e9 du M\u00e9dicament<br \/>\n<a href=\"http:\/\/ansm.sante.fr\" target=\"_blank\" rel=\"nofollow noopener\"> ansm.sante.fr<\/a><br \/>\n143-147 boulevard Anatole France<br \/>\n93285 Saint-Denis Cedex, France<\/p>\n<p>Office National d'Indemnisation des Accidents M\u00e9dicaux<br \/>\n<a href=\"http:\/\/www.oniam.fr\" target=\"_blank\" rel=\"nofollow noopener\"> www.oniam.fr<\/a><br \/>\nTour Gallieni II, 36 avenue du G\u00e9n\u00e9ral de Gaulle<br \/>\n93 175 Bagnolet Cedex, France<\/p>\n<p>Autorit\u00e9 de Contr\u00f4le Prudentiel et de R\u00e9solution<br \/>\n(Ancienne Autorit\u00e9 de Contr\u00f4le des Assurances et des Mutuelles)<br \/>\n<a href=\"http:\/\/acpr.banque-france.fr\" rel=\"nofollow\">acpr.banque-france.fr<\/a><br \/>\n61 rue Taitbout<br \/>\n75436 Paris Cedex 09, France<\/p>\n<p>F\u00e9d\u00e9ration Fran\u00e7aise des Soci\u00e9t\u00e9s d'Assurances<br \/>\n<a href=\"http:\/\/www.ffsa.fr\" target=\"_blank\" rel=\"nofollow noopener\"> www.ffsa.fr<\/a><br \/>\n26 boulevard Haussmann<br \/>\n75311 Paris, France<\/p>\n<p>Groupement des Entreprises Mutuelles d'Assurance<br \/>\n<a href=\"http:\/\/www.gema.fr\" target=\"_blank\" rel=\"nofollow noopener\"> www.gema.fr<\/a><br \/>\n9 rue Saint-P\u00e9tersbourg<br \/>\n75008 Paris, France<\/p>\n<p>Acad\u00e9mie Nationale de M\u00e9decine<br \/>\n<a href=\"http:\/\/www.academie-medecine.fr\" target=\"_blank\" rel=\"nofollow noopener\"> www.academie-medecine.fr<\/a><br \/>\n16 rue Bonaparte<br \/>\n75006 Paris, France<\/p>\n<p>Conseil National de l'Ordre des M\u00e9decins<br \/>\n<a href=\"http:\/\/www.conseil-national.medecin.fr\" target=\"_blank\" rel=\"nofollow noopener\"> www.conseil-national.medecin.fr<\/a><br \/>\n180 boulevard Haussmann<br \/>\n75389 Paris Cedex 08, France<\/p>\n<p>Conseil National de l'Ordre des Chirurgiens-Dentistes<br \/>\n<a href=\"http:\/\/www.ordre-chirurgiens-dentistes.fr\" target=\"_blank\" rel=\"nofollow noopener\"> www.ordre-chirurgiens-dentistes.fr <\/a><br \/>\n22 rue \u00c9mile Menier<br \/>\n75016 Paris, France<\/p>\n<p>Conseil National de l'Ordre des Infirmiers<br \/>\n<a href=\"http:\/\/www.ordre-infirmiers.fr\" target=\"_blank\" rel=\"nofollow noopener\"> www.ordre-infirmiers.fr<\/a><br \/>\n228 rue du Faubourg Saint Martin<br \/>\n75010 Paris, France<\/p>\n<p>Conseil National de l'Ordre des Masseurs-Kin\u00e9sith\u00e9rapeutes<br \/>\n<a href=\"http:\/\/www.ordremk.fr\" target=\"_blank\" rel=\"nofollow noopener\"> www.ordremk.fr<\/a><br \/>\n120-122 rue R\u00e9aumur<br \/>\n75002 Paris, France<\/p>\n<p>Conseil National de l'Ordre des Pharmaciens<br \/>\n<a href=\"http:\/\/www.ordre.pharmacien.fr\" target=\"_blank\" rel=\"nofollow noopener\"> www.ordre.pharmacien.fr<\/a><br \/>\n4 avenue Ruysda\u00ebl<br \/>\n75379 Paris Cedex 08, France<\/p>\n<p>Acad\u00e9mie Nationale de Pharmacie<br \/>\n<a href=\"http:\/\/www.acadpharm.org\" target=\"_blank\" rel=\"nofollow noopener\"> www.acadpharm.org<\/a><br \/>\n4 avenue de l'Observatoire<br \/>\n75270 Paris Cedex 06, France<\/p>\n<p>Les entreprises du m\u00e9dicament<br \/>\n<a href=\"http:\/\/leem.org\" target=\"_blank\" rel=\"nofollow noopener\"> leem.org<\/a><br \/>\n88 rue de la Faisanderie<br \/>\n75116 Paris, France<\/p>\n<p>Collectif Inter associatif Sur la Sant\u00e9<br \/>\n<a href=\"http:\/\/www.leciss.org\" target=\"_blank\" rel=\"nofollow noopener\"> www.leciss.org<\/a><br \/>\n10, villa Bosquet<br \/>\n75007 Paris, France<\/p>\n<p>Association des M\u00e9decins Urgentistes de France<br \/>\n<a href=\"http:\/\/www.amuf.fr\" target=\"_blank\" rel=\"nofollow noopener\"> www.amuf.fr<\/a><br \/>\n14 rue V\u00e9sale<br \/>\n75005 Paris, France<\/p>\n<p>Samu de France<br \/>\n<a href=\"http:\/\/www.samu-de-france.fr\" target=\"_blank\" rel=\"nofollow noopener\"> www.samu-de-france.fr<\/a><br \/>\nCentre Hospitalier Ren\u00e9 Dubos, BP 79<br \/>\n95303 Pontoise Cedex, France<\/p>\n<p>Samu Social de Paris<br \/>\n<a href=\"http:\/\/www.samusocial.paris\" rel=\"nofollow\"> www.samusocial.paris<\/a><br \/>\n35 avenue Courteline<br \/>\n75012 Paris, France<\/p>\n<p>Union Fran\u00e7aise pour une M\u00e9decine Lib\u00e9rale<br \/>\n<a href=\"http:\/\/www.ufml.fr\" target=\"_blank\" rel=\"nofollow noopener\"> www.ufml.fr<\/a><br \/>\n29 Avenue Adrien Escudier<br \/>\n31620 Fronton, France<\/p>\n<p>Conf\u00e9rence Nationale des Unions R\u00e9gionales des Professionnels de Sant\u00e9 M\u00e9decins Lib\u00e9raux<br \/>\n<a href=\"http:\/\/www.urps-ml.org\" target=\"_blank\" rel=\"nofollow noopener\"> www.urps-ml.org <\/a><br \/>\n37 rue des Mathurins<br \/>\n75008 Paris, France<\/p>\n<p>Conf\u00e9d\u00e9ration des Syndicats des M\u00e9decins Lib\u00e9raux<br \/>\n<a href=\"http:\/\/www.csmf.org\" target=\"_blank\" rel=\"nofollow noopener\"> www.csmf.org<\/a><br \/>\n79 rue de Tocqueville<br \/>\n75017 Paris, France<\/p>\n<p>Syndicat des M\u00e9decins Lib\u00e9raux<br \/>\n<a href=\"http:\/\/www.lesml.org\" target=\"_blank\" rel=\"nofollow noopener\"> www.lesml.org<\/a><br \/>\n22 rue Vaugelas<br \/>\n75015 Paris, France<\/p>\n<p>F\u00e9d\u00e9ration des M\u00e9decins de France<br \/>\n<a href=\"http:\/\/www.fmfpro.org\" target=\"_blank\" rel=\"nofollow noopener\"> www.fmfpro.org<\/a><br \/>\n10 boulevard des fr\u00e8res Vigouroux<br \/>\n92140 Clamart, France<\/p>\n<p>F\u00e9d\u00e9ration Hospitali\u00e8re<br \/>\n<a href=\"http:\/\/www.fhf.fr\" target=\"_blank\" rel=\"nofollow noopener\"> www.fhf.fr<\/a><br \/>\n1bis rue Cabanis<br \/>\n75014 Paris, France<\/p>\n<p>Association des Directeurs d'H\u00f4pital<br \/>\n<a href=\"http:\/\/www.adh-asso.org\" target=\"_blank\" rel=\"nofollow noopener\"> www.adh-asso.org<\/a><br \/>\n5 avenue du Professeur L\u00e9on Bernard<br \/>\n35043 Rennes Cedex, France<\/p>\n<p>Conf\u00e9d\u00e9ration des Praticiens des H\u00f4pitaux<br \/>\n<a href=\"http:\/\/www.cphweb.info\" target=\"_blank\" rel=\"nofollow noopener\"> www.cphweb.info<\/a><br \/>\nCHU Polyclinique de Psychiatrie<br \/>\n34295 Montpellier, France<\/p>\n<p>Intersyndicat National des Praticiens Hospitaliers<br \/>\n<a href=\"http:\/\/www.inph.org\" target=\"_blank\" rel=\"nofollow noopener\"> www.inph.org<\/a><br \/>\n30 boulevard Pasteur<br \/>\n75015 Paris, France<\/p>\n<p>Syndicat National des Praticiens des H\u00f4pitaux Publics<br \/>\n<a href=\"http:\/\/www.snamhp.org\" target=\"_blank\" rel=\"nofollow noopener\"> www.snamhp.org<\/a><br \/>\n15 rue Ferdinand Duval<br \/>\n75004 Paris, France<\/p>\n<p>Coordination M\u00e9dicale Hospitali\u00e8re<br \/>\n<a href=\"http:\/\/www.cmh-hopital.org\" target=\"_blank\" rel=\"nofollow noopener\"> www.cmh-hopital.org<\/a><br \/>\n9-11 rue du T\u00e9l\u00e9graphe<br \/>\n75020 Paris, France<\/p>\n<p>Syndicat des Psychiatres Fran\u00e7ais<br \/>\n<a href=\"http:\/\/www.psychiatrie-francaise.com\/\" target=\"_blank\" rel=\"nofollow noopener\">www.psychiatrie-francaise.com<\/a><br \/>\n6 passage Abel Leblanc<br \/>\n75012 Paris, France<br \/>\nF\u00e9d\u00e9ration Fran\u00e7aise de Psychiatrie<br \/>\n<a href=\"http:\/\/www.psydoc-france.fr\/\" target=\"_blank\" rel=\"nofollow noopener\">www.psydoc-france.fr<\/a><br \/>\n26 bd Brune<br \/>\n75014 Paris, France<br \/>\nF\u00e9d\u00e9ration Fran\u00e7aise de Psychoth\u00e9rapie et de Psychanalyse<br \/>\n<a href=\"http:\/\/www.ff2p.fr\" target=\"_blank\" rel=\"nofollow noopener\">www.ff2p.fr<\/a><br \/>\n6 avenue du Maine<br \/>\n75015 Paris, France<\/p>\n<p>Association Psychanalytique de France<br \/>\n<a href=\"http:\/\/www.associationpsychanalytiquedefrance.org\" target=\"_blank\" rel=\"nofollow noopener\"> www.associationpsychanalytiquedefrance.org<\/a><br \/>\n24 Place Dauphine<br \/>\n75001 Paris, France<\/p>\n<p>Conf\u00e9d\u00e9ration Fran\u00e7aise de M\u00e9decine Traditionnelle Chinoise<br \/>\n<a href=\"http:\/\/www.cfmtc.fr\" target=\"_blank\" rel=\"nofollow noopener\"> www.cfmtc.fr<\/a><br \/>\nBP 30080<br \/>\n75622 Paris Cedex 13, France<\/p>\n<p>F\u00e9d\u00e9ration Nationale de M\u00e9decine Traditionnelle Chinoise<br \/>\n<a href=\"http:\/\/www.fnmtc.fr\" target=\"_blank\" rel=\"nofollow noopener\"> www.fnmtc.fr<\/a><br \/>\n7 rue Louis Pr\u00e9vel<br \/>\n06000 Nice, France<\/p>\n<p>Union Fran\u00e7aise des Professionnels de M\u00e9decine Traditionnelle Chinoise<br \/>\n<a href=\"http:\/\/www.ufpmtc.fr\" target=\"_blank\" rel=\"nofollow noopener\"> www.ufpmtc.fr<\/a><br \/>\nBP 294<br \/>\n75464 Paris Cedex 10, France<\/p>\n<p>F\u00e9d\u00e9ration des arts chinois de tai chi et chi kung<br \/>\nPas d'organsiation centarlis\u00e9es<br \/>\n<a href=\"https:\/\/www.google.fr\/search?q=f%C3%A9d%C3%A9ration+arts+chinois+tai+chi\" target=\"_blank\" rel=\"noopener\">www.google.fr\/search?q=f\u00e9d\u00e9ration+arts+chinois+tai+chi<\/a><br \/>\n<a href=\"https:\/\/www.google.fr\/search?q=association+internationale+tai+chi\" target=\"_blank\" rel=\"noopener\">www.google.fr\/search?q=association+internationale+tai+chi<\/a><\/p>\n<p>Union F\u00e9d\u00e9rale des Ost\u00e9opathes de France<br \/>\n<a href=\"http:\/\/www.osteofrance.com\" target=\"_blank\" rel=\"nofollow noopener\"> www.osteofrance.com<\/a><br \/>\nRue des Trois Capitaines<br \/>\n26400 Crest, France<br \/>\nAssociation du Conseil National du Registre des Ost\u00e9opathes de France<br \/>\n<a href=\"http:\/\/www.osteopathie.org\" target=\"_blank\" rel=\"nofollow noopener\"> www.osteopathie.org<\/a><br \/>\n8 rue Thales<br \/>\n33692 Merignac Cedex, France<\/p>\n<p>Syndicat Fran\u00e7ais des Ost\u00e9opathes<br \/>\n<a href=\"http:\/\/www.osteopathe-syndicat.fr\" target=\"_blank\" rel=\"nofollow noopener\"> www.osteopathe-syndicat.fr<\/a><br \/>\n13 rue Dulac<br \/>\n75015 Paris, France<\/p>\n<p>[<em>Coordonn\u00e9e censur\u00e9e<\/em>]<br \/>\nL'auteur d\u00e9conseille au lecteur n\u00e9cessitant des soins vert\u00e9braux d'entrer en contact avec cette organisation chiropratique qui repr\u00e9sente plus de la moiti\u00e9 des praticiens en France et dont un de ses membres a gravement et en toute impunit\u00e9 port\u00e9 atteinte \u00e0 son \u00e9tat de sant\u00e9 et \u00e0 sa vie. \u00c9tant donn\u00e9 qu'un praticien m\u00e9dical n'a th\u00e9oriquement obtenu son dipl\u00f4me que s'il a \u00e9t\u00e9 jug\u00e9 comp\u00e9tent par ses pairs, l'auteur recommande au lecteur de s'adresser :<\/p>\n<ul>\n<li>\u00c0 un m\u00e9decin g\u00e9n\u00e9raliste bienfaisant et fid\u00e8le \u00e0 son serment qui l'adressera certainement \u00e0 un kin\u00e9sith\u00e9rapeute ou \u00e0 un sp\u00e9cialiste ayant les m\u00eames qualit\u00e9s humaines.<\/li>\n<li>\u00c0 un docteur en m\u00e9decine vert\u00e9brale qualifi\u00e9, honn\u00eate, int\u00e8gre et habilit\u00e9 \u00e0 pratiquer la r\u00e9ductions des traumatismes locomoteurs, c'est-\u00e0-dire les d\u00e9grippages articulaires et les r\u00e9ajustement physiologiques des fonctions mobiles, vasculaires et nerveuses.<\/li>\n<li>\u00c0 la Soci\u00e9t\u00e9 Fran\u00e7aise de M\u00e9decine Manuelle Orthop\u00e9dique et Ost\u00e9opathique.<\/li>\n<li>\u00c0 la Soci\u00e9t\u00e9 Fran\u00e7aise de M\u00e9decine M\u00e9canique.<\/li>\n<\/ul>\n<p>[<em>Coordonn\u00e9e censur\u00e9e<\/em>]<br \/>\nL'auteur d\u00e9conseille de m\u00eame au lecteur de faire appel aux services de cette organisation pratiquant ill\u00e9galement la m\u00e9decine articulaire sous l'appellation frauduleuse de [censur\u00e9], car il a \u00e9t\u00e9 escroqu\u00e9 par son fondateur qui lui a mentit et il en a peut-\u00eatre subi des dommages corporels aux cons\u00e9quences ind\u00e9termin\u00e9s - il s'agit du fr\u00e8re d'un tr\u00e8s grand et r\u00e9put\u00e9 \u00e9diteur de livres de m\u00e9decine douce, de d\u00e9veloppement personnel, de spiritualit\u00e9, d'\u00e9sot\u00e9risme, d'alchimie, de symbolisme, de magie, de cartomancie, de voyance et autres arts divinatoires.<\/p>\n<\/p>","protected":false},"excerpt":{"rendered":"<p>Annuaire administratif : autorit\u00e9s sanitaires. <\/p>\n<p><span style=\"color:#333\"> &rarr; <a href=\"https:\/\/asherhaimhalevi.ordisoftware.com\/logical-proposition\/administrative-directory\/health-authorities\/\">Lire la suite<\/a><\/span><\/p>\n","protected":false},"author":1,"featured_media":0,"parent":234,"menu_order":15,"comment_status":"closed","ping_status":"closed","template":"","meta":[],"_links":{"self":[{"href":"https:\/\/asherhaimhalevi.ordisoftware.com\/wp-json\/wp\/v2\/pages\/748"}],"collection":[{"href":"https:\/\/asherhaimhalevi.ordisoftware.com\/wp-json\/wp\/v2\/pages"}],"about":[{"href":"https:\/\/asherhaimhalevi.ordisoftware.com\/wp-json\/wp\/v2\/types\/page"}],"author":[{"embeddable":true,"href":"https:\/\/asherhaimhalevi.ordisoftware.com\/wp-json\/wp\/v2\/users\/1"}],"replies":[{"embeddable":true,"href":"https:\/\/asherhaimhalevi.ordisoftware.com\/wp-json\/wp\/v2\/comments?post=748"}],"version-history":[{"count":0,"href":"https:\/\/asherhaimhalevi.ordisoftware.com\/wp-json\/wp\/v2\/pages\/748\/revisions"}],"up":[{"embeddable":true,"href":"https:\/\/asherhaimhalevi.ordisoftware.com\/wp-json\/wp\/v2\/pages\/234"}],"wp:attachment":[{"href":"https:\/\/asherhaimhalevi.ordisoftware.com\/wp-json\/wp\/v2\/media?parent=748"}],"curies":[{"name":"wp","href":"https:\/\/api.w.org\/{rel}","templated":true}]}}