{"id":749,"date":"2021-04-03T06:58:58","date_gmt":"2021-04-03T04:58:58","guid":{"rendered":"https:\/\/asherhaimhalevi.ordisoftware.com\/?page_id=749"},"modified":"2022-06-20T16:39:11","modified_gmt":"2022-06-20T14:39:11","slug":"political-organizations","status":"publish","type":"page","link":"https:\/\/asherhaimhalevi.ordisoftware.com\/logical-proposition\/administrative-directory\/political-organizations\/","title":{"rendered":"Organisations politiques"},"content":{"rendered":"<p style=\"margin-bottom:25px;\"><p><i>Par ordre habituellement reconnu de gauche \u00e0 droite des plus importantes formations. L'auteur demande au lecteur d'\u00eatre indulgent et de ne pas lui tenir rigueur d'un oubli ou d'une erreur qu'il peut lui signaler.<\/i><\/p>\n<p>Fondation Nationale des Sciences Politiques<br \/>\n<a href=\"http:\/\/www.sciencespo.fr\" target=\"_blank\" rel=\"nofollow noopener\"> www.sciencespo.fr<\/a><br \/>\n27 rue Saint-Guillaume<br \/>\n75337 Paris Cedex 07, France<\/p>\n<p>Le Guide du Pouvoir<br \/>\n<a href=\"http:\/\/www.leguidedupouvoir.fr\" target=\"_blank\" rel=\"nofollow noopener\"> www.leguidedupouvoir.fr <\/a><br \/>\n6, rue de Bellechasse<br \/>\n75007 Paris, France<\/p>\n<p>Parti Communiste<br \/>\n<a href=\"http:\/\/www.pcf.fr\" target=\"_blank\" rel=\"nofollow noopener\"> www.pcf.fr<\/a><br \/>\n2 Place du Colonel Fabien<br \/>\n75019 Paris, France<\/p>\n<p>Parti Radical de Gauche<br \/>\n<a href=\"http:\/\/www.planeteradicale.org\" target=\"_blank\" rel=\"nofollow noopener\"> www.planeteradicale.org<\/a><br \/>\n13 rue Duroc<br \/>\n75007 Paris, France<\/p>\n<p>Parti de Gauche<br \/>\n<a href=\"http:\/\/www.lepartidegauche.fr\" target=\"_blank\" rel=\"nofollow noopener\"> www.lepartidegauche.fr<\/a><br \/>\n20-22 rue Doudeauville<br \/>\n75018 Paris, France<\/p>\n<p>Parti Socialiste<br \/>\n<a href=\"http:\/\/www.parti-socialiste.fr\" target=\"_blank\" rel=\"nofollow noopener\"> www.parti-socialiste.fr<\/a><br \/>\n10 rue de Solferino<br \/>\n75333 Paris Cedex 07, France<\/p>\n<p>Europe \u00c9cologie Les Verts<br \/>\n<a href=\"http:\/\/www.eelv.fr\" target=\"_blank\" rel=\"nofollow noopener\"> www.eelv.fr<\/a><br \/>\n6 rue Chaudron<br \/>\n75010 Paris, France<\/p>\n<p>Mouvement R\u00e9publicain et Citoyen<br \/>\n<a href=\"http:\/\/www.mrc-france.org\" target=\"_blank\" rel=\"nofollow noopener\"> www.mrc-france.org<\/a><br \/>\n3 avenue de Corb\u00e9ra<br \/>\n75012 Paris, France<\/p>\n<p>Union des D\u00e9mocrates et Ind\u00e9pendants<br \/>\n<a href=\"http:\/\/www.parti-udi.fr\" target=\"_blank\" rel=\"nofollow noopener\"> www.parti-udi.fr<\/a><br \/>\n27 boulevard Raspail<br \/>\n75007 Paris, France<\/p>\n<p>Mouvement D\u00e9mocrate<br \/>\n<a href=\"http:\/\/www.mouvementdemocrate.fr\" target=\"_blank\" rel=\"nofollow noopener\"> www.mouvementdemocrate.fr<\/a><br \/>\n133 bis rue de l'Universit\u00e9<br \/>\n75007 Paris, France<\/p>\n<p>Parti Chr\u00e9tien-D\u00e9mocrate<br \/>\n<a href=\"http:\/\/lepcd.fr\" target=\"_blank\" rel=\"nofollow noopener\"> lepcd.fr<\/a><br \/>\n38 rue de Berri<br \/>\n75008 Paris, France<\/p>\n<p>Union pour un Mouvement Populaire<br \/>\n<a href=\"http:\/\/www.u-m-p.org\" target=\"_blank\" rel=\"nofollow noopener\"> www.u-m-p.org<\/a><br \/>\nTSA 41557<br \/>\n75901 Paris Cedex 15, France<\/p>\n<p>Mouvement pour la France<br \/>\n<a href=\"http:\/\/www.pourlafrance.fr\" target=\"_blank\" rel=\"nofollow noopener\"> www.pourlafrance.fr<\/a><br \/>\n33 avenue de S\u00e9gur<br \/>\n75007 Paris, France<\/p>\n<p>Ligue Sud<br \/>\n<a href=\"http:\/\/www.liguedusud.fr\" target=\"_blank\" rel=\"nofollow noopener\"> www.liguedusud.fr<\/a><br \/>\n574 Clos Cavalier la Blissone<br \/>\n84100 Orange, France<\/p>\n<p>Front National<br \/>\n<a href=\"http:\/\/www.frontnational.com\" target=\"_blank\" rel=\"nofollow noopener\"> www.frontnational.com<\/a><br \/>\n76-78 rue des Suisses<br \/>\n92000 Nanterre, France<\/p>\n<\/p>","protected":false},"excerpt":{"rendered":"<p>Annuaire administratif : organisations politiques. <\/p>\n<p><span style=\"color:#333\"> &rarr; <a href=\"https:\/\/asherhaimhalevi.ordisoftware.com\/logical-proposition\/administrative-directory\/political-organizations\/\">Lire la suite<\/a><\/span><\/p>\n","protected":false},"author":1,"featured_media":0,"parent":234,"menu_order":17,"comment_status":"closed","ping_status":"closed","template":"","meta":[],"_links":{"self":[{"href":"https:\/\/asherhaimhalevi.ordisoftware.com\/wp-json\/wp\/v2\/pages\/749"}],"collection":[{"href":"https:\/\/asherhaimhalevi.ordisoftware.com\/wp-json\/wp\/v2\/pages"}],"about":[{"href":"https:\/\/asherhaimhalevi.ordisoftware.com\/wp-json\/wp\/v2\/types\/page"}],"author":[{"embeddable":true,"href":"https:\/\/asherhaimhalevi.ordisoftware.com\/wp-json\/wp\/v2\/users\/1"}],"replies":[{"embeddable":true,"href":"https:\/\/asherhaimhalevi.ordisoftware.com\/wp-json\/wp\/v2\/comments?post=749"}],"version-history":[{"count":0,"href":"https:\/\/asherhaimhalevi.ordisoftware.com\/wp-json\/wp\/v2\/pages\/749\/revisions"}],"up":[{"embeddable":true,"href":"https:\/\/asherhaimhalevi.ordisoftware.com\/wp-json\/wp\/v2\/pages\/234"}],"wp:attachment":[{"href":"https:\/\/asherhaimhalevi.ordisoftware.com\/wp-json\/wp\/v2\/media?parent=749"}],"curies":[{"name":"wp","href":"https:\/\/api.w.org\/{rel}","templated":true}]}}