{"id":751,"date":"2021-04-03T06:59:45","date_gmt":"2021-04-03T04:59:45","guid":{"rendered":"https:\/\/asherhaimhalevi.ordisoftware.com\/?page_id=751"},"modified":"2021-04-06T13:05:06","modified_gmt":"2021-04-06T11:05:06","slug":"religious-organizations","status":"publish","type":"page","link":"https:\/\/asherhaimhalevi.ordisoftware.com\/logical-proposition\/administrative-directory\/religious-organizations\/","title":{"rendered":"Organisations religieuses"},"content":{"rendered":"<p style=\"margin-bottom:25px;\"><p><i>Par ordre historique officiel d'apparition des groupes majeurs influen\u00e7ant le cours de l'\u00e9volution humaine, et en particulier la vie de l'auteur, directement comme indirectement, avec bienveillance comme avec malveillance. Liste non repr\u00e9sentative des diverses branches d\u00e9riv\u00e9es. L'auteur demande au lecteur d'\u00eatre indulgent et de ne pas lui tenir rigueur d'un oubli ou d'une erreur qu'il peut lui signaler.<\/i><\/p>\n<p><i><a href=\"http:\/\/obediences.maconniques.fr\" target=\"_blank\" rel=\"nofollow noopener\">obediences.maconniques.fr<\/a><br \/>\n<\/i><i><a href=\"http:\/\/fr.wikipedia.org\/wiki\/Secte\" target=\"_blank\" rel=\"nofollow noopener\">fr.wikipedia.org\/wiki\/Secte<\/a><br \/>\n<\/i><i><a href=\"http:\/\/fr.wikipedia.org\/wiki\/Religion\" target=\"_blank\" rel=\"nofollow noopener\">fr.wikipedia.org\/wiki\/Religion<\/a><br \/>\n<\/i><i><a href=\"http:\/\/fr.wikipedia.org\/wiki\/Liste_des_religions_par_anciennet%C3%A9\" target=\"_blank\" rel=\"nofollow noopener\">fr.wikipedia.org\/wiki\/Liste_des_religions_par_anciennet\u00e9<\/a><br \/>\n<\/i><i><a href=\"https:\/\/fr.wikipedia.org\/wiki\/Portail:Religions_et_croyances\" target=\"_blank\" rel=\"noopener\">fr.wikipedia.org\/wiki\/Portail:Religions_et_croyances<\/a><br \/>\n<\/i><i><a href=\"http:\/\/fr.wikipedia.org\/wiki\/Commission_parlementaire_sur_les_sectes_en_France\" target=\"_blank\" rel=\"nofollow noopener\">fr.wikipedia.org\/wiki\/Commission_parlementaire_sur_les_sectes_en_France<\/a><\/i><\/p>\n<p>Tribunal Rabbinique de Paris<br \/>\n<a href=\"http:\/\/www.consistoire.org\" target=\"_blank\" rel=\"nofollow noopener\"> www.consistoire.org<\/a><br \/>\n17 rue Saint Georges<br \/>\n75009 Paris, France<\/p>\n<p>Neturei Karta<br \/>\n<a href=\"http:\/\/www.nkusa.org\/Foreign_Language\/French\/pamphlet3French.cfm\" target=\"_blank\" rel=\"nofollow noopener\">http:\/\/www.nkusa.org\/Foreign_Language\/French\/pamphlet3French.cfm<\/a><br \/>\nPO Box 1316<br \/>\nMonsey N.Y. 10952, \u00c9tats-Unis<\/p>\n<p>Hindouisme<br \/>\n<a href=\"https:\/\/www.google.fr\/search?q=hindouisme+france\" target=\"_blank\" rel=\"noopener\">www.google.fr\/search?q=hindouisme+france<\/a><br \/>\nPas d'autorit\u00e9 officielle<\/p>\n<p>Union Bouddhiste de France<br \/>\n<a href=\"http:\/\/www.bouddhisme-france.org\" target=\"_blank\" rel=\"nofollow noopener\"> www.bouddhisme-france.org<\/a><br \/>\nRoute de la Ceinture du Lac Daumesnil<br \/>\n75012 Paris, France<\/p>\n<p>Conf\u00e9rence des \u00c9v\u00eaques de France<br \/>\n<a href=\"http:\/\/www.eglise.catholique.fr\" target=\"_blank\" rel=\"nofollow noopener\"> www.eglise.catholique.fr<\/a><br \/>\n58 av Breteuil<br \/>\n75007 Paris, France<\/p>\n<p>Conseil Fran\u00e7ais du Culte Musulman<br \/>\n<a href=\"http:\/\/www.lecfcm.fr\" target=\"_blank\" rel=\"nofollow noopener\"> www.lecfcm.fr<\/a><br \/>\n270 rue Lecourbe<br \/>\n75015 Paris, France<\/p>\n<p>F\u00e9d\u00e9ration Protestante de France<br \/>\n<a href=\"http:\/\/www.protestants.org\" target=\"_blank\" rel=\"nofollow noopener\"> www.protestants.org<\/a><br \/>\n47 rue de Clichy<br \/>\n75311 Paris Cedex 09, France<\/p>\n<p>\u00c9glise Protestante Unie de France<br \/>\n<a href=\"http:\/\/www.eglise-protestante-unie.fr\/\" target=\"_blank\" rel=\"nofollow noopener\">www.eglise-protestante-unie.fr<\/a><br \/>\n47 rue de Clichy<br \/>\n75009 Paris, France<\/p>\n<p>Grande Loge de France<br \/>\n<a href=\"http:\/\/www.godf.org\" target=\"_blank\" rel=\"nofollow noopener\"> www.godf.org<\/a><br \/>\n16 rue Cadet<br \/>\n75009 Paris, France<\/p>\n<p>Grand Orient de France<br \/>\n<a href=\"http:\/\/www.gldf.org\" target=\"_blank\" rel=\"nofollow noopener\"> www.gldf.org<\/a><br \/>\n8 rue de puteaux<br \/>\n75017 Paris, France<\/p>\n<p>Rose+Croix<br \/>\n<a href=\"http:\/\/www.rose-croix.org\" target=\"_blank\" rel=\"nofollow noopener\"> www.rose-croix.org<\/a><br \/>\nCh\u00e2teau d'Omonville<br \/>\n27110 Le Tremblay, France<\/p>\n<p>\u00c9glise de J\u00e9sus-Christ des Saints des Derniers Jours (Mormons)<br \/>\n<a href=\"http:\/\/www.eglisedejesuschrist.fr\" target=\"_blank\" rel=\"nofollow noopener\"> www.eglisedejesuschrist.fr<\/a><br \/>\n23 rue 11 Novembre<br \/>\n78110 Le Vesinet, France<\/p>\n<p>T\u00e9moins de J\u00e9hovah de France<br \/>\n<a href=\"http:\/\/www.temoinsdejehovah.org\" target=\"_blank\" rel=\"nofollow noopener\"> www.temoinsdejehovah.org<\/a><br \/>\nBP 625<br \/>\n27406 Louviers Cedex, France<\/p>\n<p>Soci\u00e9t\u00e9 Th\u00e9osophique de France<br \/>\n<a href=\"http:\/\/www.theosophie-adyar.com\" target=\"_blank\" rel=\"nofollow noopener\"> www.theosophie-adyar.com<\/a><br \/>\n4 Square Rapp<br \/>\n75007 Paris, France<\/p>\n<p>Loge Unie des Th\u00e9osophes<br \/>\n<a href=\"http:\/\/www.theosophie.fr\/\" target=\"_blank\" rel=\"nofollow noopener\">www.theosophie.fr<\/a><br \/>\n11 bis rue Kepler<br \/>\n75116 Paris, France<\/p>\n<p>Ordre du Temple Oriental<br \/>\n<a href=\"http:\/\/www.oto-usa.org\" target=\"_blank\" rel=\"nofollow noopener\"> www.oto-usa.org<\/a><br \/>\nP.O. Box 20565<br \/>\nSeattle, WA 98102, \u00c9tats-Unis<\/p>\n<p>Anthroposophie<br \/>\n<a href=\"http:\/\/www.anthroposophie.fr\" target=\"_blank\" rel=\"nofollow noopener\"> www.anthroposophie.fr<\/a><br \/>\n2-4 rue de la Grande Chaumi\u00e8re<br \/>\n75006 Paris, France<\/p>\n<p>Rosicruciens Max Heindel<br \/>\n<a href=\"http:\/\/www.rosicrucien.org\" target=\"_blank\" rel=\"nofollow noopener\"> www.rosicrucien.org<\/a><br \/>\n13 rue Pascal<br \/>\n75005 Paris, France<\/p>\n<p>Fraternit\u00e9 Blanche Universelle<br \/>\n<a href=\"http:\/\/www.fbu.org\" target=\"_blank\" rel=\"nofollow noopener\"> www.fbu.org<\/a><br \/>\n2 Rue du belv\u00e9d\u00e8re de la Ronce<br \/>\n92310 S\u00e8vres, France<\/p>\n<p>Reiki<br \/>\n<a href=\"http:\/\/www.lafederationdereiki.org\" target=\"_blank\" rel=\"nofollow noopener\">www.lafederationdereiki.org<\/a><br \/>\n<a href=\"http:\/\/www.reiki-usui.org\" target=\"_blank\" rel=\"nofollow noopener\">www.reiki-usui.org<\/a><br \/>\n<a href=\"http:\/\/www.ffrt.fr\" target=\"_blank\" rel=\"nofollow noopener\">www.ffrt.fr<\/a><br \/>\n<a href=\"http:\/\/www.reiki.org\" target=\"_blank\" rel=\"nofollow noopener\">www.reiki.org<\/a><br \/>\nPas d'organisation dirigeante officielle<\/p>\n<p>Soka Gakkai<br \/>\n<a href=\"http:\/\/www.sgi.org\" target=\"_blank\" rel=\"nofollow noopener\">www.sgi.org<\/a><br \/>\n<a href=\"http:\/\/www.soka-bouddhisme.fr\" target=\"_blank\" rel=\"nofollow noopener\">www.soka-bouddhisme.fr<\/a><br \/>\n4 rue Raymond Gachelin, BP 4<br \/>\n92332 Sceaux Cedex, France<\/p>\n<p>Rose+Croix d'Or (Lectorium Rosicrucianum)<br \/>\n<a href=\"http:\/\/www.rose-croix-d-or.org\" target=\"_blank\" rel=\"nofollow noopener\"> www.rose-croix-d-or.org<\/a><br \/>\n30 rue G\u00e9n\u00e9ral Schramm<br \/>\n93120 La Courneuve, France<\/p>\n<p>\u00c9glise de Scientologie de Paris<br \/>\n<a href=\"http:\/\/www.scientologie-paris.org\" target=\"_blank\" rel=\"nofollow noopener\"> www.scientologie-paris.org<\/a><br \/>\n7 rue Jules C\u00e9sar<br \/>\n75012 Paris, France<\/p>\n<p>Wicca<br \/>\n<a href=\"http:\/\/www.paganfed.org\" target=\"_blank\" rel=\"nofollow noopener\"> www.paganfed.org<\/a><br \/>\nBM Box 7097<br \/>\nWC1N 3XX London, Royaume-Uni<\/p>\n<p>Osho International<br \/>\n<a href=\"http:\/\/www.osho.com\" target=\"_blank\" rel=\"nofollow noopener\"> www.osho.com<\/a><br \/>\n410 Park Avenue, 15th Floor<br \/>\nNew York, NY 10022, \u00c9tats-Unis<\/p>\n<p>Mouvement Raelien<br \/>\n<a href=\"http:\/\/fr.rael.org\" target=\"_blank\" rel=\"nofollow noopener\"> fr.rael.org<\/a><br \/>\nP.O. Box 225<br \/>\nCH-1211 Geneva 8, Suisse<br \/>\n\u00c9ditions Ariane<br \/>\n<a href=\"http:\/\/editions-ariane.com\/\" target=\"_blank\" rel=\"nofollow noopener\">editions-ariane.com<\/a><br \/>\n1217, avenue Bernard Ouest, Bureau 101<br \/>\nOutremont H2V 1V7, Qu\u00e9bec, Canada<\/p>\n<p>Forum104<br \/>\n<a href=\"http:\/\/www.forum104.org\/\" target=\"_blank\" rel=\"nofollow noopener\">www.forum104.org<\/a><br \/>\n104, rue de Vaugirard<br \/>\n75006 Paris, France<\/p>\n<\/p>","protected":false},"excerpt":{"rendered":"<p>Annuaire administratif : organisations politiques. <\/p>\n<p><span style=\"color:#333\"> &rarr; <a href=\"https:\/\/asherhaimhalevi.ordisoftware.com\/logical-proposition\/administrative-directory\/religious-organizations\/\">Lire la suite<\/a><\/span><\/p>\n","protected":false},"author":1,"featured_media":0,"parent":234,"menu_order":20,"comment_status":"closed","ping_status":"closed","template":"","meta":[],"_links":{"self":[{"href":"https:\/\/asherhaimhalevi.ordisoftware.com\/wp-json\/wp\/v2\/pages\/751"}],"collection":[{"href":"https:\/\/asherhaimhalevi.ordisoftware.com\/wp-json\/wp\/v2\/pages"}],"about":[{"href":"https:\/\/asherhaimhalevi.ordisoftware.com\/wp-json\/wp\/v2\/types\/page"}],"author":[{"embeddable":true,"href":"https:\/\/asherhaimhalevi.ordisoftware.com\/wp-json\/wp\/v2\/users\/1"}],"replies":[{"embeddable":true,"href":"https:\/\/asherhaimhalevi.ordisoftware.com\/wp-json\/wp\/v2\/comments?post=751"}],"version-history":[{"count":0,"href":"https:\/\/asherhaimhalevi.ordisoftware.com\/wp-json\/wp\/v2\/pages\/751\/revisions"}],"up":[{"embeddable":true,"href":"https:\/\/asherhaimhalevi.ordisoftware.com\/wp-json\/wp\/v2\/pages\/234"}],"wp:attachment":[{"href":"https:\/\/asherhaimhalevi.ordisoftware.com\/wp-json\/wp\/v2\/media?parent=751"}],"curies":[{"name":"wp","href":"https:\/\/api.w.org\/{rel}","templated":true}]}}