{"id":753,"date":"2021-04-03T07:00:08","date_gmt":"2021-04-03T05:00:08","guid":{"rendered":"https:\/\/asherhaimhalevi.ordisoftware.com\/?page_id=753"},"modified":"2021-04-06T13:05:13","modified_gmt":"2021-04-06T11:05:13","slug":"newspapers-television","status":"publish","type":"page","link":"https:\/\/asherhaimhalevi.ordisoftware.com\/logical-proposition\/administrative-directory\/newspapers-television\/","title":{"rendered":"Journaux et t\u00e9l\u00e9visions"},"content":{"rendered":"<p style=\"margin-bottom:25px;\"><p>Agence France Presse<br \/>\n<a href=\"http:\/\/www.afp.fr\" target=\"_blank\" rel=\"nofollow noopener\"> www.afp.fr<\/a><br \/>\n11-13 Place de la Bourse<br \/>\n75002 Paris, France<\/p>\n<p>Prescrire<br \/>\n<a href=\"http:\/\/www.prescrire.org\" target=\"_blank\" rel=\"nofollow noopener\"> www.prescrire.org<\/a><br \/>\n83 bd Voltaire<br \/>\n75558 Paris Cedex 11, France<\/p>\n<p>20 minutes<br \/>\n<a href=\"http:\/\/www.20minutes.fr\" target=\"_blank\" rel=\"nofollow noopener\"> www.20minutes.fr<\/a><br \/>\n50-52 Boulevard Haussmann<br \/>\n75009 Paris, France<\/p>\n<p>Le Canard Encha\u00een\u00e9<br \/>\n<a href=\"http:\/\/www.lecanardenchaine.fr\" target=\"_blank\" rel=\"nofollow noopener\"> www.lecanardenchaine.fr<\/a><br \/>\n173 rue Saint-Honor\u00e9<br \/>\n75051 Paris Cedex 01, France<\/p>\n<p>Courrier International<br \/>\n<a href=\"http:\/\/www.courrierinternational.com\" target=\"_blank\" rel=\"nofollow noopener\"> www.courrierinternational.com <\/a><br \/>\n6-8 rue Jean Antoine de Ba\u00eff<br \/>\n75212 Paris Cedex 13, France<\/p>\n<p>La Croix<br \/>\n<a href=\"http:\/\/www.la-croix.com\" target=\"_blank\" rel=\"nofollow noopener\"> www.la-croix.com<\/a><br \/>\n18 rue Barb\u00e8s<br \/>\n92128 Montrouge Cedex, France<\/p>\n<p>L'Express<br \/>\n<a href=\"http:\/\/www.lexpress.fr\" target=\"_blank\" rel=\"nofollow noopener\"> www.lexpress.fr<\/a><br \/>\n29 rue de Ch\u00e2teaudun<br \/>\n75308 Paris Cedex 09, France<\/p>\n<p>Le Figaro<br \/>\n<a href=\"http:\/\/www.lefigaro.fr\" target=\"_blank\" rel=\"nofollow noopener\"> www.lefigaro.fr<\/a><br \/>\n14 boulevard Haussman<br \/>\n75009 Paris, France<\/p>\n<p>L'Humanit\u00e9<br \/>\n<a href=\"http:\/\/www.humanite.fr\" target=\"_blank\" rel=\"nofollow noopener\"> www.humanite.fr<\/a><br \/>\nImmeuble Calliope, 5 rue Pleyel<br \/>\n93528 Saint-Denis Cedex, France<\/p>\n<p>Lib\u00e9ration<br \/>\n<a href=\"http:\/\/www.liberation.fr\" target=\"_blank\" rel=\"nofollow noopener\"> www.liberation.fr<\/a><br \/>\n11 rue B\u00e9ranger<br \/>\n75154 Paris Cedex 03, France<\/p>\n<p>Marianne<br \/>\n<a href=\"http:\/\/www.marianne.net\" target=\"_blank\" rel=\"nofollow noopener\"> www.marianne.net<\/a><br \/>\n32 rue Ren\u00e9 Boulanger<br \/>\n75484 Paris cedex 10, France<\/p>\n<p>Metro News<br \/>\n<a href=\"http:\/\/www.metronews.fr\" target=\"_blank\" rel=\"nofollow noopener\"> www.metronews.fr<\/a><br \/>\n35 rue Greneta<br \/>\n75002 Paris, France<\/p>\n<p>Midi Libre<br \/>\n<a href=\"http:\/\/www.midilibre.fr\" target=\"_blank\" rel=\"nofollow noopener\"> www.midilibre.fr<\/a><br \/>\nRue du Mas de Grille<br \/>\n34438 Saint Jean de V\u00e9das cedex, France<\/p>\n<p>Le Monde<br \/>\n<a href=\"http:\/\/www.lemonde.fr\" target=\"_blank\" rel=\"nofollow noopener\"> www.lemonde.fr<\/a><br \/>\n80 boulevard Auguste Blanqui<br \/>\n75707 Paris Cedex 13, France<\/p>\n<p>Le Parisien<br \/>\n<a href=\"http:\/\/www.leparisien.fr\" target=\"_blank\" rel=\"nofollow noopener\"> www.leparisien.fr<\/a><br \/>\n25 avenue Michelet<br \/>\n93408 Saint-Ouen Cedex, France<\/p>\n<p>Le Point<br \/>\n<a href=\"http:\/\/www.lepoint.fr\" target=\"_blank\" rel=\"nofollow noopener\"> www.lepoint.fr<\/a><br \/>\n74 avenue du Maine<br \/>\n75014 Paris, France<\/p>\n<p>VSD<br \/>\n<a href=\"http:\/\/www.vsd.fr\" target=\"_blank\" rel=\"nofollow noopener\"> www.vsd.fr<\/a><br \/>\n62066 Arras Cedex 9, France<\/p>\n<p>Le Nouvel Observateur<br \/>\n<a href=\"http:\/\/www.nouvelobs.com\" target=\"_blank\" rel=\"nofollow noopener\">www.nouvelobs.com<\/a><br \/>\nSciences et Avenir<br \/>\n<a href=\"http:\/\/sciencesetavenir.nouvelobs.com\" target=\"_blank\" rel=\"nofollow noopener\">sciencesetavenir.nouvelobs.com<\/a><br \/>\n10-12 place de la Bourse<br \/>\n75002 Paris, France<\/p>\n<p>Science &amp; Vie<br \/>\n<a href=\"http:\/\/www.science-et-vie.com\" target=\"_blank\" rel=\"nofollow noopener\"> www.science-et-vie.com<\/a><br \/>\n8 rue Fran\u00e7ois Ory<br \/>\n92543 Montrouge, France<\/p>\n<p>Pour la Science<br \/>\n<a href=\"http:\/\/www.pourlascience.fr\" target=\"_blank\" rel=\"nofollow noopener\"> www.pourlascience.fr<\/a><br \/>\n8 rue F\u00e9rou<br \/>\n75006 Paris, France<\/p>\n<p>TF1 - LCI<br \/>\n<a href=\"http:\/\/www.tf1.fr\" target=\"_blank\" rel=\"nofollow noopener\">www.tf1.fr<\/a><br \/>\n<a href=\"http:\/\/lci.tf1.fr\" target=\"_blank\" rel=\"nofollow noopener\">lci.tf1.fr<\/a><br \/>\n1 quai Point du Jour<br \/>\n92656 Boulogne Billancourt Cedex, France<\/p>\n<p>La Chaine Parlementaire<br \/>\n<a href=\"http:\/\/www.lcp.fr\/\" target=\"_blank\" rel=\"nofollow noopener\">www.lcp.fr<\/a><br \/>\n106 rue de l\u2019Universit\u00e9<br \/>\n75007 Paris, France<\/p>\n<p>France T\u00e9l\u00e9vision<br \/>\n<a href=\"http:\/\/www.francetelevisions.fr\" target=\"_blank\" rel=\"nofollow noopener\"> www.francetelevisions.fr <\/a><br \/>\n7 Esplanade Henri de France<br \/>\n75907 Paris Cedex 15, France<\/p>\n<p>Arte<br \/>\n<a href=\"http:\/\/www.arte.tv\" target=\"_blank\" rel=\"nofollow noopener\"> www.arte.tv<\/a><br \/>\n4 Quai du Chanoine Winterer, CS 20035<br \/>\n67080 Strasbourg Cedex, France<\/p>\n<p>M6 M\u00e9tropole T\u00e9l\u00e9vision<br \/>\n<a href=\"http:\/\/www.groupem6.fr\" target=\"_blank\" rel=\"nofollow noopener\"> www.groupem6.fr<\/a><br \/>\n89 av Charles de Gaulle<br \/>\n92200 Neuilly sur Seine, France<\/p>\n<p>Groupe Canal+ Vivendi Universal<br \/>\n<a href=\"http:\/\/www.canalplusgroupe.com\" target=\"_blank\" rel=\"nofollow noopener\"> www.canalplusgroupe.com<\/a><br \/>\n1 place Spectacle<br \/>\n92863 Issy les Moulineaux Cedex 9, France<\/p>\n<p>BFM<br \/>\n<a href=\"http:\/\/www.bfmtv.com\" target=\"_blank\" rel=\"nofollow noopener\"> www.bfmtv.com<\/a><br \/>\n12 rue Oradour sur Glane<br \/>\n75015 Paris, France<\/p>\n<p>Euronews<br \/>\n<a href=\"http:\/\/www.euronews.com\" target=\"_blank\" rel=\"nofollow noopener\"> www.euronews.com<\/a><br \/>\n60 chemin des Mouilles, BP 161<br \/>\n69131 Lyon Ecully Cedex, France<\/p>\n<p>I-T\u00e9l\u00e9<br \/>\n<a href=\"http:\/\/www.itele.fr\" target=\"_blank\" rel=\"nofollow noopener\"> www.itele.fr<\/a><br \/>\n42 avenue de Friedland<br \/>\n75008 Paris, France<\/p>\n<\/p>","protected":false},"excerpt":{"rendered":"<p>Annuaire administratif : journaux et t\u00e9l\u00e9visions. <\/p>\n<p><span style=\"color:#333\"> &rarr; <a href=\"https:\/\/asherhaimhalevi.ordisoftware.com\/logical-proposition\/administrative-directory\/newspapers-television\/\">Lire la suite<\/a><\/span><\/p>\n","protected":false},"author":1,"featured_media":0,"parent":234,"menu_order":23,"comment_status":"closed","ping_status":"closed","template":"","meta":[],"_links":{"self":[{"href":"https:\/\/asherhaimhalevi.ordisoftware.com\/wp-json\/wp\/v2\/pages\/753"}],"collection":[{"href":"https:\/\/asherhaimhalevi.ordisoftware.com\/wp-json\/wp\/v2\/pages"}],"about":[{"href":"https:\/\/asherhaimhalevi.ordisoftware.com\/wp-json\/wp\/v2\/types\/page"}],"author":[{"embeddable":true,"href":"https:\/\/asherhaimhalevi.ordisoftware.com\/wp-json\/wp\/v2\/users\/1"}],"replies":[{"embeddable":true,"href":"https:\/\/asherhaimhalevi.ordisoftware.com\/wp-json\/wp\/v2\/comments?post=753"}],"version-history":[{"count":0,"href":"https:\/\/asherhaimhalevi.ordisoftware.com\/wp-json\/wp\/v2\/pages\/753\/revisions"}],"up":[{"embeddable":true,"href":"https:\/\/asherhaimhalevi.ordisoftware.com\/wp-json\/wp\/v2\/pages\/234"}],"wp:attachment":[{"href":"https:\/\/asherhaimhalevi.ordisoftware.com\/wp-json\/wp\/v2\/media?parent=753"}],"curies":[{"name":"wp","href":"https:\/\/api.w.org\/{rel}","templated":true}]}}