{"id":754,"date":"2021-04-03T07:00:54","date_gmt":"2021-04-03T05:00:54","guid":{"rendered":"https:\/\/asherhaimhalevi.ordisoftware.com\/?page_id=754"},"modified":"2021-04-06T13:05:17","modified_gmt":"2021-04-06T11:05:17","slug":"various-addresses","status":"publish","type":"page","link":"https:\/\/asherhaimhalevi.ordisoftware.com\/logical-proposition\/administrative-directory\/various-addresses\/","title":{"rendered":"Adresses diverses"},"content":{"rendered":"<p style=\"margin-bottom:25px;\"><p><i>Pour information et culture g\u00e9n\u00e9rale.<\/i><\/p>\n<p>Annuaire du Service Public Fran\u00e7ais<br \/>\n<a href=\"http:\/\/lannuaire.service-public.fr\" target=\"_blank\" rel=\"nofollow noopener\"> lannuaire.service-public.fr<\/a><\/p>\n<p>Annuaire des Mairies (d\u00e9marches administratives et informations pratiques)<br \/>\n<a href=\"http:\/\/www.mairie.biz\" target=\"_blank\" rel=\"nofollow noopener\"> www.mairie.biz<\/a><\/p>\n<p>Annuaire des Acteurs du Social<br \/>\n<a href=\"http:\/\/www.ash.tm.fr\/mybdd\/html\/acteurs-du-social\/annuaire-des-acteurs-du-social.html\" rel=\"nofollow\">www.ash.tm.fr\/mybdd\/html\/acteurs-du-social\/annuaire-des-acteurs-du-social.html<\/a><\/p>\n<p>Exemple d'Annuaire des M\u00e9decines Non-r\u00e9glement\u00e9es<br \/>\nfaussement dites parall\u00e8les, alternatives ou douces<br \/>\n<a href=\"http:\/\/www.annuaire-therapeutes.com\" target=\"_blank\" rel=\"nofollow noopener\">www.annuaire-therapeutes.com<\/a><br \/>\n<a href=\"http:\/\/medecines.paralleles.free.fr\" target=\"_blank\" rel=\"nofollow noopener\">medecines.paralleles.free.fr<\/a><\/p>\n<p>Soci\u00e9t\u00e9 Internationale des Sciences Militaires<br \/>\n<a href=\"http:\/\/www.isofms.org\" target=\"_blank\" rel=\"nofollow noopener\"> www.isofms.org<\/a><br \/>\nRoyal Danish Defence College, Ryvangs All\u00e9 1<br \/>\n2100 Copenhagen, Danemark<\/p>\n<p>Agile Alliance<br \/>\n<a href=\"http:\/\/www.agilealliance.org\" target=\"_blank\" rel=\"nofollow noopener\"> www.agilealliance.org<\/a><br \/>\n6525 Idumea Rd.<br \/>\nCorryton, TN 37721, \u00c9tats-Unis<\/p>\n<p>Association Europ\u00e9enne pour l'\u00c9ducation Internationale<br \/>\n<a href=\"http:\/\/www.eaie.org\" target=\"_blank\" rel=\"nofollow noopener\"> www.eaie.org<\/a><br \/>\nPO Box 11189<br \/>\n1001 GD Amsterdam, Pays-Bas<\/p>\n<p>Association Internationale des Universit\u00e9s<br \/>\n<a href=\"http:\/\/www.iau-aiu.net\" target=\"_blank\" rel=\"nofollow noopener\">www.iau-aiu.net<\/a><br \/>\nConseil International des Mus\u00e9es<br \/>\n<a href=\"http:\/\/www.icom.museum\" target=\"_blank\" rel=\"nofollow noopener\">www.icom.museum<\/a><br \/>\nMaison de l'UNESCO, 1 rue Miollis<br \/>\n75732 Paris Cedex 15, France<\/p>\n<p>Association Internationale des \u00c9gyptologues<br \/>\n<a href=\"http:\/\/www.iae-egyptology.org\" target=\"_blank\" rel=\"nofollow noopener\"> www.iae-egyptology.org<\/a><br \/>\nJohannes Gutenberg-Universit\u00e4t Mainz<br \/>\nD-55099 Mainz, Germany<\/p>\n<p>Centre Fran\u00e7ais de Recherche sur le Renseignement<br \/>\n<a href=\"http:\/\/www.cf2r.org\" target=\"_blank\" rel=\"nofollow noopener\"> www.cf2r.org<\/a><br \/>\n17 Square Edouard VII<br \/>\n75009 Paris, France<\/p>\n<p>Association Internationale des Archives Francophones<br \/>\n<a href=\"http:\/\/www.aiaf.org\" target=\"_blank\" rel=\"nofollow noopener\"> www.aiaf.org<\/a><br \/>\nCase postale 10450, Succursale Sainte-Foy<br \/>\nQu\u00e9bec, Qu\u00e9bec, G1V 4N1, Canada<\/p>\n<p>Association Internationale des R\u00e9gions Francophones<br \/>\n<a href=\"http:\/\/www.regions-francophones.com\" target=\"_blank\" rel=\"nofollow noopener\"> www.regions-francophones.com<\/a><br \/>\n8 rue Paul Montrochet<br \/>\n69002 Lyon, France<\/p>\n<p>Association Internationale des Maires Francophones<br \/>\n<a href=\"http:\/\/www.aimf.asso.fr\" target=\"_blank\" rel=\"nofollow noopener\"> www.aimf.asso.fr<\/a><br \/>\n9 rue des Halles<br \/>\n75001 Paris, France<\/p>\n<p>Association Nationale des Maires de France<br \/>\n<a href=\"http:\/\/www.amf.asso.fr\" target=\"_blank\" rel=\"nofollow noopener\"> www.amf.asso.fr<\/a><br \/>\n41 quai d'Orsay<br \/>\n75343 Paris Cedex 07, France<\/p>\n<p>F\u00e9d\u00e9ration Internationale des Associations de Biblioth\u00e9caires<br \/>\n<a href=\"http:\/\/www.ifla.org\" target=\"_blank\" rel=\"nofollow noopener\"> www.ifla.org<\/a><br \/>\nPO Box 95312<br \/>\n2509 CH Den Haag, Netherlands<\/p>\n<p>F\u00e9d\u00e9ration Internationale des Associations des Producteurs de Films<br \/>\n<a href=\"http:\/\/www.fiapf.org\" target=\"_blank\" rel=\"nofollow noopener\"> www.fiapf.org<\/a><br \/>\n9 rue de l'\u00c9chelle<br \/>\n75001 Paris, France<\/p>\n<p>F\u00e9d\u00e9ration Internationale des Acteurs<br \/>\n<a href=\"http:\/\/www.fia-actors.com\" target=\"_blank\" rel=\"nofollow noopener\"> www.fia-actors.com<\/a><br \/>\n40 rue Joseph II b\/04<br \/>\n1000 Bruxelles, Belgique<\/p>\n<p>F\u00e9d\u00e9ration Internationale des Musiciens<br \/>\n<a href=\"http:\/\/www.fim-musicians.org\" target=\"_blank\" rel=\"nofollow noopener\"> www.fim-musicians.org<\/a><br \/>\n21 bis rue Victor Mass\u00e9<br \/>\n75009 Paris, France<\/p>\n<p>Association Internationale des Publicitaires<br \/>\n<a href=\"http:\/\/www.iaaglobal.org\" target=\"_blank\" rel=\"nofollow noopener\"> www.iaaglobal.org<\/a><br \/>\n275 Madison Avenue, Suite 2102<br \/>\nNew York, NY 10016, \u00c9tats-Unis<\/p>\n<p>F\u00e9d\u00e9ration Internationale des Journalistes<br \/>\n<a href=\"http:\/\/www.ifj.org\" target=\"_blank\" rel=\"nofollow noopener\"> www.ifj.org<\/a><br \/>\nIPC-R\u00e9sidence Palace, Bloc C, Rue de la Loi 155<br \/>\nB-1040 Bruxelles, Belgique<\/p>\n<p>Association Internationale des H\u00f4tels &amp; Restaurants<br \/>\n<a href=\"http:\/\/www.ih-ra.com\" target=\"_blank\" rel=\"nofollow noopener\"> www.ih-ra.com<\/a><br \/>\n42 Avenue General Guisan (Lausanne)<br \/>\n1009 Pully, Suisse<\/p>\n<p>Autorit\u00e9 de R\u00e9gulation des Communications \u00c9lectroniques et des Postes<br \/>\n<a href=\"http:\/\/www.arcep.fr\" target=\"_blank\" rel=\"nofollow noopener\"> www.arcep.fr<\/a><br \/>\n7 Square Max Hymans<br \/>\n75730 Paris Cedex 15, France<\/p>\n<p>Union Internationale des T\u00e9l\u00e9communications<br \/>\n<a href=\"http:\/\/www.itu.int\" target=\"_blank\" rel=\"nofollow noopener\"> www.itu.int<\/a><br \/>\nPlace des Nations<br \/>\n1211 Gen\u00e8ve 20, Suisse<\/p>\n<p>Association Fran\u00e7aise pour l'Information Scientifique<br \/>\n<a href=\"http:\/\/www.pseudo-sciences.org\/\" target=\"_blank\" rel=\"nofollow noopener\">www.pseudo-sciences.org<\/a><br \/>\n4 rue des Ar\u00e8nes<br \/>\n75005 Paris, France<\/p>\n<p>Institut National des Arts Divinatoires<br \/>\n<a href=\"http:\/\/www.inad.info\/\" target=\"_blank\" rel=\"nofollow noopener\">www.inad.info<\/a><br \/>\n8, rue de Nesle<br \/>\n75006 Paris, France<\/p>\n<\/p>","protected":false},"excerpt":{"rendered":"<p>Annuaire administratif : autorit\u00e9s s\u00e9curitaires. <\/p>\n<p><span style=\"color:#333\"> &rarr; <a href=\"https:\/\/asherhaimhalevi.ordisoftware.com\/logical-proposition\/administrative-directory\/various-addresses\/\">Lire la suite<\/a><\/span><\/p>\n","protected":false},"author":1,"featured_media":0,"parent":234,"menu_order":24,"comment_status":"closed","ping_status":"closed","template":"","meta":[],"_links":{"self":[{"href":"https:\/\/asherhaimhalevi.ordisoftware.com\/wp-json\/wp\/v2\/pages\/754"}],"collection":[{"href":"https:\/\/asherhaimhalevi.ordisoftware.com\/wp-json\/wp\/v2\/pages"}],"about":[{"href":"https:\/\/asherhaimhalevi.ordisoftware.com\/wp-json\/wp\/v2\/types\/page"}],"author":[{"embeddable":true,"href":"https:\/\/asherhaimhalevi.ordisoftware.com\/wp-json\/wp\/v2\/users\/1"}],"replies":[{"embeddable":true,"href":"https:\/\/asherhaimhalevi.ordisoftware.com\/wp-json\/wp\/v2\/comments?post=754"}],"version-history":[{"count":0,"href":"https:\/\/asherhaimhalevi.ordisoftware.com\/wp-json\/wp\/v2\/pages\/754\/revisions"}],"up":[{"embeddable":true,"href":"https:\/\/asherhaimhalevi.ordisoftware.com\/wp-json\/wp\/v2\/pages\/234"}],"wp:attachment":[{"href":"https:\/\/asherhaimhalevi.ordisoftware.com\/wp-json\/wp\/v2\/media?parent=754"}],"curies":[{"name":"wp","href":"https:\/\/api.w.org\/{rel}","templated":true}]}}