{"id":927,"date":"2021-04-04T07:09:15","date_gmt":"2021-04-04T05:09:15","guid":{"rendered":"https:\/\/asherhaimhalevi.ordisoftware.com\/?page_id=927"},"modified":"2022-08-23T00:35:29","modified_gmt":"2022-08-22T22:35:29","slug":"downloads","status":"publish","type":"page","link":"https:\/\/asherhaimhalevi.ordisoftware.com\/downloads\/","title":{"rendered":"T\u00e9l\u00e9chargements"},"content":{"rendered":"<p style=\"margin-bottom:25px;\"><p>Les nombres de t\u00e9l\u00e9chargements indiqu\u00e9s ne sont compt\u00e9s que depuis la migration depuis GoogleSites vers WordPress en avril 2021 ou depuis leur mise en ligne si post\u00e9rieurs, les statistiques ant\u00e9rieures depuis d\u00e9but 2012 n'\u00e9tant pas connues avec pr\u00e9cision, et les donn\u00e9es ne comptent pas les consultations des livres chez Google ni les commandes des versions papier.<\/p>\n<ul>\n<li><a href=\"https:\/\/asherhaimhalevi.ordisoftware.com\/works\/notice\/\">Recommandations<\/a><\/li>\n<li><a href=\"https:\/\/asherhaimhalevi.ordisoftware.com\/legal-notice\/licence\/\">Licence<\/a><\/li>\n<li><a href=\"https:\/\/asherhaimhalevi.ordisoftware.com\/works\/erratas\/\">Erratas<\/a><\/li>\n<\/ul>\n<p>Les <a href=\"https:\/\/asherhaimhalevi.ordisoftware.com\/works\/software\/\">logiciels de Torah<\/a> et les <a href=\"https:\/\/www.ordisoftware.com\/music\/\">musiques \u00e9lectroniques<\/a> se trouvent sur <a href=\"https:\/\/www.ordisoftware.com\/downloads\/\">Ordisoftware.com<\/a><\/p>\n<div style=\"margin-top: 15px;\" id=\"toc_container\" class=\"no_bullets\"><ul class=\"toc_list\"><li><a href=\"#Documents\"> Documents<\/a><\/li><li><a href=\"#Livres\"> Livres<\/a><\/li><li><a href=\"#Extraits\"> Extraits<\/a><\/li><li><a href=\"#Decodages\"> D\u00e9codages<\/a><\/li><li><a href=\"#Divers\"> Divers<\/a><\/li><\/ul><\/div>\n\n<h4 style=\"font-size:1.25em;margin-top:25px;margin-bottom:15px\" id=\"downloadcat-1\"><span id=\"Documents\"> Documents<\/span><\/h4><p style=\"margin-top:0px;margin-bottom:3px;margin-left:20px\">\r\n<img style=\"margin-bottom: 3px;vertical-align: middle\" src=\"\/wp-content\/plugins\/wp-downloadmanager\/images\/ext\/pdf.gif\" alt=\"\" title=\"\" \/>&nbsp;\r\n<strong><a href=\"https:\/\/asherhaimhalevi.ordisoftware.com\/?dl_name=Compilation d'articles sur le Copyright Trolling.pdf\">Compilation d'articles sur le Copyright Trolling<\/a><\/strong><br \/>\r\n<\/p>\r\n<p style=\"margin-left:45px;margin-top:0px;color:#555555;font-style:bold\">\r\n<small><i>\r\nTaille : 464,6 Kio<br \/>\r\nMise en ligne : 12 novembre 2022<br \/>\r\nMise \u00e0 jour : 15 novembre 2022<br \/>\r\nDernier t\u00e9l\u00e9chargement : 13 novembre 2022<br \/>\r\nT\u00e9l\u00e9chargements depuis avril 2021 ou mise en ligne : 5\r\n<\/i><\/small>\r\n<\/p>\r\n<p style=\"margin-left:45px;margin-top:-10px\">Le Troll du droit d'auteur rel\u00e8ve du phishing ou hame\u00e7onnage avec des fac-simil\u00e9s d'images diffus\u00e9es sur Internet en gardant les originaux pour de futures r\u00e9clamations d'indemnisations de masse : une pratique de mauvaise foi nuisible \u00e0 interdire selon les sp\u00e9cialistes<\/p><p style=\"margin-top:0px;margin-bottom:3px;margin-left:20px\">\r\n<img style=\"margin-bottom: 3px;vertical-align: middle\" src=\"\/wp-content\/plugins\/wp-downloadmanager\/images\/ext\/pdf.gif\" alt=\"\" title=\"\" \/>&nbsp;\r\n<strong><a href=\"https:\/\/asherhaimhalevi.ordisoftware.com\/?dl_name=Theorie-de-sante-aide-justice.pdf\">Th\u00e9orie de sant\u00e9-aide-justice<\/a><\/strong><br \/>\r\n<\/p>\r\n<p style=\"margin-left:45px;margin-top:0px;color:#555555;font-style:bold\">\r\n<small><i>\r\nTaille : 353,5 Kio<br \/>\r\nMise en ligne : 1 juin 2015<br \/>\r\nMise \u00e0 jour : 18 juin 2020<br \/>\r\nDernier t\u00e9l\u00e9chargement : 15 novembre 2022<br \/>\r\nT\u00e9l\u00e9chargements depuis avril 2021 ou mise en ligne : 87\r\n<\/i><\/small>\r\n<\/p>\r\n<p style=\"margin-left:45px;margin-top:-10px\">\u00c9tude du syst\u00e8me d'information \"Protection de la vie humaine\" ou critique de la privatisation, du lib\u00e9ralisme et du commerce ill\u00e9gal d'un service-public qui enfreint toute la loi en vigueur et engendre crimes, souffrances, conflits, mis\u00e8res... et donc dette publique puis ruine des peuples, des \u00e9lites, des dirigeants et des pays<\/p><h4 style=\"font-size:1.25em;margin-top:25px;margin-bottom:15px\" id=\"downloadcat-2\"><span id=\"Livres\"> Livres<\/span><\/h4><p style=\"margin-top:0px;margin-bottom:3px;margin-left:20px\">\r\n<img style=\"margin-bottom: 3px;vertical-align: middle\" src=\"\/wp-content\/plugins\/wp-downloadmanager\/images\/ext\/pdf.gif\" alt=\"\" title=\"\" \/>&nbsp;\r\n<strong><a href=\"https:\/\/asherhaimhalevi.ordisoftware.com\/?dl_name=Alphabet-hebreu-v1.pdf\">L'alphabet h\u00e9breu (premi\u00e8re \u00e9dition)<\/a><\/strong><br \/>\r\n<\/p>\r\n<p style=\"margin-left:45px;margin-top:0px;color:#555555;font-style:bold\">\r\n<small><i>\r\nTaille : 1,1 Mio<br \/>\r\nMise en ligne : 3 septembre 2019<br \/>\r\nMise \u00e0 jour : 3 septembre 2019<br \/>\r\nDernier t\u00e9l\u00e9chargement : 13 novembre 2022<br \/>\r\nT\u00e9l\u00e9chargements depuis avril 2021 ou mise en ligne : 94\r\n<\/i><\/small>\r\n<\/p>\r\n<p style=\"margin-left:45px;margin-top:-10px\">Texte int\u00e9gral<\/p><p style=\"margin-top:0px;margin-bottom:3px;margin-left:20px\">\r\n<img style=\"margin-bottom: 3px;vertical-align: middle\" src=\"\/wp-content\/plugins\/wp-downloadmanager\/images\/ext\/pdf.gif\" alt=\"\" title=\"\" \/>&nbsp;\r\n<strong><a href=\"https:\/\/asherhaimhalevi.ordisoftware.com\/?dl_name=Le-probleme-religieux-v1.pdf\">Le probl\u00e8me religieux (premi\u00e8re \u00e9dition)<\/a><\/strong><br \/>\r\n<\/p>\r\n<p style=\"margin-left:45px;margin-top:0px;color:#555555;font-style:bold\">\r\n<small><i>\r\nTaille : 3,0 Mio<br \/>\r\nMise en ligne : 28 f\u00e9vrier 2012<br \/>\r\nMise \u00e0 jour : 3 septembre 2019<br \/>\r\nDernier t\u00e9l\u00e9chargement : 8 novembre 2022<br \/>\r\nT\u00e9l\u00e9chargements depuis avril 2021 ou mise en ligne : 86\r\n<\/i><\/small>\r\n<\/p>\r\n<p style=\"margin-left:45px;margin-top:-10px\">Texte int\u00e9gral<\/p><p style=\"margin-top:0px;margin-bottom:3px;margin-left:20px\">\r\n<img style=\"margin-bottom: 3px;vertical-align: middle\" src=\"\/wp-content\/plugins\/wp-downloadmanager\/images\/ext\/zip.gif\" alt=\"\" title=\"\" \/>&nbsp;\r\n<strong><a href=\"https:\/\/asherhaimhalevi.ordisoftware.com\/?dl_name=Le-probleme-religieux-MP3.zip\">Le probl\u00e8me religieux MP3<\/a><\/strong><br \/>\r\n<\/p>\r\n<p style=\"margin-left:45px;margin-top:0px;color:#555555;font-style:bold\">\r\n<small><i>\r\nTaille : 450,9 Mio<br \/>\r\nMise en ligne : 30 ao\u00fbt 2019<br \/>\r\nMise \u00e0 jour : 30 ao\u00fbt 2019<br \/>\r\nDernier t\u00e9l\u00e9chargement : 9 novembre 2022<br \/>\r\nT\u00e9l\u00e9chargements depuis avril 2021 ou mise en ligne : 63\r\n<\/i><\/small>\r\n<\/p>\r\n<p style=\"margin-left:45px;margin-top:-10px\">Version audio de l'\u00e9bauche de la deuxi\u00e8me \u00e9dition<\/p><h4 style=\"font-size:1.25em;margin-top:25px;margin-bottom:15px\" id=\"downloadcat-3\"><span id=\"Extraits\"> Extraits<\/span><\/h4><p style=\"margin-top:0px;margin-bottom:3px;margin-left:20px\">\r\n<img style=\"margin-bottom: 3px;vertical-align: middle\" src=\"\/wp-content\/plugins\/wp-downloadmanager\/images\/ext\/pdf.gif\" alt=\"\" title=\"\" \/>&nbsp;\r\n<strong><a href=\"https:\/\/asherhaimhalevi.ordisoftware.com\/?dl_name=Le-probleme-religieux-v2-Extrait-Priere.pdf\">Le mental et la pri\u00e8re<\/a><\/strong><br \/>\r\n<\/p>\r\n<p style=\"margin-left:45px;margin-top:0px;color:#555555;font-style:bold\">\r\n<small><i>\r\nTaille : 497,4 Kio<br \/>\r\nMise en ligne : 27 avril 2020<br \/>\r\nMise \u00e0 jour : 27 avril 2020<br \/>\r\nDernier t\u00e9l\u00e9chargement : 8 novembre 2022<br \/>\r\nT\u00e9l\u00e9chargements depuis avril 2021 ou mise en ligne : 82\r\n<\/i><\/small>\r\n<\/p>\r\n<p style=\"margin-left:45px;margin-top:-10px\">Le mental et la pens\u00e9e selon le Ramhal et les Yoga Sutras avec un essai de traduction des versets Matthieu 6.5 \u00e0 13 selon un point de vue original<\/p><p style=\"margin-top:0px;margin-bottom:3px;margin-left:20px\">\r\n<img style=\"margin-bottom: 3px;vertical-align: middle\" src=\"\/wp-content\/plugins\/wp-downloadmanager\/images\/ext\/pdf.gif\" alt=\"\" title=\"\" \/>&nbsp;\r\n<strong><a href=\"https:\/\/asherhaimhalevi.ordisoftware.com\/?dl_name=Le-probleme-religieux-v2-Extrait-Kabalah-Pessah.pdf\">Pessa'h - La Kabalah de la lib\u00e9ration<\/a><\/strong><br \/>\r\n<\/p>\r\n<p style=\"margin-left:45px;margin-top:0px;color:#555555;font-style:bold\">\r\n<small><i>\r\nTaille : 843,6 Kio<br \/>\r\nMise en ligne : 8 avril 2020<br \/>\r\nMise \u00e0 jour : 3 mars 2022<br \/>\r\nDernier t\u00e9l\u00e9chargement : 13 novembre 2022<br \/>\r\nT\u00e9l\u00e9chargements depuis avril 2021 ou mise en ligne : 138\r\n<\/i><\/small>\r\n<\/p>\r\n<p style=\"margin-left:45px;margin-top:-10px\">La sortie de Mitsra\u00efm ou la lib\u00e9ration de l'ignorance et de l'esclavage est le fondement du but de Pessa'h via l'expatriation spirituelle depuis le monde des mensonges et des illusions ou Maya vers le monde du vrai et de la bienveillance ou Brahma gr\u00e2ce \u00e0 la science dite sacr\u00e9e<\/p><p style=\"margin-top:0px;margin-bottom:3px;margin-left:20px\">\r\n<img style=\"margin-bottom: 3px;vertical-align: middle\" src=\"\/wp-content\/plugins\/wp-downloadmanager\/images\/ext\/pdf.gif\" alt=\"\" title=\"\" \/>&nbsp;\r\n<strong><a href=\"https:\/\/asherhaimhalevi.ordisoftware.com\/?dl_name=Sefirot-v1-Extrait-Dix-Etapes-Liberation.pdf\">Pessa'h - Les dix \u00e9tapes de l'\u00e9volution<\/a><\/strong><br \/>\r\n<\/p>\r\n<p style=\"margin-left:45px;margin-top:0px;color:#555555;font-style:bold\">\r\n<small><i>\r\nTaille : 634,6 Kio<br \/>\r\nMise en ligne : 8 avril 2020<br \/>\r\nMise \u00e0 jour : 27 f\u00e9vrier 2022<br \/>\r\nDernier t\u00e9l\u00e9chargement : 8 novembre 2022<br \/>\r\nT\u00e9l\u00e9chargements depuis avril 2021 ou mise en ligne : 105\r\n<\/i><\/small>\r\n<\/p>\r\n<p style=\"margin-left:45px;margin-top:-10px\">Pessa'h et la sortie de Mitsra\u00efm en dix phases pour la lib\u00e9ration des illusions et des mensonges gr\u00e2ce \u00e0 l'alliance du rachat du premier n\u00e9 pour les suivants ou \u00e0 l'aide de la fille du pharaon afin de ne pas se laisser submerger par le grand fleuve du monde majoritairement compos\u00e9 d'oeuvres trompeuses et afin d'y r\u00e9pandre de l'authenticit\u00e9<\/p><h4 style=\"font-size:1.25em;margin-top:25px;margin-bottom:15px\" id=\"downloadcat-4\"><span id=\"Decodages\"> D\u00e9codages<\/span><\/h4><p style=\"margin-top:0px;margin-bottom:3px;margin-left:20px\">\r\n<img style=\"margin-bottom: 3px;vertical-align: middle\" src=\"\/wp-content\/plugins\/wp-downloadmanager\/images\/ext\/pdf.gif\" alt=\"\" title=\"\" \/>&nbsp;\r\n<strong><a href=\"https:\/\/asherhaimhalevi.ordisoftware.com\/?dl_name=Alliance-v1-Extrait-Evangile-YHVH.pdf\">L'\u00c9vangile de YHVH<\/a><\/strong><br \/>\r\n<\/p>\r\n<p style=\"margin-left:45px;margin-top:0px;color:#555555;font-style:bold\">\r\n<small><i>\r\nTaille : 533,5 Kio<br \/>\r\nMise en ligne : 21 d\u00e9cembre 2019<br \/>\r\nMise \u00e0 jour : 21 d\u00e9cembre 2019<br \/>\r\nDernier t\u00e9l\u00e9chargement : 9 novembre 2022<br \/>\r\nT\u00e9l\u00e9chargements depuis avril 2021 ou mise en ligne : 92\r\n<\/i><\/small>\r\n<\/p>\r\n<p style=\"margin-left:45px;margin-top:-10px\">Essai de traduction et commentaire des premiers versets de chaque \u00e9vangile \u00e0 la lumi\u00e8re des premiers versets du Quran et selon une approche physicaliste de la Torah<\/p><p style=\"margin-top:0px;margin-bottom:3px;margin-left:20px\">\r\n<img style=\"margin-bottom: 3px;vertical-align: middle\" src=\"\/wp-content\/plugins\/wp-downloadmanager\/images\/ext\/pdf.gif\" alt=\"\" title=\"\" \/>&nbsp;\r\n<strong><a href=\"https:\/\/asherhaimhalevi.ordisoftware.com\/?dl_name=Alliance-v1-Extrait-Regle-31-de-Salomon.pdf\">S\u00e9fer Mishlei - La r\u00e8gle 31 de Salomon<\/a><\/strong><br \/>\r\n<\/p>\r\n<p style=\"margin-left:45px;margin-top:0px;color:#555555;font-style:bold\">\r\n<small><i>\r\nTaille : 777,7 Kio<br \/>\r\nMise en ligne : 2 mars 2020<br \/>\r\nMise \u00e0 jour : 2 mars 2020<br \/>\r\nDernier t\u00e9l\u00e9chargement : 9 novembre 2022<br \/>\r\nT\u00e9l\u00e9chargements depuis avril 2021 ou mise en ligne : 85\r\n<\/i><\/small>\r\n<\/p>\r\n<p style=\"margin-left:45px;margin-top:-10px\">Traduction et commentaire du chapitre 31 des Proverbes ou Mishlei ou Mashali relatif au don de la Torah<\/p><p style=\"margin-top:0px;margin-bottom:3px;margin-left:20px\">\r\n<img style=\"margin-bottom: 3px;vertical-align: middle\" src=\"\/wp-content\/plugins\/wp-downloadmanager\/images\/ext\/pdf.gif\" alt=\"\" title=\"\" \/>&nbsp;\r\n<strong><a href=\"https:\/\/asherhaimhalevi.ordisoftware.com\/?dl_name=Le-probleme-religieux-v2-Extrait-Tehilim-3.pdf\">S\u00e9fer T\u00e9hilim - Chant n\u00b0 003<\/a><\/strong><br \/>\r\n<\/p>\r\n<p style=\"margin-left:45px;margin-top:0px;color:#555555;font-style:bold\">\r\n<small><i>\r\nTaille : 191,7 Kio<br \/>\r\nMise en ligne : 7 juin 2022<br \/>\r\nMise \u00e0 jour : 7 juin 2022<br \/>\r\nDernier t\u00e9l\u00e9chargement : 8 novembre 2022<br \/>\r\nT\u00e9l\u00e9chargements depuis avril 2021 ou mise en ligne : 56\r\n<\/i><\/small>\r\n<\/p>\r\n<p style=\"margin-left:45px;margin-top:-10px\">Traduction et commentaire d'un po\u00e8me relatif \u00e0 la b\u00e9n\u00e9diction d'HaShem qui est la d\u00e9livrance de l'oppression et du m\u00e9pris caus\u00e9s par les m\u00e9chants<\/p><p style=\"margin-top:0px;margin-bottom:3px;margin-left:20px\">\r\n<img style=\"margin-bottom: 3px;vertical-align: middle\" src=\"\/wp-content\/plugins\/wp-downloadmanager\/images\/ext\/pdf.gif\" alt=\"\" title=\"\" \/>&nbsp;\r\n<strong><a href=\"https:\/\/asherhaimhalevi.ordisoftware.com\/?dl_name=Le-probleme-religieux-v2-Extrait-Tehilim-20.pdf\">S\u00e9fer T\u00e9hilim - Chant n\u00b0 020<\/a><\/strong><br \/>\r\n<\/p>\r\n<p style=\"margin-left:45px;margin-top:0px;color:#555555;font-style:bold\">\r\n<small><i>\r\nTaille : 272,4 Kio<br \/>\r\nMise en ligne : 15 avril 2022<br \/>\r\nMise \u00e0 jour : 15 avril 2022<br \/>\r\nDernier t\u00e9l\u00e9chargement : 14 novembre 2022<br \/>\r\nT\u00e9l\u00e9chargements depuis avril 2021 ou mise en ligne : 88\r\n<\/i><\/small>\r\n<\/p>\r\n<p style=\"margin-left:45px;margin-top:-10px\">Traduction et commentaire d'un po\u00e8me relatif \u00e0 une synth\u00e8se de la kabalah de Pessa'h<\/p><p style=\"margin-top:0px;margin-bottom:3px;margin-left:20px\">\r\n<img style=\"margin-bottom: 3px;vertical-align: middle\" src=\"\/wp-content\/plugins\/wp-downloadmanager\/images\/ext\/pdf.gif\" alt=\"\" title=\"\" \/>&nbsp;\r\n<strong><a href=\"https:\/\/asherhaimhalevi.ordisoftware.com\/?dl_name=Le-probleme-religieux-v2-Extrait-Tehilim-91.pdf\">S\u00e9fer T\u00e9hilim - Chant n\u00b0 091<\/a><\/strong><br \/>\r\n<\/p>\r\n<p style=\"margin-left:45px;margin-top:0px;color:#555555;font-style:bold\">\r\n<small><i>\r\nTaille : 247,8 Kio<br \/>\r\nMise en ligne : 29 octobre 2022<br \/>\r\nMise \u00e0 jour : 29 octobre 2022<br \/>\r\nDernier t\u00e9l\u00e9chargement : 13 novembre 2022<br \/>\r\nT\u00e9l\u00e9chargements depuis avril 2021 ou mise en ligne : 7\r\n<\/i><\/small>\r\n<\/p>\r\n<p style=\"margin-left:45px;margin-top:-10px\">Traduction et commentaire d'un po\u00e8me relatif au pouvoir et \u00e0 la protection de l'\u00e9tude de la Torah<\/p><p style=\"margin-top:0px;margin-bottom:3px;margin-left:20px\">\r\n<img style=\"margin-bottom: 3px;vertical-align: middle\" src=\"\/wp-content\/plugins\/wp-downloadmanager\/images\/ext\/pdf.gif\" alt=\"\" title=\"\" \/>&nbsp;\r\n<strong><a href=\"https:\/\/asherhaimhalevi.ordisoftware.com\/?dl_name=L'alliance-v1-Extrait-Tehilim-121.pdf\">S\u00e9fer T\u00e9hilim - Chant n\u00b0 121<\/a><\/strong><br \/>\r\n<\/p>\r\n<p style=\"margin-left:45px;margin-top:0px;color:#555555;font-style:bold\">\r\n<small><i>\r\nTaille : 207,4 Kio<br \/>\r\nMise en ligne : 29 octobre 2022<br \/>\r\nMise \u00e0 jour : 29 octobre 2022<br \/>\r\nDernier t\u00e9l\u00e9chargement : 8 novembre 2022<br \/>\r\nT\u00e9l\u00e9chargements depuis avril 2021 ou mise en ligne : 4\r\n<\/i><\/small>\r\n<\/p>\r\n<p style=\"margin-left:45px;margin-top:-10px\">Traduction et commentaire d'un po\u00e8me relatif aux fian\u00e7ailles h\u00e9bra\u00efques<\/p><p style=\"margin-top:0px;margin-bottom:3px;margin-left:20px\">\r\n<img style=\"margin-bottom: 3px;vertical-align: middle\" src=\"\/wp-content\/plugins\/wp-downloadmanager\/images\/ext\/pdf.gif\" alt=\"\" title=\"\" \/>&nbsp;\r\n<strong><a href=\"https:\/\/asherhaimhalevi.ordisoftware.com\/?dl_name=L'alliance-v1-Extrait-Tehilim-150.pdf\">S\u00e9fer T\u00e9hilim - Chant n\u00b0 150<\/a><\/strong><br \/>\r\n<\/p>\r\n<p style=\"margin-left:45px;margin-top:0px;color:#555555;font-style:bold\">\r\n<small><i>\r\nTaille : 160,4 Kio<br \/>\r\nMise en ligne : 29 octobre 2022<br \/>\r\nMise \u00e0 jour : 29 octobre 2022<br \/>\r\nDernier t\u00e9l\u00e9chargement : 8 novembre 2022<br \/>\r\nT\u00e9l\u00e9chargements depuis avril 2021 ou mise en ligne : 4\r\n<\/i><\/small>\r\n<\/p>\r\n<p style=\"margin-left:45px;margin-top:-10px\">Traduction et commentaire d'un po\u00e8me relatif au couple h\u00e9breu<\/p><h4 style=\"font-size:1.25em;margin-top:25px;margin-bottom:15px\" id=\"downloadcat-5\"><span id=\"Divers\"> Divers<\/span><\/h4><p style=\"margin-top:0px;margin-bottom:3px;margin-left:20px\">\r\n<img style=\"margin-bottom: 3px;vertical-align: middle\" src=\"\/wp-content\/plugins\/wp-downloadmanager\/images\/ext\/pdf.gif\" alt=\"\" title=\"\" \/>&nbsp;\r\n<strong><a href=\"https:\/\/asherhaimhalevi.ordisoftware.com\/?dl_name=Addenda-pour-les-pitres-et-les-pitresses-1.pdf\">Addenda 1 : la repr\u00e9sentation<\/a><\/strong><br \/>\r\n<\/p>\r\n<p style=\"margin-left:45px;margin-top:0px;color:#555555;font-style:bold\">\r\n<small><i>\r\nTaille : 3,5 Mio<br \/>\r\nMise en ligne : 14 ao\u00fbt 2022<br \/>\r\nMise \u00e0 jour : 10 novembre 2022<br \/>\r\nDernier t\u00e9l\u00e9chargement : 13 novembre 2022<br \/>\r\nT\u00e9l\u00e9chargements depuis avril 2021 ou mise en ligne : 48\r\n<\/i><\/small>\r\n<\/p>\r\n<p style=\"margin-left:45px;margin-top:-10px\">Roman pour les pitres et les pitresses du ninternet des rabbins<br>Texte seul au format A4 couleur en 286 pages<\/p><p style=\"margin-top:0px;margin-bottom:3px;margin-left:20px\">\r\n<img style=\"margin-bottom: 3px;vertical-align: middle\" src=\"\/wp-content\/plugins\/wp-downloadmanager\/images\/ext\/pdf.gif\" alt=\"\" title=\"\" \/>&nbsp;\r\n<strong><a href=\"https:\/\/asherhaimhalevi.ordisoftware.com\/?dl_name=Addenda-pour-les-pitres-et-les-pitresses-2.pdf\">Addenda 2 : les coulisses<\/a><\/strong><br \/>\r\n<\/p>\r\n<p style=\"margin-left:45px;margin-top:0px;color:#555555;font-style:bold\">\r\n<small><i>\r\nTaille : 8,3 Mio<br \/>\r\nMise en ligne : 30 octobre 2022<br \/>\r\nMise \u00e0 jour : 10 novembre 2022<br \/>\r\nDernier t\u00e9l\u00e9chargement : 11 novembre 2022<br \/>\r\nT\u00e9l\u00e9chargements depuis avril 2021 ou mise en ligne : 5\r\n<\/i><\/small>\r\n<\/p>\r\n<p style=\"margin-left:45px;margin-top:-10px\">Roman pour les pitres et les pitresses du ninternet des rabbins<br>Texte seul au format A4 couleur en 248 pages<\/p>\n<\/p>","protected":false},"excerpt":{"rendered":"<p>T\u00e9l\u00e9chargements des documents, livres, extraits et MP3. <\/p>\n<p><span style=\"color:#333\"> &rarr; <a href=\"https:\/\/asherhaimhalevi.ordisoftware.com\/downloads\/\">Lire la suite<\/a><\/span><\/p>\n","protected":false},"author":1,"featured_media":0,"parent":0,"menu_order":73,"comment_status":"closed","ping_status":"closed","template":"","meta":[],"_links":{"self":[{"href":"https:\/\/asherhaimhalevi.ordisoftware.com\/wp-json\/wp\/v2\/pages\/927"}],"collection":[{"href":"https:\/\/asherhaimhalevi.ordisoftware.com\/wp-json\/wp\/v2\/pages"}],"about":[{"href":"https:\/\/asherhaimhalevi.ordisoftware.com\/wp-json\/wp\/v2\/types\/page"}],"author":[{"embeddable":true,"href":"https:\/\/asherhaimhalevi.ordisoftware.com\/wp-json\/wp\/v2\/users\/1"}],"replies":[{"embeddable":true,"href":"https:\/\/asherhaimhalevi.ordisoftware.com\/wp-json\/wp\/v2\/comments?post=927"}],"version-history":[{"count":0,"href":"https:\/\/asherhaimhalevi.ordisoftware.com\/wp-json\/wp\/v2\/pages\/927\/revisions"}],"wp:attachment":[{"href":"https:\/\/asherhaimhalevi.ordisoftware.com\/wp-json\/wp\/v2\/media?parent=927"}],"curies":[{"name":"wp","href":"https:\/\/api.w.org\/{rel}","templated":true}]}}